v0 0.052861 -0.119045 0.00441558
v1 0.054561 -0.11048 0.00299123
v2 0.0858678 -0.109891 0.000784132
v3 0.0543092 -0.110474 0.00308313
v4 0.0644285 -0.110723 0.000102828
v5 0.0543097 -0.110609 0.00309432
v6 0.0646875 -0.110858 4.97609e-05
v7 0.0645574 -0.110858 8.09047e-05
v8 0.0768035 -0.101297 3.1607e-05
v9 0.0642963 -0.110859 0.000140678
v10 0.0885839 -0.112107 0.00157124
v11 0.0654683 -0.110992 -0.000123874
v12 0.0653371 -0.110993 -9.56106e-05
v13 0.081213 -0.105427 -6.92452e-05
v14 0.0650781 -0.110992 -3.03218e-05
v15 0.0821464 -0.105755 0.000111943
v16 0.0779551 -0.132474 0.00491684
v17 0.0838869 -0.107851 0.000344276
v18 0.0767409 -0.10084 0.000184123
v19 0.0855286 -0.10836 0.000823171
v20 0.0822966 -0.105881 0.000137595
v21 0.0849386 -0.109009 0.000555107
v22 0.0640359 -0.110994 0.00021489
v23 0.0657307 -0.111125 -0.000167108
v24 0.0655987 -0.111126 -0.000141279
v25 0.0837352 -0.106424 0.000496685
v26 0.0653378 -0.111127 -8.10533e-05
v27 0.0843381 -0.10823 0.000421827
v28 0.0650771 -0.111127 -2.04663e-05
v29 0.0649472 -0.111127 1.12241e-05
v30 0.064817 -0.111128 4.20308e-05
v31 0.0766131 -0.1007 0.000211494
v32 0.0645569 -0.111128 0.000104614
v33 0.0824391 -0.106012 0.000145742
v34 0.0642977 -0.111127 0.000169358
v35 0.0844598 -0.108644 0.000416433
v36 0.0602276 -0.111153 0.00103509
v37 0.082507 -0.106867 6.57277e-05
v38 0.0599721 -0.11115 0.001111
v39 0.0803924 -0.104488 -5.65292e-05
v40 0.0597173 -0.111147 0.00118934
v41 0.0777486 -0.102244 -3.5325e-05
v42 0.0594644 -0.111142 0.00127283
v43 0.0539306 -0.111008 0.00325629
v44 0.0851847 -0.109835 0.000551419
v45 0.0536777 -0.111002 0.00334497
v46 0.0855155 -0.109937 0.000652761
v47 0.084794 -0.108743 0.000525963
v48 0.0856976 -0.108341 0.00087272
v49 0.0836375 -0.107161 0.000358956
v50 0.0766548 -0.100535 0.000296292
v51 0.0885681 -0.118964 0.00207138
v52 0.0855675 -0.109501 0.000717986
v53 0.0854072 -0.109379 0.000670635
v54 0.0508736 -0.102216 0.00649656
v55 0.0833071 -0.107061 0.000256843
v56 0.0849504 -0.108866 0.000564838
v57 0.083139 -0.107081 0.000207024
v58 0.0804853 -0.104022 0.000110587
v59 0.0797332 -0.103667 9.68172e-06
v60 0.0844458 -0.108788 0.00040148
v61 0.0449381 -0.107818 0.0073632
v62 0.0841891 -0.108103 0.000399095
v63 0.0784149 -0.102925 -0.000102414
v64 0.0888269 -0.11416 0.00171735
v65 0.0694691 -0.100372 0.000387804
v66 0.0655975 -0.111396 -0.000119082
v67 0.0652051 -0.111398 -3.16863e-05
v68 0.0650752 -0.111398 -1.94288e-07
v69 0.0649448 -0.111398 2.99714e-05
v70 0.0648146 -0.111398 6.0746e-05
v71 0.0843052 -0.107221 0.000560179
v72 0.0645543 -0.111399 0.000122408
v73 0.0845765 -0.109197 0.000416431
v74 0.0603504 -0.111428 0.00100574
v75 0.0602219 -0.111427 0.00104161
v76 0.0696092 -0.100366 0.000377243
v77 0.0599697 -0.111422 0.00112668
v78 0.0856288 -0.108923 0.000787009
v79 0.0597137 -0.111419 0.00120146
v80 0.0440305 -0.108771 0.00768881
v81 0.0594601 -0.111415 0.00128305
v82 0.0776315 -0.10196 1.36595e-06
v83 0.0592043 -0.111412 0.00135855
v84 0.0553125 -0.111315 0.00276523
v85 0.078552 -0.103058 -0.00010672
v86 0.0887478 -0.112228 0.00162469
v87 0.0486938 -0.103512 0.00690315
v88 0.0759366 -0.100159 0.000274039
v89 0.0812329 -0.105279 -3.94277e-05
v90 0.0607356 -0.111565 0.000909422
v91 0.0863735 -0.109834 0.000929762
v92 0.0884097 -0.112264 0.0015294
v93 0.0810031 -0.104712 3.86229e-05
v94 0.0584342 -0.100113 0.00405349
v95 0.0600923 -0.111561 0.00108545
v96 0.0832531 -0.106335 0.000383161
v97 0.0835282 -0.106739 0.000392912
v98 0.0871694 -0.110447 0.00115019
v99 0.0783163 -0.10263 -2.28719e-05
v100 0.0832693 -0.106189 0.000403483
v101 0.0504929 -0.102201 0.00665105
v102 0.0818236 -0.105652 2.52556e-05
v103 0.059075 -0.111547 0.00140334
v104 0.0772359 -0.101548 5.25317e-05
v105 0.058824 -0.111541 0.00149271
v106 0.08402 -0.108123 0.000347667
v107 0.0585736 -0.111534 0.00158382
v108 0.0554399 -0.111453 0.00273459
v109 0.0553128 -0.111451 0.00277597
v110 0.0837464 -0.107583 0.000324199
v111 0.0550569 -0.111447 0.00285411
v112 0.0764951 -0.100553 0.000262436
v113 0.0646786 -0.111671 0.00010091
v114 0.0645497 -0.11167 0.000135084
v115 0.0764563 -0.100716 0.000184461
v116 0.0608634 -0.111702 0.000883306
v117 0.0607341 -0.111701 0.00091664
v118 0.0858511 -0.110036 0.000763967
v119 0.0604745 -0.111701 0.000980562
v120 0.0874751 -0.110835 0.00122723
v121 0.0602192 -0.111698 0.00105654
v122 0.0600915 -0.111697 0.00109463
v123 0.059201 -0.111684 0.00137109
v124 0.0590744 -0.111682 0.00141245
v125 0.0865354 -0.109955 0.000980028
v126 0.0588231 -0.111676 0.00150085
v127 0.055518 -0.133693 0.00979387
v128 0.0585728 -0.11167 0.00159246
v129 0.0584434 -0.111669 0.00162602
v130 0.0583175 -0.111667 0.00166979
v131 0.0810884 -0.12918 0.00343944
v132 0.0887303 -0.118816 0.0020885
v133 0.0826275 -0.107146 4.0543e-05
v134 0.0849969 -0.110001 0.000475465
v135 0.0649353 -0.111807 4.21641e-05
v136 0.0855016 -0.11008 0.000638414
v137 0.0851582 -0.110121 0.000525723
v138 0.0851717 -0.109978 0.000539122
v139 0.0849844 -0.110143 0.000464256
v140 0.0452866 -0.106365 0.00752885
v141 0.0882248 -0.112154 0.00143
v142 0.075876 -0.133542 0.00556245
v143 0.0847443 -0.109178 0.000464709
v144 0.0835469 -0.106592 0.000418578
v145 0.0849111 -0.10916 0.000510412
v146 0.0854311 -0.109094 0.000690176
v147 0.0593253 -0.111823 0.00133437
v148 0.0776081 -0.102112 -3.89041e-05
v149 0.0855598 -0.108071 0.000858886
v150 0.0681172 -0.100394 0.000618834
v151 0.0876195 -0.111102 0.00125562
v152 0.0650591 -0.111945 7.02117e-06
v153 0.0721335 -0.100265 0.000185023
v154 0.0648004 -0.111945 7.26964e-05
v155 0.0774725 -0.101977 -3.06638e-05
v156 0.0645443 -0.111943 0.000145433
v157 0.0794301 -0.103553 -3.34926e-05
v158 0.0609855 -0.111976 0.000852824
v159 0.0648045 -0.100403 0.00137106
v160 0.0607284 -0.111974 0.000923643
v161 0.0649343 -0.100405 0.00133348
v162 0.0603398 -0.111974 0.00102144
v163 0.0602119 -0.111972 0.00105883
v164 0.0600834 -0.111971 0.00109433
v165 0.0599569 -0.111969 0.0011357
v166 0.0848989 -0.109302 0.000499863
v167 0.0593179 -0.111962 0.00132425
v168 0.0591934 -0.111959 0.00137152
v169 0.0341362 -0.132917 0.0173057
v170 0.0782986 -0.102778 -4.90289e-05
v171 0.0588174 -0.11195 0.00150641
v172 0.0671611 -0.112064 -0.000417755
v173 0.0668963 -0.112068 -0.000368539
v174 0.0667621 -0.11207 -0.000348698
v175 0.0799847 -0.104085 -3.59761e-05
v176 0.0578083 -0.100083 0.00432366
v177 0.0663704 -0.112072 -0.000260109
v178 0.0657087 -0.112079 -0.000136492
v179 0.0655789 -0.112079 -0.000104989
v180 0.0576834 -0.100077 0.00437903
v181 0.0653199 -0.112079 -4.02372e-05
v182 0.0855782 -0.109359 0.000725036
v183 0.085673 -0.10849 0.000834788
v184 0.0769403 -0.101431 2.62242e-05
v185 0.0887171 -0.113061 0.00166084
v186 0.0802311 -0.104505 -9.27061e-05
v187 0.0474146 -0.104972 0.00697916
v188 0.0831936 -0.106778 0.000297879
v189 0.0773387 -0.101841 -1.82673e-05
v190 0.0820997 -0.106055 3.77253e-05
v191 0.0798381 -0.103957 -5.38212e-05
v192 0.0452748 -0.106513 0.00749432
v193 0.0686536 -0.100389 0.00051531
v194 0.0506198 -0.102206 0.00659932
v195 0.0834658 -0.107183 0.00030146
v196 0.0860854 -0.109437 0.000890925
v197 0.0864463 -0.119415 0.00161634
v198 0.0509975 -0.102224 0.00643558
v199 0.0597004 -0.112102 0.0012195
v200 0.0511234 -0.102229 0.00638107
v201 0.0760686 -0.100297 0.000256692
v202 0.0850187 -0.109717 0.000490876
v203 0.0594266 -0.100167 0.00359955
v204 0.0595482 -0.100176 0.0035359
v205 0.0788573 -0.10317 -5.77693e-05
v206 0.0586806 -0.100128 0.00393442
v207 0.0672962 -0.112195 -0.00042212
v208 0.0513732 -0.102243 0.00626586
v209 0.0670303 -0.112199 -0.000375725
v210 0.0862283 -0.109568 0.000899494
v211 0.066764 -0.112203 -0.000330494
v212 0.0780742 -0.132345 0.00484292
v213 0.083396 -0.106466 0.000391968
v214 0.0663705 -0.112206 -0.000247106
v215 0.0658394 -0.112213 -0.000152762
v216 0.0766871 -0.101149 8.59983e-05
v217 0.0655793 -0.112214 -9.09764e-05
v218 0.0882522 -0.111868 0.00145555
v219 0.0653206 -0.112213 -2.55917e-05
v220 0.0575597 -0.100069 0.00443772
v221 0.0650586 -0.112215 3.09982e-05
v222 0.0823717 -0.106596 5.73833e-05
v223 0.0647994 -0.112214 9.5117e-05
v224 0.0820329 -0.106638 -4.98729e-05
v225 0.0645404 -0.112214 0.000159738
v226 0.0612406 -0.112248 0.000800074
v227 0.0611079 -0.11225 0.000823679
v228 0.0609821 -0.112247 0.00086641
v229 0.0818647 -0.106659 -0.000101011
v230 0.0607262 -0.112245 0.000940526
v231 0.0553751 -0.133565 0.00977887
v232 0.0604651 -0.112246 0.000999819
v233 0.0769188 -0.101582 -9.80339e-06
v234 0.0602116 -0.112242 0.0010805
v235 0.0600837 -0.112241 0.00111775
v236 0.0599614 -0.112236 0.00117093
v237 0.0815354 -0.106696 -0.000187663
v238 0.0597032 -0.112235 0.00123871
v239 0.0849508 -0.110568 0.000439083
v240 0.059447 -0.112232 0.00131242
v241 0.0593211 -0.11223 0.00135564
v242 0.059195 -0.112227 0.00139827
v243 0.0338492 -0.131177 0.0160935
v244 0.0851258 -0.110546 0.000503298
v245 0.0588143 -0.112221 0.00151945
v246 0.0577944 -0.112208 0.00183112
v247 0.0852972 -0.110526 0.000559455
v248 0.057545 -0.112201 0.00192548
v249 0.0767601 -0.101599 -4.16558e-05
v250 0.0572907 -0.112198 0.00200584
v251 0.0854676 -0.110506 0.000613061
v252 0.0858126 -0.110464 0.000728963
v253 0.0569086 -0.112192 0.00212503
v254 0.0674318 -0.112326 -0.000425437
v255 0.0859809 -0.110445 0.00077734
v256 0.0861505 -0.110426 0.000828287
v257 0.0863188 -0.110407 0.000876468
v258 0.0866618 -0.110367 0.000985793
v259 0.0868301 -0.110349 0.00103322
v260 0.0869994 -0.11033 0.00108261
v261 0.0665025 -0.112339 -0.000259691
v262 0.076451 -0.101627 -8.58019e-05
v263 0.04525 -0.106811 0.00742067
v264 0.0847819 -0.110588 0.000388286
v265 0.0872617 -0.115559 0.00133524
v266 0.0419565 -0.110948 0.00842381
v267 0.0390277 -0.113482 0.00963667
v268 0.0651869 -0.11235 7.93311e-06
v269 0.0851111 -0.123918 0.00210105
v270 0.0851041 -0.123786 0.00206896
v271 0.0846208 -0.110467 0.000338009
v272 0.0418313 -0.11108 0.00848527
v273 0.0887213 -0.112786 0.00163584
v274 0.0885523 -0.112804 0.00158807
v275 0.0883822 -0.112822 0.00153814
v276 0.0880317 -0.112864 0.00141475
v277 0.0876985 -0.112898 0.00132827
v278 0.0875201 -0.11292 0.00125913
v279 0.0871838 -0.112956 0.00116486
v280 0.0804422 -0.105219 -0.000198824
v281 0.0806032 -0.105202 -0.000163327
v282 0.0809247 -0.105168 -9.38709e-05
v283 0.0810857 -0.105151 -5.87414e-05
v284 0.086161 -0.110284 0.000834899
v285 0.0863292 -0.110266 0.000882412
v286 0.0865064 -0.110243 0.000949754
v287 0.0868399 -0.110207 0.00103781
v288 0.0874303 -0.115542 0.00138397
v289 0.0875997 -0.115524 0.00143446
v290 0.0844661 -0.110343 0.000301909
v291 0.0853168 -0.110244 0.00056969
v292 0.0861403 -0.110567 0.000822726
v293 0.0860074 -0.110159 0.00080251
v294 0.0761638 -0.101505 -9.28571e-05
v295 0.058555 -0.112356 0.00159551
v296 0.0580454 -0.112349 0.00175198
v297 0.0859698 -0.110587 0.000769503
v298 0.0857988 -0.110607 0.000715226
v299 0.0856245 -0.110629 0.000653358
v300 0.0852877 -0.110667 0.00055499
v301 0.0857544 -0.116657 0.00102581
v302 0.0859252 -0.116639 0.00108152
v303 0.0879334 -0.115492 0.00152356
v304 0.0779799 -0.102812 -0.000114628
v305 0.0778195 -0.102829 -0.000149921
v306 0.0567813 -0.112325 0.00217539
v307 0.0566545 -0.112323 0.00221675
v308 0.0674292 -0.112462 -0.000419025
v309 0.0672968 -0.112464 -0.000394354
v310 0.0774994 -0.102864 -0.000219895
v311 0.0670346 -0.112465 -0.00033838
v312 0.0882741 -0.115456 0.00162703
v313 0.0884411 -0.11544 0.00167116
v314 0.0666366 -0.112471 -0.000266886
v315 0.088613 -0.115421 0.00172598
v316 0.0661001 -0.112481 -0.000186882
v317 0.0887876 -0.115402 0.0017863
v318 0.065836 -0.112484 -0.000136226
v319 0.0531328 -0.101244 0.00588897
v320 0.0655758 -0.112484 -7.49202e-05
v321 0.0532586 -0.10125 0.00583452
v322 0.0653173 -0.112484 -9.07335e-06
v323 0.0651872 -0.112484 2.14303e-05
v324 0.065057 -0.112484 5.19069e-05
v325 0.0879127 -0.11645 0.00159709
v326 0.0647957 -0.112485 0.000110121
v327 0.08808 -0.116434 0.00164254
v328 0.0645348 -0.112486 0.000169694
v329 0.0617611 -0.112516 0.000700647
v330 0.0613684 -0.112518 0.000786238
v331 0.0612372 -0.112519 0.000813695
v332 0.0882582 -0.116413 0.00171142
v333 0.0609751 -0.112521 0.00086997
v334 0.0851279 -0.124179 0.00217128
v335 0.0607191 -0.112519 0.000943328
v336 0.0884263 -0.116396 0.00175828
v337 0.0604615 -0.112517 0.00101241
v338 0.088769 -0.11636 0.00186561
v339 0.0602072 -0.112514 0.00109071
v340 0.0340289 -0.132297 0.0168527
v341 0.0599553 -0.112509 0.00117618
v342 0.0613927 -0.100286 0.00265572
v343 0.059703 -0.112504 0.00126058
v344 0.0846084 -0.110745 0.000343277
v345 0.0594487 -0.112501 0.00133968
v346 0.0593214 -0.112499 0.00137872
v347 0.0591927 -0.112498 0.0014137
v348 0.0832104 -0.106632 0.000319446
v349 0.033807 -0.13093 0.0159156
v350 0.0588087 -0.112495 0.00152522
v351 0.080887 -0.130979 0.0041955
v352 0.0585505 -0.112494 0.00159337
v353 0.0584214 -0.112493 0.00162753
v354 0.0582949 -0.112491 0.0016692
v355 0.0850912 -0.123523 0.00200743
v356 0.0580395 -0.112488 0.00174579
v357 0.0873191 -0.110574 0.00117339
v358 0.0577912 -0.11248 0.00184297
v359 0.0821845 -0.106763 -2.05712e-05
v360 0.0575398 -0.112475 0.00193139
v361 0.0820185 -0.106783 -6.65394e-05
v362 0.0572889 -0.112469 0.00202166
v363 0.0818506 -0.106803 -0.000117095
v364 0.0570361 -0.112464 0.00210666
v365 0.0844744 -0.110203 0.000303938
v366 0.0567819 -0.11246 0.00218752
v367 0.056654 -0.112459 0.00222564
v368 0.0846429 -0.110184 0.00035437
v369 0.0676988 -0.11259 -0.000442513
v370 0.0871501 -0.110593 0.00112484
v371 0.0869786 -0.110613 0.00107075
v372 0.0866363 -0.110653 0.000963531
v373 0.0864668 -0.110672 0.000913176
v374 0.0860228 -0.110015 0.000819649
v375 0.0473873 -0.105272 0.00690145
v376 0.0870159 -0.112973 0.00111793
v377 0.0868484 -0.112991 0.00107164
v378 0.0866761 -0.113011 0.00101471
v379 0.0663692 -0.112609 -0.000211614
v380 0.0848516 -0.113196 0.00053223
v381 0.0849333 -0.110849 0.000433266
v382 0.0847617 -0.11087 0.000376277
v383 0.0691917 -0.100381 0.000416119
v384 0.0820257 -0.128235 0.00316307
v385 0.0845975 -0.110887 0.000335495
v386 0.0880307 -0.113001 0.0014296
v387 0.0876939 -0.113036 0.00133526
v388 0.0875176 -0.113058 0.00127061
v389 0.0871792 -0.113094 0.00117162
v390 0.0870112 -0.113111 0.00112438
v391 0.0857693 -0.115163 0.000876237
v392 0.0868447 -0.113128 0.00108047
v393 0.0801435 -0.105103 -0.000232268
v394 0.0803014 -0.105088 -0.000203749
v395 0.064271 -0.112623 0.000233635
v396 0.0638768 -0.112626 0.000315234
v397 0.0624192 -0.112645 0.00057994
v398 0.0866015 -0.11508 0.00110229
v399 0.0869438 -0.115043 0.00121232
v400 0.0871085 -0.115027 0.00125269
v401 0.087445 -0.114993 0.0013487
v402 0.0876187 -0.114973 0.00140824
v403 0.0879577 -0.114938 0.00150864
v404 0.0881305 -0.114919 0.00156564
v405 0.0884663 -0.114885 0.00165779
v406 0.088805 -0.11485 0.00175555
v407 0.0851522 -0.124437 0.00225838
v408 0.0615205 -0.100289 0.00261127
v409 0.0843226 -0.110078 0.000274437
v410 0.0371188 -0.115493 0.0104342
v411 0.0806219 -0.105054 -0.000136037
v412 0.0558981 -0.134445 0.0101518
v413 0.0786292 -0.132198 0.00478044
v414 0.061643 -0.100297 0.00255218
v415 0.0339845 -0.132051 0.016665
v416 0.0859214 -0.116505 0.00105653
v417 0.0820547 -0.106489 -1.62749e-05
v418 0.0848278 -0.11002 0.00042443
v419 0.0822191 -0.106471 2.60434e-05
v420 0.0369923 -0.115626 0.0104903
v421 0.0757244 -0.101396 -0.000117357
v422 0.0760315 -0.101368 -7.70224e-05
v423 0.0763389 -0.10134 -3.64845e-05
v424 0.0597856 -0.100197 0.00339285
v425 0.0772124 -0.1017 1.18158e-05
v426 0.0536677 -0.101103 0.00576125
v427 0.0537965 -0.101106 0.00571661
v428 0.085027 -0.113039 0.000581612
v429 0.0865134 -0.11289 0.00096197
v430 0.0452255 -0.107108 0.00734814
v431 0.0576645 -0.112613 0.00189494
v432 0.0882049 -0.112708 0.00145509
v433 0.077514 -0.102718 -0.000200595
v434 0.0776769 -0.102699 -0.000158847
v435 0.0779966 -0.102665 -9.0534e-05
v436 0.0857551 -0.115981 0.000944549
v437 0.0848467 -0.113334 0.000537885
v438 0.0759932 -0.133413 0.00548358
v439 0.0770558 -0.101716 -1.45927e-05
v440 0.0823369 -0.106888 1.05817e-05
v441 0.0563974 -0.112591 0.00231004
v442 0.0526397 -0.11249 0.00371955
v443 0.0843324 -0.109937 0.000279892
v444 0.0523862 -0.112485 0.00380607
v445 0.0845039 -0.109916 0.000336985
v446 0.0768971 -0.101732 -4.63122e-05
v447 0.0767394 -0.101749 -7.5843e-05
v448 0.0675691 -0.112724 -0.000397762
v449 0.0689172 -0.100389 0.000451657
v450 0.0673009 -0.11273 -0.000357434
v451 0.0764313 -0.101777 -0.000117843
v452 0.0670359 -0.112733 -0.000308985
v453 0.0343125 -0.133165 0.0174574
v454 0.0667705 -0.112737 -0.00026159
v455 0.0666374 -0.112738 -0.000238723
v456 0.034444 -0.133165 0.0174205
v457 0.0663699 -0.112743 -0.000197029
v458 0.0347 -0.13317 0.0173168
v459 0.0661041 -0.112747 -0.000150832
v460 0.0348284 -0.133172 0.0172672
v461 0.0658402 -0.11275 -9.93267e-05
v462 0.0349573 -0.133173 0.0172193
v463 0.0655788 -0.112751 -4.16511e-05
v464 0.0352109 -0.133179 0.017107
v465 0.065318 -0.112752 1.79634e-05
v466 0.0354695 -0.133182 0.0170156
v467 0.0650561 -0.112753 7.45899e-05
v468 0.0357278 -0.133185 0.016923
v469 0.064795 -0.112754 0.000133294
v470 0.0359887 -0.133187 0.0168414
v471 0.0645336 -0.112756 0.000191391
v472 0.0362484 -0.133189 0.0167554
v473 0.0642693 -0.112758 0.000241677
v474 0.0365053 -0.133193 0.0166582
v475 0.0640065 -0.112761 0.000295784
v476 0.0850798 -0.12326 0.00194918
v477 0.0637434 -0.112763 0.000349033
v478 0.0850213 -0.124706 0.00232261
v479 0.0634803 -0.112765 0.000402447
v480 0.061889 -0.112786 0.000687338
v481 0.0848698 -0.124714 0.00230813
v482 0.0616273 -0.112788 0.000744489
v483 0.0845643 -0.124732 0.00227293
v484 0.0848484 -0.109737 0.00043712
v485 0.0612371 -0.112788 0.000836729
v486 0.0862859 -0.110833 0.000854156
v487 0.0609731 -0.112791 0.000887496
v488 0.0861132 -0.110853 0.000796369
v489 0.0607164 -0.112789 0.00095868
v490 0.0859436 -0.110873 0.000745047
v491 0.0604625 -0.112786 0.00103793
v492 0.0856126 -0.110907 0.000660124
v493 0.0602058 -0.112784 0.00110969
v494 0.0852659 -0.11095 0.000539701
v495 0.0599491 -0.112782 0.00118114
v496 0.0591909 -0.112769 0.00143066
v497 0.0756028 -0.101252 -7.53347e-05
v498 0.0757588 -0.101236 -4.92562e-05
v499 0.0588083 -0.112764 0.00154602
v500 0.0762217 -0.101193 1.57839e-05
v501 0.0585513 -0.112763 0.00161752
v502 0.0584219 -0.112762 0.00165073
v503 0.0582946 -0.112761 0.00168982
v504 0.0763795 -0.101177 4.57031e-05
v505 0.0580404 -0.112757 0.0017698
v506 0.0850712 -0.122995 0.00189727
v507 0.057788 -0.112752 0.00185506
v508 0.0576627 -0.112749 0.00190023
v509 0.0575365 -0.112747 0.00194301
v510 0.0367519 -0.116434 0.0106613
v511 0.0571576 -0.112739 0.00207063
v512 0.0570317 -0.112737 0.00211445
v513 0.0776292 -0.103002 -0.00024099
v514 0.0567791 -0.112732 0.0022001
v515 0.0566533 -0.112729 0.00224421
v516 0.0774658 -0.103022 -0.000284215
v517 0.056397 -0.112726 0.00231908
v518 0.036766 -0.133194 0.0165768
v519 0.0561442 -0.112722 0.00240428
v520 0.0560192 -0.112718 0.00245131
v521 0.0558909 -0.112717 0.00248824
v522 0.0527679 -0.112627 0.00368968
v523 0.037022 -0.133198 0.0164763
v524 0.0371516 -0.133199 0.016433
v525 0.0374073 -0.133204 0.0163321
v526 0.0376667 -0.133206 0.0162462
v527 0.0678394 -0.112852 -0.000419398
v528 0.0378002 -0.133205 0.0162185
v529 0.0379286 -0.133207 0.0161704
v530 0.0381855 -0.13321 0.0160755
v531 0.0384405 -0.133214 0.0159728
v532 0.0385684 -0.133216 0.0159235
v533 0.0809598 -0.129313 0.00349108
v534 0.0386948 -0.133219 0.0158683
v535 0.0873008 -0.110856 0.00116727
v536 0.0390809 -0.133224 0.0157299
v537 0.0392091 -0.133225 0.0156821
v538 0.0393351 -0.133228 0.0156258
v539 0.0395912 -0.133232 0.0155292
v540 0.0398436 -0.133237 0.0154188
v541 0.0407395 -0.13325 0.015083
v542 0.0800149 -0.104965 -0.000208934
v543 0.0808232 -0.104877 -2.37039e-05
v544 0.0869699 -0.11089 0.0010856
v545 0.0885564 -0.112666 0.00158007
v546 0.0887244 -0.112649 0.00162529
v547 0.0867953 -0.110911 0.00102436
v548 0.0866205 -0.110933 0.000962277
v549 0.0596671 -0.100187 0.00346482
v550 0.0591738 -0.100158 0.00369889
v551 0.0885895 -0.116517 0.00181133
v552 0.0882586 -0.116548 0.00172938
v553 0.0880711 -0.116573 0.00164005
v554 0.0879033 -0.11659 0.00159355
v555 0.0641359 -0.112895 0.00027564
v556 0.0539383 -0.10096 0.00570259
v557 0.0841956 -0.109667 0.000267474
v558 0.0843611 -0.10965 0.000311065
v559 0.0850864 -0.11111 0.000482146
v560 0.0857485 -0.116795 0.00102946
v561 0.0847519 -0.111146 0.000387434
v562 0.0815691 -0.106404 -0.000142826
v563 0.081735 -0.106385 -9.66942e-05
v564 0.0820711 -0.106344 4.87608e-06
v565 0.0613666 -0.112923 0.000816136
v566 0.0816545 -0.129029 0.00339946
v567 0.0428578 -0.110001 0.00808242
v568 0.0877584 -0.115783 0.00149502
v569 0.0879295 -0.115765 0.00154879
v570 0.0850688 -0.122862 0.00187569
v571 0.0850601 -0.122597 0.00182335
v572 0.0600268 -0.100216 0.00326106
v573 0.0603339 -0.11292 0.00108437
v574 0.0601509 -0.100222 0.00320561
v575 0.0765535 -0.10192 -0.000157794
v576 0.0823214 -0.107033 -8.36694e-06
v577 0.0821528 -0.107054 -6.03913e-05
v578 0.0887383 -0.118541 0.00207188
v579 0.0818226 -0.107091 -0.000148869
v580 0.0842061 -0.109526 0.00027446
v581 0.0683819 -0.100394 0.000557938
v582 0.0862704 -0.111113 0.000853668
v583 0.0861016 -0.111131 0.000804243
v584 0.0885441 -0.11308 0.00160452
v585 0.0883717 -0.1131 0.0015494
v586 0.0868389 -0.113267 0.00108439
v587 0.0866689 -0.113286 0.00103244
v588 0.0865003 -0.113304 0.000983466
v589 0.0850103 -0.113454 0.000594109
v590 0.084841 -0.113472 0.000541618
v591 0.0789398 -0.131427 0.00440194
v592 0.08003 -0.104819 -0.000189535
v593 0.0803518 -0.104785 -0.000118682
v594 0.0857701 -0.115028 0.000861314
v595 0.085934 -0.11115 0.000757309
v596 0.0856007 -0.111185 0.000667237
v597 0.0852517 -0.111229 0.00054141
v598 0.0728152 -0.134371 0.00622586
v599 0.0847163 -0.109465 0.000435481
v600 0.0561431 -0.112857 0.00241114
v601 0.0560166 -0.112855 0.00245348
v602 0.0558916 -0.112852 0.00250062
v603 0.0731103 -0.134358 0.00624908
v604 0.0556387 -0.112847 0.00258577
v605 0.0525139 -0.112758 0.00378371
v606 0.0733853 -0.134352 0.00622125
v607 0.0735249 -0.134349 0.00621252
v608 0.0888002 -0.114988 0.00176228
v609 0.0673069 -0.112994 -0.000315417
v610 0.0886302 -0.115006 0.001712
v611 0.0670371 -0.113001 -0.000279556
v612 0.0669023 -0.113004 -0.000261421
v613 0.0667677 -0.113007 -0.000242956
v614 0.0874434 -0.115129 0.00136197
v615 0.0429861 -0.109866 0.0080318
v616 0.0663714 -0.113011 -0.00016724
v617 0.0871063 -0.115164 0.00126478
v618 0.0661073 -0.113014 -0.000116516
v619 0.0337862 -0.130806 0.0158275
v620 0.065843 -0.113017 -6.64848e-05
v621 0.075779 -0.101086 -1.55124e-05
v622 0.0655809 -0.113018 -1.03937e-05
v623 0.0654496 -0.113019 1.6863e-05
v624 0.0653186 -0.11302 4.49503e-05
v625 0.0759345 -0.101071 9.15371e-06
v626 0.0650548 -0.113023 9.62516e-05
v627 0.0760871 -0.101058 2.64985e-05
v628 0.0647931 -0.113024 0.000153396
v629 0.0762453 -0.101041 5.75826e-05
v630 0.0645313 -0.113026 0.000209987
v631 0.0869403 -0.11518 0.00122144
v632 0.0642659 -0.113029 0.000257268
v633 0.064133 -0.113031 0.000280201
v634 0.0640025 -0.113032 0.000309508
v635 0.0867691 -0.115199 0.00116638
v636 0.0637403 -0.113033 0.000365239
v637 0.0736614 -0.134346 0.0061961
v638 0.0634775 -0.113035 0.000419252
v639 0.0624101 -0.113054 0.000590732
v640 0.0618843 -0.113058 0.00069782
v641 0.0737996 -0.134343 0.00618381
v642 0.0616228 -0.113059 0.000755459
v643 0.0540878 -0.100807 0.00571228
v644 0.061363 -0.113059 0.000817793
v645 0.0612322 -0.11306 0.00084635
v646 0.084216 -0.109385 0.000280183
v647 0.0609671 -0.113064 0.00089363
v648 0.084384 -0.109365 0.000329492
v649 0.0607129 -0.11306 0.000971892
v650 0.0740782 -0.134336 0.00616435
v651 0.0604579 -0.113058 0.00104789
v652 0.0754592 -0.134306 0.00603582
v653 0.0601992 -0.113057 0.00111349
v654 0.0557505 -0.134319 0.0101226
v655 0.0599408 -0.113056 0.00118016
v656 0.0850495 -0.122333 0.00176692
v657 0.0596852 -0.113054 0.00125484
v658 0.0589287 -0.11304 0.0015091
v659 0.0874522 -0.111119 0.001211
v660 0.0872827 -0.111138 0.00116151
v661 0.0585455 -0.113036 0.0016225
v662 0.0887828 -0.115811 0.00182715
v663 0.0582919 -0.113032 0.00170386
v664 0.0880658 -0.11847 0.00186577
v665 0.0580382 -0.113028 0.00178476
v666 0.0882438 -0.11845 0.00193479
v667 0.0577852 -0.113023 0.0018681
v668 0.0576578 -0.113022 0.00190714
v669 0.05753 -0.11302 0.00194523
v670 0.088611 -0.115829 0.00177286
v671 0.0572777 -0.113015 0.00203095
v672 0.0882683 -0.115866 0.00166538
v673 0.0570254 -0.113011 0.00211669
v674 0.0569022 -0.113006 0.00216849
v675 0.0880145 -0.113281 0.00142846
v676 0.0566532 -0.112999 0.00226462
v677 0.0878456 -0.113298 0.00138021
v678 0.0563985 -0.112995 0.00234403
v679 0.0876782 -0.113316 0.00133497
v680 0.0875049 -0.113336 0.00127661
v681 0.0871649 -0.113372 0.00117412
v682 0.0869513 -0.111172 0.00107846
v683 0.0872583 -0.115967 0.00137834
v684 0.0837652 -0.12581 0.00255928
v685 0.0452114 -0.107396 0.00731205
v686 0.0553843 -0.112978 0.00267671
v687 0.0677123 -0.113119 -0.000354417
v688 0.0675786 -0.113121 -0.000333235
v689 0.0887864 -0.115674 0.00181779
v690 0.0368769 -0.116302 0.0105996
v691 0.0866033 -0.111214 0.000958231
v692 0.0670401 -0.113133 -0.000258669
v693 0.0887746 -0.116222 0.00186062
v694 0.0819163 -0.10622 -3.1547e-05
v695 0.0340711 -0.132546 0.0170306
v696 0.0866088 -0.119266 0.00163658
v697 0.0824609 -0.107165 -6.48815e-06
v698 0.0822964 -0.107183 -4.9127e-05
v699 0.0782349 -0.103091 -0.000168154
v700 0.0780806 -0.103105 -0.000189212
v701 0.0868239 -0.11341 0.00106846
v702 0.0850041 -0.113592 0.000596892
v703 0.0848295 -0.113613 0.000532523
v704 0.0840642 -0.109259 0.000250855
v705 0.088061 -0.118337 0.00183843
v706 0.0882425 -0.118315 0.00191509
v707 0.0885695 -0.118287 0.00198944
v708 0.0887361 -0.118272 0.00203307
v709 0.0797304 -0.104704 -0.00022523
v710 0.079888 -0.104689 -0.000197181
v711 0.0806965 -0.104601 -1.15975e-05
v712 0.0852429 -0.111369 0.000538446
v713 0.0850765 -0.111387 0.000493269
v714 0.0850403 -0.122069 0.00171374
v715 0.0879645 -0.111198 0.00138398
v716 0.0877956 -0.111216 0.00133622
v717 0.0869499 -0.111309 0.00109215
v718 0.0625417 -0.113187 0.000576344
v719 0.086261 -0.11139 0.000866388
v720 0.086091 -0.111409 0.000814346
v721 0.0621488 -0.113189 0.000660671
v722 0.085919 -0.111429 0.00075749
v723 0.0855877 -0.111463 0.000671754
v724 0.0854095 -0.111487 0.000600664
v725 0.0872794 -0.114873 0.00128964
v726 0.0874468 -0.114857 0.00133565
v727 0.0876109 -0.114841 0.00137436
v728 0.0879589 -0.114802 0.00149421
v729 0.088129 -0.114784 0.0015454
v730 0.0620062 -0.100322 0.0023633
v731 0.0824538 -0.127954 0.00312032
v732 0.0827497 -0.12794 0.00313669
v733 0.0377598 -0.11537 0.0101993
v734 0.0603283 -0.113192 0.00109136
v735 0.0837506 -0.10915 0.000185793
v736 0.0839161 -0.109132 0.000229699
v737 0.0840824 -0.109114 0.000275195
v738 0.0887596 -0.116636 0.00187923
v739 0.0850337 -0.121803 0.00166617
v740 0.0756467 -0.100949 5.62197e-07
v741 0.0594296 -0.113186 0.00134054
v742 0.0593052 -0.113183 0.00138764
v743 0.0591783 -0.113181 0.0014279
v744 0.0771547 -0.102011 -9.49523e-05
v745 0.0769992 -0.102026 -0.000119003
v746 0.0543634 -0.10066 0.0056683
v747 0.0546112 -0.100675 0.00554833
v748 0.054984 -0.100697 0.00537246
v749 0.0552236 -0.100718 0.00522869
v750 0.0409425 -0.112017 0.00887023
v751 0.0678497 -0.100397 0.000672356
v752 0.0330052 -0.118746 0.0125181
v753 0.0876116 -0.111378 0.00127244
v754 0.0886948 -0.113344 0.00164682
v755 0.0885238 -0.113362 0.00159474
v756 0.0883534 -0.113381 0.00154386
v757 0.0868242 -0.113546 0.0010859
v758 0.0866539 -0.113564 0.00103309
v759 0.0864874 -0.113581 0.000988492
v760 0.0338849 -0.131428 0.0162443
v761 0.0874437 -0.111396 0.00122651
v762 0.0872731 -0.111415 0.00117427
v763 0.0425319 -0.126181 0.0115911
v764 0.0869407 -0.111449 0.00108885
v765 0.0561433 -0.113127 0.0024322
v766 0.0560158 -0.113125 0.00247158
v767 0.0558909 -0.113122 0.00251845
v768 0.0794282 -0.10459 -0.000267297
v769 0.0556389 -0.113117 0.00260643
v770 0.0795866 -0.104574 -0.000237062
v771 0.0553838 -0.113113 0.00268525
v772 0.055261 -0.113109 0.00273908
v773 0.0537683 -0.113062 0.00333222
v774 0.0799077 -0.10454 -0.000167303
v775 0.0535165 -0.113056 0.00342272
v776 0.0867654 -0.111471 0.00102602
v777 0.0424084 -0.126177 0.0116523
v778 0.0421478 -0.126176 0.0117258
v779 0.0418995 -0.126167 0.0118442
v780 0.0417757 -0.126163 0.0119052
v781 0.0670429 -0.113265 -0.000238283
v782 0.0669086 -0.113268 -0.000218798
v783 0.0425054 -0.126333 0.0114988
v784 0.0666401 -0.113274 -0.000179833
v785 0.0423803 -0.12633 0.0115542
v786 0.0663747 -0.113277 -0.000132684
v787 0.0421198 -0.126329 0.0116274
v788 0.0661087 -0.113281 -8.70604e-05
v789 0.0418712 -0.12632 0.0117445
v790 0.0658413 -0.113286 -4.53992e-05
v791 0.041615 -0.126317 0.0118339
v792 0.0655799 -0.113287 1.2205e-05
v793 0.0852316 -0.111646 0.000546672
v794 0.0653195 -0.113288 7.25245e-05
v795 0.0850639 -0.111664 0.000498441
v796 0.0650555 -0.113291 0.000123373
v797 0.0812684 -0.106153 -0.000196335
v798 0.0647911 -0.113294 0.000172918
v799 0.0814281 -0.106137 -0.000164075
v800 0.0645295 -0.113295 0.000230247
v801 0.0626698 -0.113322 0.00055213
v802 0.0817642 -0.106096 -6.2176e-05
v803 0.0624097 -0.113323 0.000613366
v804 0.0612696 -0.100279 0.00271328
v805 0.0618823 -0.113328 0.000715907
v806 0.0498429 -0.102327 0.0068676
v807 0.0616212 -0.113329 0.000774426
v808 0.0829587 -0.107244 0.000145836
v809 0.0613609 -0.11333 0.000835168
v810 0.0822846 -0.107326 -5.98068e-05
v811 0.0821193 -0.107345 -0.000104245
v812 0.0609647 -0.113334 0.000910154
v813 0.0500927 -0.102341 0.00675089
v814 0.0607124 -0.11333 0.000993414
v815 0.0810451 -0.105448 -0.000120134
v816 0.0604564 -0.113327 0.00106634
v817 0.060328 -0.113327 0.00110199
v818 0.060197 -0.113327 0.00113005
v819 0.0807295 -0.105478 -0.000175918
v820 0.0599435 -0.113324 0.00121037
v821 0.0674456 -0.100403 0.000745231
v822 0.0596867 -0.113322 0.00128143
v823 0.0848583 -0.112922 0.000514204
v824 0.0594284 -0.113321 0.00134824
v825 0.0593032 -0.113318 0.00139322
v826 0.0591772 -0.113316 0.00143568
v827 0.0863539 -0.112768 0.000916191
v828 0.0589258 -0.113311 0.00152257
v829 0.0477139 -0.104527 0.00700842
v830 0.0479619 -0.104541 0.00688703
v831 0.0585431 -0.113306 0.00163728
v832 0.0496161 -0.103101 0.00663233
v833 0.0582882 -0.113303 0.00171449
v834 0.0868625 -0.112712 0.00106889
v835 0.0580341 -0.1133 0.00179432
v836 0.0870287 -0.112695 0.00111218
v837 0.0577807 -0.113296 0.0018764
v838 0.057654 -0.113294 0.00191733
v839 0.0575275 -0.113292 0.00195893
v840 0.0871973 -0.112677 0.00116063
v841 0.0572741 -0.113287 0.0020413
v842 0.0873644 -0.11266 0.00120542
v843 0.0570216 -0.113283 0.00212643
v844 0.0568971 -0.113279 0.0021744
v845 0.0877083 -0.112621 0.00131575
v846 0.0566474 -0.113272 0.00226819
v847 0.0563924 -0.113269 0.0023464
v848 0.0878768 -0.112603 0.00136319
v849 0.0431352 -0.1093 0.00803931
v850 0.0836102 -0.108883 0.000165275
v851 0.0839432 -0.108845 0.000257507
v852 0.0841085 -0.108827 0.000300686
v853 0.074757 -0.100875 -5.99975e-05
v854 0.074913 -0.100859 -3.33843e-05
v855 0.0755138 -0.100812 1.5494e-05
v856 0.0758273 -0.10078 7.07505e-05
v857 0.0551363 -0.11324 0.00279682
v858 0.0759826 -0.100765 9.47064e-05
v859 0.0397918 -0.113228 0.00933272
v860 0.0874365 -0.115404 0.00138076
v861 0.0876087 -0.115385 0.00143715
v862 0.0532647 -0.113185 0.00352286
v863 0.0516328 -0.113142 0.00413368
v864 0.0675809 -0.113388 -0.000300907
v865 0.0674474 -0.113391 -0.000279455
v866 0.067314 -0.113393 -0.000257507
v867 0.0541458 -0.100481 0.00587258
v868 0.0543974 -0.100493 0.00576362
v869 0.0546414 -0.100512 0.0056315
v870 0.0879498 -0.115349 0.00154235
v871 0.0882776 -0.115319 0.00161755
v872 0.0673098 -0.100406 0.000766468
v873 0.0548932 -0.100523 0.00552362
v874 0.033132 -0.118612 0.0124632
v875 0.0389014 -0.114166 0.00970757
v876 0.0881778 -0.113538 0.00149832
v877 0.0880072 -0.113556 0.00144646
v878 0.0878362 -0.113575 0.00139359
v879 0.0876666 -0.113593 0.00134358
v880 0.087498 -0.113611 0.00129541
v881 0.0871567 -0.113648 0.00118983
v882 0.0670452 -0.100406 0.000827531
v883 0.084991 -0.113869 0.000600682
v884 0.0848183 -0.113889 0.000540547
v885 0.0875684 -0.11811 0.0016867
v886 0.0880664 -0.118064 0.00181628
v887 0.0882417 -0.118045 0.0018794
v888 0.0884091 -0.118029 0.00192493
v889 0.0887437 -0.117998 0.0020155
v890 0.0551382 -0.100541 0.00539554
v891 0.0669103 -0.100408 0.0008512
v892 0.0614893 -0.113465 0.000811476
v893 0.0552586 -0.100551 0.0053253
v894 0.0850263 -0.121537 0.00161683
v895 0.0850286 -0.112767 0.000552182
v896 0.0851951 -0.11275 0.000598034
v897 0.0855326 -0.112713 0.00069922
v898 0.0555111 -0.100562 0.0052208
v899 0.0557486 -0.100585 0.00507109
v900 0.0861989 -0.112644 0.000880102
v901 0.08653 -0.11261 0.00096491
v902 0.0880505 -0.112447 0.00140452
v903 0.0882188 -0.112429 0.00145109
v904 0.0839594 -0.108701 0.00027749
v905 0.0622601 -0.10033 0.00227052
v906 0.0842914 -0.108664 0.000366769
v907 0.0408147 -0.112152 0.00892193
v908 0.0468524 -0.105691 0.0070327
v909 0.0465975 -0.105683 0.00713047
v910 0.0464764 -0.105674 0.00720089
v911 0.0348771 -0.117316 0.0115749
v912 0.0462244 -0.105663 0.00730939
v913 0.0881128 -0.111462 0.00142088
v914 0.0666409 -0.100412 0.000899629
v915 0.0663736 -0.100414 0.000953581
v916 0.0661043 -0.100418 0.0010022
v917 0.0658485 -0.100412 0.00108688
v918 0.0655833 -0.100413 0.00114661
v919 0.0653221 -0.100411 0.00121705
v920 0.0864105 -0.111653 0.000906621
v921 0.0860779 -0.111687 0.000818773
v922 0.0859047 -0.111708 0.000759432
v923 0.085572 -0.111743 0.000670289
v924 0.048351 -0.10441 0.00675486
v925 0.0834494 -0.107328 0.000280759
v926 0.0866066 -0.114807 0.00107998
v927 0.0867759 -0.114789 0.00113086
v928 0.0884706 -0.114611 0.00163294
v929 0.0832828 -0.107347 0.000234597
v930 0.0831139 -0.107368 0.000182897
v931 0.0337658 -0.118495 0.0121903
v932 0.0561394 -0.1134 0.00244085
v933 0.0829441 -0.107389 0.00012903
v934 0.0558906 -0.113392 0.00253778
v935 0.0387734 -0.114301 0.00975795
v936 0.055637 -0.113388 0.00262077
v937 0.0826063 -0.10743 2.47543e-05
v938 0.055384 -0.113383 0.00270578
v939 0.0645426 -0.100402 0.00143999
v940 0.0551342 -0.113376 0.00280041
v941 0.0886842 -0.113621 0.00165806
v942 0.088512 -0.11364 0.0016034
v943 0.0536419 -0.11333 0.00339452
v944 0.0535168 -0.113326 0.00344236
v945 0.0888116 -0.114575 0.00173555
v946 0.0532637 -0.113321 0.00352895
v947 0.0516327 -0.113278 0.00414207
v948 0.0868186 -0.11382 0.00110709
v949 0.0866512 -0.113837 0.00106073
v950 0.0864823 -0.113855 0.00101094
v951 0.0861454 -0.113891 0.000912569
v952 0.0834734 -0.108613 0.00015319
v953 0.0338876 -0.118365 0.0121152
v954 0.0667809 -0.113535 -0.00015624
v955 0.0666468 -0.113538 -0.000136182
v956 0.0836371 -0.108596 0.000192982
v957 0.0663785 -0.113543 -9.69282e-05
v958 0.0838015 -0.108578 0.00023453
v959 0.0659745 -0.113552 -4.20611e-05
v960 0.0658403 -0.113555 -2.25391e-05
v961 0.0657076 -0.113557 8.02951e-07
v962 0.0655771 -0.113557 3.0071e-05
v963 0.0382593 -0.114428 0.00994129
v964 0.0653163 -0.113558 8.94395e-05
v965 0.0839747 -0.108556 0.000295498
v966 0.0650512 -0.113562 0.000137034
v967 0.0642833 -0.100398 0.00151579
v968 0.0647863 -0.113565 0.00018518
v969 0.0881665 -0.113815 0.00150775
v970 0.0645236 -0.113567 0.000239062
v971 0.0626645 -0.113594 0.000561701
v972 0.0879946 -0.113834 0.00145302
v973 0.0624052 -0.113594 0.000624842
v974 0.0878235 -0.113853 0.00139975
v975 0.0617436 -0.113602 0.000745901
v976 0.0616116 -0.113603 0.000771
v977 0.0874863 -0.113888 0.00130372
v978 0.061354 -0.113602 0.000839065
v979 0.0871457 -0.113925 0.0011994
v980 0.0794829 -0.104284 -0.000171258
v981 0.0609617 -0.113605 0.000924704
v982 0.0850223 -0.12127 0.00157507
v983 0.0607067 -0.113602 0.0010004
v984 0.0850209 -0.121002 0.00153923
v985 0.0604502 -0.1136 0.00107171
v986 0.0603202 -0.1136 0.00110251
v987 0.0601894 -0.113601 0.00113112
v988 0.0875865 -0.111663 0.0012516
v989 0.059804 -0.113599 0.00123659
v990 0.0596777 -0.113597 0.00127811
v991 0.0874179 -0.111681 0.00120403
v992 0.0594235 -0.113593 0.0013566
v993 0.0872514 -0.111698 0.00116081
v994 0.0591698 -0.11359 0.00143643
v995 0.086921 -0.111731 0.0010794
v996 0.0589166 -0.113586 0.00151823
v997 0.086746 -0.111753 0.001017
v998 0.0860628 -0.111831 0.000802293
v999 0.0585374 -0.113579 0.00164245
v1000 0.0527785 -0.102011 0.0057207
v1001 0.0582828 -0.113576 0.0017204
v1002 0.0862901 -0.119561 0.00160971
v1003 0.0580273 -0.113573 0.00179605
v1004 0.0603973 -0.100237 0.00308915
v1005 0.0577753 -0.113569 0.00188174
v1006 0.0576501 -0.113566 0.00192707
v1007 0.0575239 -0.113563 0.00196959
v1008 0.0747856 -0.100719 -5.27971e-06
v1009 0.0572718 -0.113558 0.0020555
v1010 0.0625116 -0.10034 0.00217167
v1011 0.0570175 -0.113555 0.00213535
v1012 0.0568944 -0.11355 0.00218717
v1013 0.0749426 -0.100703 2.3573e-05
v1014 0.0566422 -0.113545 0.00227331
v1015 0.0752441 -0.100678 5.07713e-05
v1016 0.0563889 -0.113541 0.00235654
v1017 0.0799042 -0.13114 0.0042706
v1018 0.0800487 -0.131134 0.00427199
v1019 0.0803371 -0.131124 0.00427288
v1020 0.0862926 -0.119694 0.0016319
v1021 0.0546669 -0.100352 0.00570024
v1022 0.0551663 -0.100379 0.00547152
v1023 0.0555417 -0.100398 0.00530385
v1024 0.055775 -0.100425 0.0051409
v1025 0.0558905 -0.100439 0.00505635
v1026 0.0560209 -0.100441 0.00501691
v1027 0.0562562 -0.100465 0.00486149
v1028 0.0848599 -0.11265 0.000484762
v1029 0.0547589 -0.113502 0.00295095
v1030 0.0850315 -0.11263 0.00054217
v1031 0.0851959 -0.112614 0.00058334
v1032 0.053136 -0.113455 0.00357785
v1033 0.0675867 -0.113653 -0.000259581
v1034 0.0674531 -0.113655 -0.000238328
v1035 0.079 -0.1033 -4.88654e-05
v1036 0.0671852 -0.11366 -0.000197678
v1037 0.0788381 -0.103318 -8.70671e-05
v1038 0.0785173 -0.103353 -0.000157098
v1039 0.0565071 -0.100477 0.0047535
v1040 0.056862 -0.100512 0.00452797
v1041 0.0858658 -0.112542 0.000773584
v1042 0.085757 -0.115845 0.00093207
v1043 0.0868736 -0.112435 0.00105977
v1044 0.0870399 -0.112418 0.00110315
v1045 0.0872057 -0.112401 0.00114514
v1046 0.0873724 -0.112384 0.001189
v1047 0.0877207 -0.112343 0.00130887
v1048 0.0878868 -0.112326 0.00135089
v1049 0.0828396 -0.108399 6.45e-06
v1050 0.0830024 -0.108382 4.4912e-05
v1051 0.0833342 -0.108345 0.000135569
v1052 0.0836625 -0.10831 0.000217371
v1053 0.0838296 -0.108291 0.000264687
v1054 0.0840039 -0.108268 0.000328015
v1055 0.0638565 -0.113713 0.000358283
v1056 0.0637232 -0.113715 0.000379975
v1057 0.0806239 -0.131114 0.00426989
v1058 0.0634615 -0.113716 0.000436618
v1059 0.0627976 -0.113726 0.000551578
v1060 0.0768226 -0.102191 -0.000178574
v1061 0.0338276 -0.131054 0.0160026
v1062 0.0862944 -0.119828 0.00165254
v1063 0.0626395 -0.100343 0.00212819
v1064 0.0621416 -0.113731 0.000688014
v1065 0.037887 -0.115236 0.0101461
v1066 0.0887586 -0.116772 0.00189413
v1067 0.0885906 -0.116788 0.00184778
v1068 0.088252 -0.116822 0.00174899
v1069 0.0614838 -0.113737 0.000819532
v1070 0.0880717 -0.116844 0.00167533
v1071 0.0849794 -0.114145 0.000607855
v1072 0.0873878 -0.117862 0.0015777
v1073 0.0875678 -0.11784 0.00165163
v1074 0.087733 -0.117825 0.00169317
v1075 0.0878979 -0.11781 0.00173405
v1076 0.0882433 -0.117774 0.00184897
v1077 0.0884082 -0.117759 0.00188917
v1078 0.0885728 -0.117744 0.00192844
v1079 0.0887392 -0.117729 0.00197151
v1080 0.0770791 -0.102469 -0.000228938
v1081 0.074965 -0.100551 6.31623e-05
v1082 0.0779226 -0.133106 0.00525929
v1083 0.0752677 -0.100526 9.29153e-05
v1084 0.0793394 -0.104155 -0.000182223
v1085 0.0773899 -0.10244 -0.00018075
v1086 0.0778738 -0.102385 -6.77783e-05
v1087 0.0852266 -0.11192 0.000568536
v1088 0.0850634 -0.111936 0.000530239
v1089 0.075827 -0.134047 0.00585293
v1090 0.0816211 -0.105966 -7.20277e-05
v1091 0.0755691 -0.100502 0.000119072
v1092 0.0757272 -0.100485 0.000149811
v1093 0.0817899 -0.105944 -1.93922e-05
v1094 0.0884322 -0.115987 0.00172
v1095 0.0882651 -0.116003 0.00167547
v1096 0.0583064 -0.100109 0.00409988
v1097 0.088087 -0.116024 0.00160674
v1098 0.0347524 -0.117448 0.0116379
v1099 0.054318 -0.100171 0.00594204
v1100 0.0544428 -0.100178 0.00588438
v1101 0.0546922 -0.100192 0.00576818
v1102 0.0627673 -0.100346 0.00208439
v1103 0.0549412 -0.100206 0.00565132
v1104 0.0887572 -0.116908 0.00190815
v1105 0.0551927 -0.100218 0.00554222
v1106 0.0554379 -0.100235 0.00541469
v1107 0.0555659 -0.100239 0.00536741
v1108 0.055804 -0.100262 0.00521875
v1109 0.05592 -0.100276 0.00513538
v1110 0.0560439 -0.100283 0.00507617
v1111 0.0561383 -0.11367 0.00245792
v1112 0.0562864 -0.100302 0.00494216
v1113 0.0558895 -0.113663 0.00255488
v1114 0.0485035 -0.104116 0.00677411
v1115 0.055638 -0.113657 0.00264381
v1116 0.0873875 -0.117727 0.00156015
v1117 0.0553863 -0.113652 0.00273256
v1118 0.0640219 -0.100396 0.00158605
v1119 0.0551338 -0.113647 0.00281906
v1120 0.0639064 -0.100384 0.00166292
v1121 0.0886647 -0.113902 0.00165015
v1122 0.0547569 -0.113638 0.00295471
v1123 0.0546325 -0.113634 0.0030039
v1124 0.0545074 -0.113631 0.00305073
v1125 0.0532627 -0.113593 0.00354423
v1126 0.0531357 -0.113591 0.00358617
v1127 0.0884941 -0.113921 0.00159854
v1128 0.0528835 -0.113585 0.00367583
v1129 0.0869714 -0.114081 0.00115508
v1130 0.0866352 -0.114116 0.00105913
v1131 0.0864675 -0.114133 0.00101172
v1132 0.0567759 -0.100336 0.00468891
v1133 0.0877458 -0.11606 0.00150157
v1134 0.0339206 -0.131679 0.0163952
v1135 0.0790376 -0.104041 -0.000223317
v1136 0.0793564 -0.104008 -0.000158366
v1137 0.0795146 -0.103992 -0.000128832
v1138 0.0850143 -0.120736 0.00149169
v1139 0.0665171 -0.113806 -7.8914e-05
v1140 0.0658429 -0.113821 9.90786e-06
v1141 0.0880881 -0.111747 0.00140132
v1142 0.0655787 -0.113824 5.9878e-05
v1143 0.0514931 -0.102253 0.0061927
v1144 0.065315 -0.113827 0.000111038
v1145 0.0517432 -0.102266 0.00607916
v1146 0.0650505 -0.11383 0.000160173
v1147 0.0519884 -0.102283 0.00595051
v1148 0.0647875 -0.113832 0.000213408
v1149 0.0521139 -0.102289 0.00589547
v1150 0.0645257 -0.113834 0.000269665
v1151 0.064392 -0.113836 0.000290307
v1152 0.0642591 -0.113838 0.000312916
v1153 0.0522364 -0.102298 0.00583131
v1154 0.0639909 -0.113844 0.000351947
v1155 0.0722726 -0.10026 0.000171043
v1156 0.0637239 -0.113849 0.00039405
v1157 0.082427 -0.107592 -3.49825e-05
v1158 0.0634619 -0.11385 0.000449718
v1159 0.0825146 -0.108297 -8.5994e-05
v1160 0.0627979 -0.11386 0.000564387
v1161 0.0626645 -0.113862 0.000585679
v1162 0.0828504 -0.108257 1.46134e-05
v1163 0.0624048 -0.113862 0.000647647
v1164 0.0620064 -0.113868 0.000715961
v1165 0.0618754 -0.113869 0.000743778
v1166 0.0637787 -0.100381 0.00170634
v1167 0.0616127 -0.113871 0.000797412
v1168 0.0614833 -0.113871 0.000829955
v1169 0.0613529 -0.113872 0.000859357
v1170 0.0492113 -0.103385 0.00672277
v1171 0.0490864 -0.103378 0.00678054
v1172 0.0609616 -0.113873 0.000947511
v1173 0.0828689 -0.108111 4.019e-05
v1174 0.0607032 -0.113873 0.0010135
v1175 0.0830356 -0.108092 8.74161e-05
v1176 0.0604464 -0.113871 0.00108382
v1177 0.0833713 -0.108053 0.00018661
v1178 0.0601875 -0.113871 0.00114834
v1179 0.0835388 -0.108033 0.000235012
v1180 0.059929 -0.11387 0.00121409
v1181 0.083706 -0.108014 0.000282581
v1182 0.0596755 -0.113867 0.00129426
v1183 0.0863972 -0.111931 0.000910984
v1184 0.0594223 -0.113863 0.00137525
v1185 0.0860593 -0.111968 0.000811273
v1186 0.0591683 -0.11386 0.00145433
v1187 0.0858891 -0.111988 0.000758229
v1188 0.0589129 -0.113857 0.00152958
v1189 0.0855548 -0.112023 0.000665375
v1190 0.0847131 -0.112116 0.000416515
v1191 0.0585336 -0.113851 0.00165329
v1192 0.0851708 -0.120591 0.00150049
v1193 0.0582797 -0.113847 0.00173327
v1194 0.0732526 -0.100223 8.75771e-05
v1195 0.0580267 -0.113843 0.00181563
v1196 0.0825461 -0.108008 -4.69328e-05
v1197 0.0577751 -0.113838 0.00190249
v1198 0.082714 -0.107988 3.41458e-06
v1199 0.0575232 -0.113833 0.00198883
v1200 0.0748315 -0.100414 7.66828e-05
v1201 0.057271 -0.113828 0.00207416
v1202 0.0853271 -0.120445 0.00150877
v1203 0.0570165 -0.113825 0.00215322
v1204 0.0568918 -0.113822 0.00220022
v1205 0.0567655 -0.113819 0.00224253
v1206 0.0729673 -0.100237 9.84608e-05
v1207 0.0816551 -0.105673 -2.64486e-05
v1208 0.0563873 -0.113812 0.00237211
v1209 0.0814892 -0.105693 -7.22971e-05
v1210 0.0813237 -0.105712 -0.000117482
v1211 0.0883163 -0.114078 0.00154844
v1212 0.0879813 -0.114112 0.00145813
v1213 0.0878102 -0.114131 0.00140469
v1214 0.0874737 -0.114165 0.00130997
v1215 0.0873018 -0.114185 0.00125435
v1216 0.0873948 -0.117588 0.00155928
v1217 0.0879011 -0.117538 0.00170708
v1218 0.0882453 -0.117502 0.00181924
v1219 0.0884117 -0.117487 0.00186261
v1220 0.0885806 -0.11747 0.0019114
v1221 0.0887492 -0.117453 0.00195917
v1222 0.0809951 -0.105749 -0.000203138
v1223 0.0787577 -0.103914 -0.000213243
v1224 0.0850329 -0.112494 0.000528574
v1225 0.0542534 -0.113762 0.0031431
v1226 0.0855353 -0.11244 0.000672014
v1227 0.0857068 -0.11242 0.000728355
v1228 0.0860367 -0.112387 0.000811514
v1229 0.0863759 -0.11235 0.000914392
v1230 0.0580561 -0.100097 0.00420794
v1231 0.0526305 -0.113715 0.00377217
v1232 0.0525045 -0.113712 0.00381735
v1233 0.0677326 -0.113912 -0.000222455
v1234 0.0673265 -0.113922 -0.000172426
v1235 0.0671924 -0.113924 -0.000152451
v1236 0.0865389 -0.112334 0.000950872
v1237 0.0669245 -0.113929 -0.000112148
v1238 0.0549655 -0.100047 0.00571574
v1239 0.0872834 -0.1146 0.00126469
v1240 0.0874556 -0.114581 0.00132115
v1241 0.0876223 -0.114565 0.00136535
v1242 0.0879614 -0.114529 0.0014658
v1243 0.0881328 -0.11451 0.00151954
v1244 0.088472 -0.114475 0.00161907
v1245 0.0630142 -0.100359 0.00197323
v1246 0.05631 -0.100144 0.00500271
v1247 0.0565558 -0.100161 0.00487868
v1248 0.0566792 -0.100168 0.00481842
v1249 0.0568005 -0.100178 0.00475178
v1250 0.0444367 -0.107934 0.00759229
v1251 0.0635243 -0.100373 0.0017963
v1252 0.0887519 -0.117317 0.001948
v1253 0.0339984 -0.117831 0.0119914
v1254 0.088657 -0.114178 0.00166758
v1255 0.0884833 -0.114198 0.00160929
v1256 0.0869565 -0.114359 0.00115602
v1257 0.0880561 -0.112172 0.00138266
v1258 0.0885812 -0.117063 0.00186155
v1259 0.0882491 -0.117094 0.00177669
v1260 0.0880657 -0.117117 0.0016961
v1261 0.0866204 -0.114394 0.00106018
v1262 0.0875738 -0.117161 0.00158056
v1263 0.0864505 -0.114412 0.00100776
v1264 0.0789288 -0.103754 -0.000168624
v1265 0.0790875 -0.103738 -0.000137807
v1266 0.0795691 -0.103686 -3.31481e-05
v1267 0.0877483 -0.111921 0.00131805
v1268 0.0848687 -0.112375 0.000471244
v1269 0.0850426 -0.112354 0.000533782
v1270 0.0852096 -0.112336 0.000580633
v1271 0.0835803 -0.107602 0.000279206
v1272 0.0834119 -0.107622 0.000228974
v1273 0.0832339 -0.107647 0.000156985
v1274 0.0829049 -0.107683 7.28695e-05
v1275 0.0825654 -0.107725 -3.55869e-05
v1276 0.086722 -0.112173 0.00101468
v1277 0.0868924 -0.112154 0.00106729
v1278 0.0870568 -0.112138 0.00110644
v1279 0.0873928 -0.112102 0.00119995
v1280 0.0835653 -0.107746 0.000261903
v1281 0.0486768 -0.103665 0.00685419
v1282 0.0725495 -0.100252 0.000139591
v1283 0.0341145 -0.132793 0.0172139
v1284 0.0788655 -0.13194 0.00462793
v1285 0.0786257 -0.103641 -0.000212864
v1286 0.0862985 -0.120096 0.00169474
v1287 0.0748526 -0.100263 0.00011323
v1288 0.0750084 -0.100248 0.000139047
v1289 0.0751619 -0.100234 0.000159009
v1290 0.0754687 -0.100206 0.000197952
v1291 0.0586581 -0.113989 0.00161734
v1292 0.0757788 -0.100176 0.000244405
v1293 0.0526345 -0.102159 0.00572613
v1294 0.0606484 -0.100247 0.0029869
v1295 0.0607732 -0.100253 0.00293347
v1296 0.0609002 -0.100257 0.0028866
v1297 0.0772696 -0.102295 -0.000136618
v1298 0.0570615 -0.100043 0.00466348
v1299 0.0818067 -0.105798 2.87148e-06
v1300 0.0573077 -0.100058 0.00454171
v1301 0.049069 -0.103531 0.0067308
v1302 0.0491932 -0.103539 0.0066709
v1303 0.0493167 -0.103546 0.00660869
v1304 0.0495635 -0.103562 0.00648407
v1305 0.0783144 -0.10367 -0.000261398
v1306 0.0781599 -0.103684 -0.000283043
v1307 0.0780049 -0.103698 -0.000306031
v1308 0.0778509 -0.103711 -0.0003268
v1309 0.077541 -0.10374 -0.000373267
v1310 0.0772293 -0.103769 -0.000424486
v1311 0.0561373 -0.11394 0.00247533
v1312 0.07692 -0.103798 -0.000470716
v1313 0.0558878 -0.113933 0.0025698
v1314 0.0767619 -0.103814 -0.00050215
v1315 0.0556352 -0.113929 0.00265529
v1316 0.076461 -0.103837 -0.000528895
v1317 0.0553826 -0.113924 0.00274128
v1318 0.0763086 -0.10385 -0.000547237
v1319 0.055129 -0.11392 0.00282431
v1320 0.0761566 -0.103863 -0.000564718
v1321 0.0758581 -0.103885 -0.000586605
v1322 0.0547513 -0.113912 0.00295716
v1323 0.0546281 -0.113907 0.0030097
v1324 0.0545043 -0.113903 0.00306069
v1325 0.0755524 -0.103912 -0.000626373
v1326 0.0542515 -0.113898 0.00314685
v1327 0.0531358 -0.113861 0.00360497
v1328 0.0754037 -0.103922 -0.000636544
v1329 0.0528846 -0.113855 0.00369738
v1330 0.0751063 -0.103944 -0.000656909
v1331 0.0526282 -0.113852 0.00377409
v1332 0.0525016 -0.113849 0.00381753
v1333 0.067873 -0.11404 -0.000212624
v1334 0.0748084 -0.103966 -0.00067908
v1335 0.0745158 -0.103985 -0.000688658
v1336 0.0742178 -0.104007 -0.000711765
v1337 0.0739235 -0.104027 -0.000726313
v1338 0.0737742 -0.104038 -0.00073889
v1339 0.066387 -0.114075 -2.29489e-05
v1340 0.065846 -0.114088 4.35547e-05
v1341 0.0734864 -0.104054 -0.000737984
v1342 0.0655791 -0.114092 8.63669e-05
v1343 0.0731926 -0.104074 -0.00075214
v1344 0.0653135 -0.114096 0.000132334
v1345 0.0729053 -0.10409 -0.000750683
v1346 0.0650506 -0.114098 0.000185533
v1347 0.0726169 -0.104107 -0.000752362
v1348 0.0647881 -0.1141 0.000240034
v1349 0.0723275 -0.104124 -0.000756715
v1350 0.0645217 -0.114105 0.000283775
v1351 0.083493 -0.117529 0.000599358
v1352 0.064256 -0.114108 0.000329508
v1353 0.0831723 -0.117557 0.000529322
v1354 0.0639901 -0.114113 0.000374405
v1355 0.0637231 -0.114117 0.000416495
v1356 0.0828492 -0.117586 0.000453298
v1357 0.0634572 -0.114121 0.000461245
v1358 0.0826909 -0.117599 0.000422422
v1359 0.0631925 -0.114125 0.000509628
v1360 0.0627917 -0.114132 0.000571435
v1361 0.0626586 -0.114134 0.00059333
v1362 0.0823798 -0.117622 0.000372672
v1363 0.0623966 -0.114136 0.000648703
v1364 0.0820643 -0.117648 0.000312266
v1365 0.0621334 -0.114138 0.000700853
v1366 0.0808505 -0.117729 0.000175878
v1367 0.0618716 -0.11414 0.000756948
v1368 0.0808042 -0.115065 -0.000245966
v1369 0.0616107 -0.114141 0.000815296
v1370 0.0809563 -0.115054 -0.000227924
v1371 0.0613502 -0.114142 0.000875063
v1372 0.0811214 -0.115037 -0.000180485
v1373 0.0610854 -0.114145 0.000922596
v1374 0.0814236 -0.115017 -0.000149859
v1375 0.0817447 -0.114987 -7.65487e-05
v1376 0.0606962 -0.114145 0.00101669
v1377 0.0820498 -0.114965 -4.02484e-05
v1378 0.0604414 -0.114143 0.0010926
v1379 0.0822043 -0.114954 -1.80148e-05
v1380 0.0601857 -0.114141 0.00116582
v1381 0.0823723 -0.114935 3.5016e-05
v1382 0.0599281 -0.11414 0.00123418
v1383 0.0825281 -0.114923 5.98286e-05
v1384 0.0596699 -0.114139 0.00130068
v1385 0.0828405 -0.114898 0.000111311
v1386 0.0594102 -0.114139 0.00136297
v1387 0.0830077 -0.11488 0.000161651
v1388 0.0591581 -0.114135 0.001447
v1389 0.0833212 -0.114855 0.000214676
v1390 0.0589064 -0.11413 0.00153271
v1391 0.0836492 -0.114823 0.000299997
v1392 0.0586521 -0.114127 0.00161086
v1393 0.0585245 -0.114125 0.00164869
v1394 0.0838071 -0.11481 0.000328574
v1395 0.0582732 -0.11412 0.00173583
v1396 0.0841268 -0.114782 0.000393905
v1397 0.0580255 -0.114113 0.00183363
v1398 0.0844564 -0.114749 0.000481026
v1399 0.0577738 -0.114108 0.00192009
v1400 0.0846182 -0.114734 0.000517448
v1401 0.0575231 -0.114102 0.00200978
v1402 0.0847831 -0.114718 0.00056078
v1403 0.0572717 -0.114097 0.00209736
v1404 0.0849558 -0.114698 0.00062128
v1405 0.0570169 -0.114094 0.00217508
v1406 0.0852838 -0.114666 0.000702994
v1407 0.0567636 -0.11409 0.0022577
v1408 0.0854515 -0.114649 0.000751844
v1409 0.0857858 -0.114614 0.000846267
v1410 0.0563874 -0.114081 0.00239278
v1411 0.0562633 -0.114077 0.00244197
v1412 0.08612 -0.11458 0.000939915
v1413 0.0498147 -0.103574 0.00637414
v1414 0.0500697 -0.103582 0.006277
v1415 0.0503224 -0.103592 0.00617276
v1416 0.0505719 -0.103605 0.00605842
v1417 0.0508197 -0.103619 0.00593924
v1418 0.0509431 -0.103627 0.00587815
v1419 0.0511929 -0.103639 0.00576571
v1420 0.0514493 -0.103646 0.00567499
v1421 0.0517024 -0.103656 0.00557384
v1422 0.0380096 -0.114968 0.0100719
v1423 0.051957 -0.103664 0.00547804
v1424 0.0522098 -0.103674 0.00537651
v1425 0.0354885 -0.131823 0.0159285
v1426 0.0357467 -0.131826 0.0158383
v1427 0.0387535 -0.132851 0.0155402
v1428 0.0386259 -0.132848 0.0155905
v1429 0.0383683 -0.132846 0.0156814
v1430 0.0381117 -0.132842 0.0157766
v1431 0.0377259 -0.132837 0.0159166
v1432 0.037598 -0.132835 0.0159665
v1433 0.0523758 -0.113982 0.00387218
v1434 0.0678773 -0.114171 -0.000188428
v1435 0.067742 -0.114174 -0.000171355
v1436 0.0672 -0.114188 -0.000106407
v1437 0.0374675 -0.132835 0.0160058
v1438 0.066932 -0.114193 -6.63062e-05
v1439 0.0372081 -0.132832 0.0160907
v1440 0.0659857 -0.114216 5.16964e-05
v1441 0.0369505 -0.132829 0.0161837
v1442 0.0368209 -0.132828 0.0162267
v1443 0.036692 -0.132827 0.0162731
v1444 0.0364338 -0.132824 0.0163636
v1445 0.0361759 -0.132821 0.0164561
v1446 0.0360494 -0.132818 0.0165123
v1447 0.0359196 -0.132817 0.0165551
v1448 0.0356598 -0.132815 0.0166407
v1449 0.0354031 -0.132811 0.0167389
v1450 0.064654 -0.114237 0.000272031
v1451 0.0352731 -0.13281 0.0167813
v1452 0.0350196 -0.132804 0.0168934
v1453 0.0347581 -0.132803 0.0169724
v1454 0.0345021 -0.132798 0.0170749
v1455 0.0524571 -0.103688 0.00525812
v1456 0.0779015 -0.132981 0.00519348
v1457 0.0341214 -0.1177 0.0119212
v1458 0.0528357 -0.103702 0.00510515
v1459 0.0530885 -0.103712 0.00500483
v1460 0.0533331 -0.103727 0.00487949
v1461 0.0630588 -0.114261 0.000541879
v1462 0.0566944 -0.104023 0.0034162
v1463 0.0564403 -0.104016 0.00350781
v1464 0.056317 -0.104009 0.00356503
v1465 0.056192 -0.104004 0.00361703
v1466 0.0534537 -0.103737 0.00481169
v1467 0.0535783 -0.103743 0.00475641
v1468 0.0555643 -0.103979 0.00387075
v1469 0.0553116 -0.103971 0.00396775
v1470 0.0550588 -0.103962 0.00406499
v1471 0.0548058 -0.103954 0.0041615
v1472 0.0545552 -0.103943 0.00426606
v1473 0.0543047 -0.103933 0.00437084
v1474 0.0540528 -0.103923 0.00447186
v1475 0.053683 -0.103902 0.00464903
v1476 0.0534348 -0.10389 0.00476212
v1477 0.0531939 -0.103871 0.00489876
v1478 0.0529433 -0.10386 0.00500541
v1479 0.0526945 -0.103848 0.00511808
v1480 0.0525691 -0.103842 0.00517146
v1481 0.0523209 -0.103829 0.00528669
v1482 0.0520717 -0.103817 0.00539903
v1483 0.0519426 -0.103814 0.00544112
v1484 0.0518171 -0.103808 0.00549459
v1485 0.0501818 -0.103738 0.00618682
v1486 0.048928 -0.103677 0.00674337
v1487 0.0538237 -0.103758 0.00463431
v1488 0.0539468 -0.103765 0.0045745
v1489 0.0540715 -0.103771 0.00452014
v1490 0.0544494 -0.103785 0.00436832
v1491 0.0545716 -0.103793 0.00430641
v1492 0.0546967 -0.103798 0.00425363
v1493 0.0552013 -0.103816 0.00405513
v1494 0.0557033 -0.103836 0.00385043
v1495 0.0559515 -0.103848 0.00374008
v1496 0.0836579 -0.117514 0.000644475
v1497 0.083816 -0.117501 0.000674037
v1498 0.0570808 -0.103892 0.00328433
v1499 0.057205 -0.103898 0.00323018
v1500 0.0573294 -0.103904 0.0031767
v1501 0.0841333 -0.117475 0.000735154
v1502 0.0844592 -0.117445 0.000814856
v1503 0.08462 -0.117432 0.000849869
v1504 0.0849428 -0.117403 0.000921695
v1505 0.0852665 -0.117375 0.000994892
v1506 0.0854284 -0.117361 0.00103137
v1507 0.0857532 -0.117332 0.00110608
v1508 0.0859171 -0.117317 0.00114652
v1509 0.0860811 -0.117302 0.00118709
v1510 0.086245 -0.117287 0.00122723
v1511 0.0865693 -0.117259 0.00129925
v1512 0.0782988 -0.103816 -0.000282635
v1513 0.0779918 -0.103842 -0.000321609
v1514 0.077837 -0.103856 -0.000344349
v1515 0.0561394 -0.114208 0.00250195
v1516 0.0775252 -0.103886 -0.000395386
v1517 0.0558879 -0.114203 0.00259048
v1518 0.0772144 -0.103915 -0.000444726
v1519 0.0556355 -0.114198 0.0026763
v1520 0.0555075 -0.114197 0.00271407
v1521 0.0553833 -0.114193 0.00276326
v1522 0.0769071 -0.103942 -0.000486189
v1523 0.055129 -0.114189 0.00284381
v1524 0.0752425 -0.104077 -0.000661966
v1525 0.0750949 -0.104087 -0.000669683
v1526 0.0547523 -0.114181 0.0029795
v1527 0.0747994 -0.104108 -0.000685984
v1528 0.0545024 -0.114174 0.00307417
v1529 0.0745055 -0.104127 -0.000698935
v1530 0.0528849 -0.114125 0.00371683
v1531 0.0742074 -0.10415 -0.000722471
v1532 0.0526307 -0.114121 0.00379989
v1533 0.0740596 -0.10416 -0.000731278
v1534 0.0523772 -0.114116 0.00388546
v1535 0.0737636 -0.104181 -0.000750254
v1536 0.051382 -0.114084 0.00428986
v1537 0.0512556 -0.114081 0.00433452
v1538 0.0734755 -0.104197 -0.000750265
v1539 0.0721697 -0.104277 -0.000777342
v1540 0.0869077 -0.117225 0.00140154
v1541 0.0877345 -0.117283 0.00162894
v1542 0.087068 -0.117212 0.00143295
v1543 0.0872291 -0.117333 0.00148273
v1544 0.0659896 -0.114348 7.47748e-05
v1545 0.0657193 -0.114354 0.000108354
v1546 0.0655846 -0.114357 0.000126443
v1547 0.0869027 -0.117362 0.00140724
v1548 0.0653159 -0.114363 0.000164112
v1549 0.0867332 -0.11738 0.00135556
v1550 0.0650532 -0.114365 0.00021783
v1551 0.0865692 -0.117394 0.00131578
v1552 0.0647896 -0.114368 0.000268912
v1553 0.0646547 -0.114371 0.000286242
v1554 0.0645224 -0.114372 0.000310672
v1555 0.0864074 -0.117408 0.00128061
v1556 0.0642577 -0.114376 0.000358725
v1557 0.0860868 -0.117435 0.00121642
v1558 0.063589 -0.114388 0.000460203
v1559 0.0634573 -0.114389 0.000485986
v1560 0.0855944 -0.11748 0.0010935
v1561 0.0631941 -0.114392 0.000537968
v1562 0.0630605 -0.114394 0.000558584
v1563 0.0629286 -0.114396 0.000583949
v1564 0.0842997 -0.117593 0.000799286
v1565 0.0626632 -0.114399 0.00063001
v1566 0.0839756 -0.117622 0.000723159
v1567 0.0624019 -0.114401 0.000687265
v1568 0.0836583 -0.117648 0.000661613
v1569 0.062139 -0.114403 0.00074002
v1570 0.0834957 -0.117663 0.00062184
v1571 0.0618719 -0.114408 0.000781292
v1572 0.0831728 -0.117691 0.00054673
v1573 0.0616078 -0.114411 0.000830733
v1574 0.0830132 -0.117705 0.000513096
v1575 0.0613481 -0.114411 0.000892493
v1576 0.0828546 -0.117718 0.000481758
v1577 0.0610847 -0.114414 0.000943825
v1578 0.0805111 -0.114947 -0.000272179
v1579 0.0814336 -0.114877 -0.000142797
v1580 0.0606973 -0.114413 0.00104261
v1581 0.0817518 -0.114849 -7.63672e-05
v1582 0.060442 -0.114411 0.00111693
v1583 0.082061 -0.114825 -3.09038e-05
v1584 0.0601816 -0.114412 0.00117689
v1585 0.0822156 -0.114813 -8.27047e-06
v1586 0.059925 -0.11441 0.00124783
v1587 0.0823774 -0.114798 3.03295e-05
v1588 0.059669 -0.114408 0.00132037
v1589 0.059541 -0.114407 0.00135676
v1590 0.0594112 -0.114407 0.00138803
v1591 0.0825366 -0.114784 6.30238e-05
v1592 0.059158 -0.114403 0.00146899
v1593 0.0828559 -0.114756 0.000130155
v1594 0.0589041 -0.1144 0.00154813
v1595 0.0844629 -0.114611 0.000479173
v1596 0.0586486 -0.114398 0.00162259
v1597 0.0846259 -0.114595 0.000518319
v1598 0.0847892 -0.11458 0.000557889
v1599 0.0582681 -0.114392 0.00174253
v1600 0.0849608 -0.11456 0.000616048
v1601 0.0580208 -0.114385 0.00184153
v1602 0.0852894 -0.114528 0.000698887
v1603 0.0577724 -0.114378 0.00193725
v1604 0.085453 -0.114513 0.000738533
v1605 0.057523 -0.114371 0.00203037
v1606 0.087736 -0.117147 0.00161531
v1607 0.0572753 -0.114364 0.00212897
v1608 0.0571494 -0.114361 0.00217217
v1609 0.057022 -0.11436 0.00221116
v1610 0.0390113 -0.132853 0.0154502
v1611 0.0391405 -0.132855 0.0154066
v1612 0.0566417 -0.114354 0.00233382
v1613 0.0392665 -0.132857 0.0153507
v1614 0.0563894 -0.114349 0.00241919
v1615 0.0562646 -0.114346 0.00246613
v1616 0.0395216 -0.132862 0.015251
v1617 0.0343718 -0.117573 0.0117994
v1618 0.0820649 -0.117513 0.000297587
v1619 0.0822186 -0.117502 0.00031869
v1620 0.0825313 -0.117478 0.000372349
v1621 0.0380083 -0.114831 0.010064
v1622 0.0833253 -0.117412 0.000531779
v1623 0.0877339 -0.117419 0.00164456
v1624 0.0844538 -0.117313 0.000786577
v1625 0.084616 -0.117299 0.000824572
v1626 0.0548735 -0.114321 0.00293077
v1627 0.0581628 -0.104244 0.00271814
v1628 0.0580412 -0.104237 0.00277868
v1629 0.0530062 -0.114266 0.00366625
v1630 0.0569267 -0.104184 0.00327059
v1631 0.0566786 -0.104172 0.00337948
v1632 0.0564236 -0.104166 0.00346831
v1633 0.0563002 -0.104159 0.00352497
v1634 0.0561762 -0.104153 0.00358009
v1635 0.0559221 -0.104146 0.00367192
v1636 0.0521283 -0.114243 0.00399479
v1637 0.0556744 -0.104134 0.0037833
v1638 0.0555502 -0.104128 0.00383809
v1639 0.0552928 -0.104123 0.00392082
v1640 0.0510013 -0.114212 0.00442727
v1641 0.0672073 -0.114452 -6.12333e-05
v1642 0.0550432 -0.104112 0.00402735
v1643 0.0669411 -0.114456 -1.6461e-05
v1644 0.0549146 -0.104109 0.00406925
v1645 0.0547882 -0.104105 0.0041177
v1646 0.0545385 -0.104094 0.00422463
v1647 0.0542815 -0.104089 0.00430938
v1648 0.0541563 -0.104083 0.00436184
v1649 0.0540311 -0.104078 0.00441453
v1650 0.0537852 -0.104064 0.00453423
v1651 0.0531727 -0.104026 0.00484183
v1652 0.0515476 -0.10395 0.00555171
v1653 0.0512951 -0.103941 0.00565438
v1654 0.0511688 -0.103936 0.00570572
v1655 0.0510423 -0.103931 0.00575632
v1656 0.0507907 -0.10392 0.00586264
v1657 0.0505441 -0.103905 0.0059854
v1658 0.0501651 -0.10389 0.0061407
v1659 0.0499138 -0.103878 0.00624941
v1660 0.049664 -0.103866 0.00636307
v1661 0.0494122 -0.103855 0.00647049
v1662 0.0492876 -0.103848 0.00652873
v1663 0.0491635 -0.103841 0.00658874
v1664 0.0489133 -0.103828 0.0067025
v1665 0.0486616 -0.103817 0.00681143
v1666 0.0849397 -0.11727 0.000898408
v1667 0.0852658 -0.117241 0.000976906
v1668 0.0617392 -0.114544 0.000815852
v1669 0.0854307 -0.117225 0.00101999
v1670 0.0874011 -0.117045 0.00150562
v1671 0.0864434 -0.114687 0.00102566
v1672 0.0861161 -0.114717 0.000948019
v1673 0.0859462 -0.114736 0.000895036
v1674 0.0719042 -0.104007 -0.000751156
v1675 0.0720464 -0.104 -0.00075477
v1676 0.0721958 -0.103988 -0.000740966
v1677 0.0605698 -0.114546 0.00109173
v1678 0.0724866 -0.10397 -0.000733097
v1679 0.0727746 -0.103954 -0.00073249
v1680 0.0730604 -0.103939 -0.000737639
v1681 0.0785948 -0.103933 -0.000254542
v1682 0.0784404 -0.103947 -0.000275728
v1683 0.0768948 -0.104086 -0.000500233
v1684 0.076739 -0.104101 -0.000526466
v1685 0.0765882 -0.104113 -0.000540645
v1686 0.0764367 -0.104125 -0.000556767
v1687 0.0761372 -0.104148 -0.000581166
v1688 0.0758358 -0.104171 -0.000610177
v1689 0.0756836 -0.104184 -0.000628716
v1690 0.0733209 -0.104348 -0.000761859
v1691 0.0731706 -0.10436 -0.000777436
v1692 0.0728808 -0.104378 -0.000782486
v1693 0.0725902 -0.104396 -0.000789719
v1694 0.0724455 -0.104404 -0.00079198
v1695 0.0578959 -0.114516 0.00189785
v1696 0.0721577 -0.104421 -0.00079286
v1697 0.0857607 -0.117599 0.00115595
v1698 0.0855956 -0.117614 0.00111262
v1699 0.0852761 -0.11764 0.00104937
v1700 0.0851117 -0.117656 0.00100696
v1701 0.0847897 -0.117683 0.000937205
v1702 0.0844632 -0.117713 0.000856695
v1703 0.0843018 -0.117727 0.000820193
v1704 0.0827028 -0.117862 0.00048155
v1705 0.0823874 -0.117887 0.000422011
v1706 0.0820733 -0.117912 0.000364704
v1707 0.0340022 -0.117966 0.0120081
v1708 0.0751192 -0.1038 -0.000640715
v1709 0.0561413 -0.114477 0.00252777
v1710 0.0752689 -0.103788 -0.000628059
v1711 0.0558889 -0.114472 0.00261347
v1712 0.0755662 -0.103767 -0.000608249
v1713 0.0556365 -0.114467 0.0026993
v1714 0.0555094 -0.114465 0.00273975
v1715 0.0553841 -0.114462 0.00278556
v1716 0.075721 -0.103752 -0.000583496
v1717 0.0551276 -0.11446 0.00285942
v1718 0.0872289 -0.117604 0.00151581
v1719 0.0548725 -0.114457 0.0029377
v1720 0.0547474 -0.114454 0.00298426
v1721 0.0869015 -0.117633 0.00143817
v1722 0.0544969 -0.114448 0.00307661
v1723 0.0867337 -0.117649 0.00139008
v1724 0.0542453 -0.114442 0.00316603
v1725 0.080815 -0.114791 -0.000252638
v1726 0.0539971 -0.114434 0.0032661
v1727 0.0530046 -0.114402 0.00367038
v1728 0.0528862 -0.114394 0.00373908
v1729 0.0809674 -0.11478 -0.000234231
v1730 0.0526323 -0.11439 0.00382295
v1731 0.081124 -0.114767 -0.000206208
v1732 0.0523795 -0.114385 0.00391056
v1733 0.0830148 -0.114607 0.000145443
v1734 0.052126 -0.11438 0.00399642
v1735 0.0833365 -0.114578 0.000216803
v1736 0.0515053 -0.11436 0.00425288
v1737 0.0836586 -0.114548 0.000288573
v1738 0.0512554 -0.114352 0.00435077
v1739 0.0838175 -0.114535 0.000319182
v1740 0.0510007 -0.114348 0.00443389
v1741 0.0841386 -0.114506 0.000387752
v1742 0.0857934 -0.11434 0.000829817
v1743 0.0861249 -0.114307 0.000917263
v1744 0.0669461 -0.114587 9.92576e-06
v1745 0.0654518 -0.114627 0.000174798
v1746 0.0653159 -0.114631 0.000189299
v1747 0.0760191 -0.10373 -0.000562566
v1748 0.0650518 -0.114634 0.000239041
v1749 0.0763206 -0.103706 -0.000533555
v1750 0.0647883 -0.114636 0.000290473
v1751 0.0766232 -0.103682 -0.000502729
v1752 0.0645222 -0.11464 0.000334911
v1753 0.0783311 -0.103523 -0.000237619
v1754 0.0642578 -0.114644 0.000383647
v1755 0.0495863 -0.103404 0.00655082
v1756 0.0637193 -0.114656 0.000455122
v1757 0.0864131 -0.117676 0.00132639
v1758 0.0634549 -0.114659 0.000503678
v1759 0.086094 -0.117701 0.00126548
v1760 0.0631941 -0.11466 0.000562204
v1761 0.0843049 -0.11786 0.000843596
v1762 0.0629304 -0.114663 0.000612869
v1763 0.0841428 -0.117874 0.000805478
v1764 0.0626662 -0.114666 0.000662115
v1765 0.0839811 -0.117889 0.000767978
v1766 0.0624047 -0.114667 0.000718835
v1767 0.0836634 -0.117915 0.000705489
v1768 0.061735 -0.114681 0.00081595
v1769 0.0616005 -0.114684 0.000833766
v1770 0.0569095 -0.104334 0.00323004
v1771 0.0613432 -0.114683 0.000901885
v1772 0.053767 -0.104216 0.00448751
v1773 0.0610844 -0.114682 0.000966197
v1774 0.0535228 -0.1042 0.00461233
v1775 0.0531504 -0.104181 0.00478152
v1776 0.0606949 -0.114683 0.00105882
v1777 0.0605631 -0.114684 0.00108403
v1778 0.0604355 -0.114683 0.00112147
v1779 0.0529095 -0.104163 0.0049181
v1780 0.0597844 -0.114685 0.00127061
v1781 0.0596589 -0.114683 0.00131385
v1782 0.0595322 -0.114681 0.00135391
v1783 0.059406 -0.114679 0.00139546
v1784 0.0526586 -0.104152 0.0050235
v1785 0.0591499 -0.114677 0.00146786
v1786 0.0524128 -0.104137 0.00514545
v1787 0.0588936 -0.114675 0.00153976
v1788 0.0521619 -0.104127 0.00525204
v1789 0.058641 -0.114671 0.00162246
v1790 0.0517874 -0.104109 0.00541786
v1791 0.0583868 -0.114668 0.00170074
v1792 0.0515318 -0.104101 0.00551021
v1793 0.051283 -0.104089 0.00562433
v1794 0.0580162 -0.114657 0.00184943
v1795 0.0578943 -0.114652 0.00190384
v1796 0.0577708 -0.114648 0.00195399
v1797 0.0510291 -0.10408 0.0057225
v1798 0.0575237 -0.11464 0.00205361
v1799 0.0486484 -0.103967 0.00677535
v1800 0.057277 -0.114632 0.00215498
v1801 0.0571526 -0.114629 0.00220248
v1802 0.0570258 -0.114627 0.00224328
v1803 0.0498342 -0.103419 0.00642964
v1804 0.0500861 -0.10343 0.0063222
v1805 0.0566462 -0.11462 0.00236754
v1806 0.0503333 -0.103445 0.00619995
v1807 0.0563918 -0.114617 0.00244693
v1808 0.0505838 -0.103457 0.0060885
v1809 0.0508322 -0.103471 0.00597087
v1810 0.0509564 -0.103477 0.00591239
v1811 0.0512116 -0.103485 0.00581725
v1812 0.0514695 -0.103491 0.0057309
v1813 0.0517312 -0.103494 0.00565682
v1814 0.0519864 -0.103502 0.00556239
v1815 0.0522421 -0.103509 0.00546948
v1816 0.0524933 -0.10352 0.00536287
v1817 0.0527367 -0.103538 0.00523219
v1818 0.0549696 -0.103654 0.00420725
v1819 0.0552217 -0.103663 0.00410729
v1820 0.0785672 -0.104086 -0.000303636
v1821 0.0782571 -0.104114 -0.000349697
v1822 0.0781035 -0.104128 -0.000369696
v1823 0.0777898 -0.104158 -0.000425074
v1824 0.0774769 -0.104188 -0.000479138
v1825 0.0771682 -0.104216 -0.000523748
v1826 0.0768663 -0.10424 -0.000552906
v1827 0.0754996 -0.104353 -0.000708853
v1828 0.0537474 -0.114562 0.00337126
v1829 0.0753523 -0.104363 -0.000715979
v1830 0.0534992 -0.114555 0.00347196
v1831 0.0533749 -0.114551 0.0035217
v1832 0.0750579 -0.104383 -0.000729543
v1833 0.0527591 -0.114528 0.00378955
v1834 0.0747586 -0.104405 -0.000755465
v1835 0.0744635 -0.104426 -0.000771764
v1836 0.0743199 -0.104433 -0.000770295
v1837 0.0740271 -0.104452 -0.000781399
v1838 0.0737285 -0.104475 -0.000807025
v1839 0.0728628 -0.104525 -0.000812582
v1840 0.0518748 -0.114509 0.00409819
v1841 0.0725702 -0.104544 -0.000824973
v1842 0.0724269 -0.104552 -0.000823885
v1843 0.083501 -0.117929 0.000666053
v1844 0.083179 -0.117957 0.000593073
v1845 0.082865 -0.117982 0.000537299
v1846 0.0788398 -0.131816 0.00455151
v1847 0.0554745 -0.103672 0.00400982
v1848 0.0557179 -0.103688 0.00388435
v1849 0.0507512 -0.114476 0.00454225
v1850 0.0672158 -0.114715 -1.27762e-05
v1851 0.0670827 -0.114717 9.62093e-06
v1852 0.0669497 -0.114719 3.2294e-05
v1853 0.035343 -0.131695 0.015905
v1854 0.0559654 -0.1037 0.00377151
v1855 0.0563514 -0.103708 0.00364721
v1856 0.0565997 -0.10372 0.00353776
v1857 0.0649217 -0.114768 0.00028169
v1858 0.0567248 -0.103725 0.00348599
v1859 0.0568503 -0.10373 0.00343544
v1860 0.0808138 -0.114657 -0.00027114
v1861 0.0814345 -0.114607 -0.0001726
v1862 0.081757 -0.114577 -9.63154e-05
v1863 0.0819122 -0.114565 -7.22541e-05
v1864 0.063856 -0.114785 0.000455292
v1865 0.0822246 -0.11454 -1.99176e-05
v1866 0.0823872 -0.114524 2.05764e-05
v1867 0.082545 -0.11451 5.00978e-05
v1868 0.0633267 -0.114792 0.000551094
v1869 0.0828648 -0.114482 0.000117896
v1870 0.0844719 -0.114336 0.000466439
v1871 0.0846338 -0.114321 0.00050299
v1872 0.0847991 -0.114305 0.000546995
v1873 0.0852986 -0.114253 0.000686273
v1874 0.0854645 -0.114236 0.000730871
v1875 0.0570995 -0.103741 0.003329
v1876 0.0573478 -0.103752 0.00322066
v1877 0.0575922 -0.103767 0.00310077
v1878 0.0579584 -0.103789 0.00292097
v1879 0.0842911 -0.114901 0.000452774
v1880 0.0839629 -0.114933 0.000368584
v1881 0.0836454 -0.114959 0.000307642
v1882 0.0834786 -0.114977 0.000258745
v1883 0.0831621 -0.115004 0.00019915
v1884 0.0857652 -0.117866 0.00119895
v1885 0.0856033 -0.11788 0.00116273
v1886 0.0852726 -0.117912 0.00107458
v1887 0.0851138 -0.117924 0.00104466
v1888 0.0847888 -0.117953 0.000967898
v1889 0.0601711 -0.114821 0.00118117
v1890 0.0844674 -0.11798 0.000898821
v1891 0.0828674 -0.118115 0.000558854
v1892 0.0572678 -0.104499 0.00303711
v1893 0.0825534 -0.118139 0.000502768
v1894 0.0823978 -0.118151 0.000477581
v1895 0.0820792 -0.118178 0.000410147
v1896 0.0565159 -0.10447 0.00333969
v1897 0.0563888 -0.104467 0.00338488
v1898 0.0561366 -0.104458 0.00348192
v1899 0.0560101 -0.104454 0.00352909
v1900 0.0558866 -0.104448 0.00358543
v1901 0.0556343 -0.104439 0.00368256
v1902 0.0553797 -0.104432 0.00377289
v1903 0.0552542 -0.104428 0.00382377
v1904 0.0551286 -0.104423 0.00387438
v1905 0.0547548 -0.104406 0.00403552
v1906 0.0546288 -0.104401 0.00408515
v1907 0.0545025 -0.104397 0.00413395
v1908 0.0542564 -0.104383 0.00425149
v1909 0.0540062 -0.104373 0.00435714
v1910 0.0537561 -0.104362 0.00446329
v1911 0.0535049 -0.104352 0.00456614
v1912 0.0533779 -0.104348 0.00461346
v1913 0.0528845 -0.10432 0.00484918
v1914 0.0523876 -0.104295 0.00507514
v1915 0.051885 -0.104275 0.00528511
v1916 0.0507622 -0.10422 0.00578772
v1917 0.0505094 -0.10421 0.00588982
v1918 0.0502581 -0.104199 0.00599722
v1919 0.0500054 -0.104189 0.00610048
v1920 0.0496315 -0.10417 0.00627265
v1921 0.0561438 -0.114744 0.00255572
v1922 0.0493825 -0.104157 0.00638908
v1923 0.0558923 -0.114739 0.00264391
v1924 0.0491306 -0.104146 0.00649608
v1925 0.0556384 -0.114735 0.00272496
v1926 0.0488793 -0.104134 0.00660562
v1927 0.0553828 -0.114733 0.00280149
v1928 0.0486292 -0.104122 0.0067193
v1929 0.0551273 -0.11473 0.00287819
v1930 0.0812719 -0.115162 -0.00015051
v1931 0.0548721 -0.114727 0.00295602
v1932 0.054748 -0.114723 0.00300557
v1933 0.0809569 -0.115188 -0.000210913
v1934 0.0544977 -0.114717 0.00309842
v1935 0.0808048 -0.115199 -0.000228826
v1936 0.0542448 -0.114712 0.00318376
v1937 0.0877347 -0.117013 0.00159565
v1938 0.0539948 -0.114706 0.00327804
v1939 0.0626222 -0.103936 0.0011814
v1940 0.0537483 -0.114697 0.00338356
v1941 0.0348803 -0.117451 0.0115889
v1942 0.0534986 -0.11469 0.00347949
v1943 0.0533731 -0.114687 0.00352537
v1944 0.052885 -0.114665 0.00375343
v1945 0.0527593 -0.114663 0.00379922
v1946 0.0526326 -0.11466 0.00384198
v1947 0.036665 -0.131963 0.0155863
v1948 0.0523808 -0.114655 0.00393265
v1949 0.0364093 -0.131959 0.0156855
v1950 0.0521276 -0.11465 0.00401923
v1951 0.0520005 -0.114648 0.00406084
v1952 0.0518765 -0.114643 0.0041124
v1953 0.0361528 -0.131955 0.015782
v1954 0.0516312 -0.114633 0.00422437
v1955 0.0358963 -0.131952 0.0158784
v1956 0.0513839 -0.114624 0.00433028
v1957 0.051258 -0.114621 0.00437631
v1958 0.0356386 -0.131948 0.0159704
v1959 0.0510045 -0.114616 0.00446294
v1960 0.0353835 -0.131944 0.0160737
v1961 0.0800712 -0.117522 7.90008e-06
v1962 0.0506277 -0.114607 0.00460448
v1963 0.0809842 -0.117459 0.000120432
v1964 0.0811434 -0.117445 0.00015491
v1965 0.0655931 -0.114888 0.000199839
v1966 0.0817506 -0.117404 0.000223559
v1967 0.0653245 -0.114894 0.000237513
v1968 0.0829986 -0.117308 0.000431695
v1969 0.0650565 -0.114899 0.000276984
v1970 0.0833232 -0.117279 0.000510894
v1971 0.0647902 -0.114903 0.000320611
v1972 0.0834873 -0.117263 0.00055422
v1973 0.0645251 -0.114907 0.000367648
v1974 0.0836443 -0.117251 0.000581444
v1975 0.0642599 -0.11491 0.000414098
v1976 0.0838043 -0.117237 0.000615189
v1977 0.0639911 -0.114916 0.000450992
v1978 0.08413 -0.117207 0.000695126
v1979 0.0637231 -0.114921 0.000489824
v1980 0.0791798 -0.104171 -0.000215318
v1981 0.0634596 -0.114924 0.000540899
v1982 0.0788672 -0.104201 -0.000266154
v1983 0.0631957 -0.114927 0.000590862
v1984 0.0787112 -0.104215 -0.000291317
v1985 0.0629278 -0.114932 0.000629901
v1986 0.0773086 -0.104347 -0.000519332
v1987 0.0626624 -0.114936 0.00067566
v1988 0.0770063 -0.104371 -0.000549228
v1989 0.0624017 -0.114937 0.000734149
v1990 0.0767006 -0.104397 -0.000587578
v1991 0.0617354 -0.114948 0.000840572
v1992 0.061602 -0.114951 0.000861246
v1993 0.0764008 -0.10442 -0.000612427
v1994 0.0613428 -0.114951 0.000924017
v1995 0.0760976 -0.104444 -0.000645921
v1996 0.0610817 -0.114952 0.000981643
v1997 0.0759466 -0.104457 -0.000661361
v1998 0.0608203 -0.114954 0.00103852
v1999 0.0737193 -0.104617 -0.000815072
v2000 0.0605601 -0.114954 0.00109862
v2001 0.0604357 -0.114951 0.00114469
v2002 0.0397974 -0.13299 0.0152346
v2003 0.0601722 -0.114954 0.0011955
v2004 0.0392897 -0.132981 0.0154437
v2005 0.0599116 -0.114955 0.00125455
v2006 0.0386481 -0.132972 0.0156801
v2007 0.0596573 -0.114952 0.00133178
v2008 0.0595297 -0.114951 0.00136911
v2009 0.0594021 -0.11495 0.00140656
v2010 0.0378777 -0.132962 0.0159643
v2011 0.0591473 -0.114947 0.00148238
v2012 0.0371033 -0.132954 0.0162351
v2013 0.0588896 -0.114946 0.0015501
v2014 0.0363279 -0.132946 0.016505
v2015 0.058635 -0.114943 0.00162696
v2016 0.0355541 -0.132936 0.0167839
v2017 0.0583835 -0.114939 0.00171274
v2018 0.0347812 -0.132926 0.0170694
v2019 0.0846134 -0.117165 0.000802235
v2020 0.0580121 -0.114928 0.00185894
v2021 0.0578911 -0.114922 0.00191592
v2022 0.0577704 -0.114917 0.00197389
v2023 0.0857517 -0.117063 0.00106963
v2024 0.057525 -0.114908 0.00207873
v2025 0.0859216 -0.117045 0.00112332
v2026 0.0572786 -0.1149 0.00218063
v2027 0.0860911 -0.117028 0.00117598
v2028 0.0570281 -0.114894 0.00227085
v2029 0.0862431 -0.117018 0.00118967
v2030 0.0865705 -0.116989 0.00126831
v2031 0.0872236 -0.117877 0.00153788
v2032 0.0565247 -0.114884 0.00244467
v2033 0.0869041 -0.117902 0.00147742
v2034 0.0867303 -0.117921 0.00141619
v2035 0.0864097 -0.117947 0.00135219
v2036 0.0862512 -0.11796 0.00132416
v2037 0.0860943 -0.117971 0.00129941
v2038 0.0852738 -0.118046 0.00109365
v2039 0.084147 -0.118142 0.000847447
v2040 0.0839848 -0.118156 0.000808883
v2041 0.0836669 -0.118182 0.000745917
v2042 0.0835035 -0.118197 0.000704069
v2043 0.0831848 -0.118223 0.00063847
v2044 0.0828702 -0.118248 0.000581259
v2045 0.082712 -0.118261 0.000550587
v2046 0.0805122 -0.114543 -0.000316775
v2047 0.0806631 -0.114532 -0.000301574
v2048 0.0809673 -0.114511 -0.00026588
v2049 0.081129 -0.114495 -0.000226333
v2050 0.0828699 -0.114344 0.000113343
v2051 0.0830281 -0.114331 0.000143117
v2052 0.0833424 -0.114305 0.00019781
v2053 0.0836686 -0.114273 0.000278404
v2054 0.0838258 -0.114261 0.000305269
v2055 0.0841462 -0.114232 0.00037196
v2056 0.0573758 -0.104653 0.00294676
v2057 0.0572509 -0.104648 0.00299792
v2058 0.0869075 -0.116955 0.00136751
v2059 0.0858044 -0.114064 0.000820881
v2060 0.0870699 -0.11694 0.00140342
v2061 0.0714985 -0.103879 -0.000701624
v2062 0.0539875 -0.104525 0.0043089
v2063 0.0532349 -0.104494 0.00462025
v2064 0.0528682 -0.104471 0.00480707
v2065 0.0526202 -0.104459 0.00492115
v2066 0.0523703 -0.104447 0.00502966
v2067 0.0521211 -0.104435 0.00514089
v2068 0.0518735 -0.104422 0.00525731
v2069 0.0516235 -0.10441 0.00536659
v2070 0.0514975 -0.104405 0.0054181
v2071 0.0512513 -0.104391 0.00554025
v2072 0.0510018 -0.104378 0.00565198
v2073 0.050756 -0.114744 0.00457415
v2074 0.0506281 -0.114742 0.00461406
v2075 0.0672255 -0.114977 3.88006e-05
v2076 0.0508746 -0.104374 0.00570034
v2077 0.0507498 -0.104368 0.00575631
v2078 0.0504988 -0.104357 0.00586402
v2079 0.0502472 -0.104346 0.00597022
v2080 0.0651931 -0.115029 0.000276662
v2081 0.0491188 -0.104294 0.00646485
v2082 0.0729341 -0.103799 -0.000708427
v2083 0.0730782 -0.103791 -0.000708217
v2084 0.073374 -0.10377 -0.000689316
v2085 0.0736654 -0.103752 -0.000681521
v2086 0.0738093 -0.103744 -0.000682189
v2087 0.0741098 -0.10372 -0.000652673
v2088 0.0744036 -0.1037 -0.000640042
v2089 0.0746975 -0.10368 -0.000627277
v2090 0.0760403 -0.103581 -0.000526626
v2091 0.0766535 -0.103527 -0.000445502
v2092 0.0768062 -0.103514 -0.000426799
v2093 0.0771148 -0.103486 -0.000382428
v2094 0.0774255 -0.103457 -0.000333774
v2095 0.0775842 -0.10344 -0.000301521
v2096 0.0778934 -0.103412 -0.000257233
v2097 0.0503487 -0.103293 0.00624167
v2098 0.0517473 -0.103342 0.00569937
v2099 0.0788518 -0.104347 -0.000286777
v2100 0.0785392 -0.104376 -0.000338392
v2101 0.0783848 -0.10439 -0.000359891
v2102 0.0780754 -0.104418 -0.000404961
v2103 0.0777643 -0.104446 -0.000454457
v2104 0.0774526 -0.104476 -0.000506067
v2105 0.0771469 -0.104502 -0.000543917
v2106 0.0756324 -0.104624 -0.000707073
v2107 0.0753304 -0.104649 -0.000738858
v2108 0.0750345 -0.104669 -0.000756552
v2109 0.0747362 -0.104691 -0.000780416
v2110 0.0745866 -0.104703 -0.000793383
v2111 0.0742969 -0.10472 -0.00079694
v2112 0.0740049 -0.104738 -0.000806363
v2113 0.0527515 -0.103387 0.00526968
v2114 0.0529972 -0.103403 0.00514635
v2115 0.0531213 -0.103409 0.00508885
v2116 0.0533644 -0.103426 0.00495813
v2117 0.053616 -0.103437 0.00485454
v2118 0.0538635 -0.10345 0.00473844
v2119 0.0383872 -0.114431 0.00989373
v2120 0.0541142 -0.103461 0.00463244
v2121 0.0542365 -0.103469 0.00457031
v2122 0.0543589 -0.103477 0.00450841
v2123 0.0350628 -0.131569 0.0159033
v2124 0.0351922 -0.13157 0.0158597
v2125 0.0354461 -0.131575 0.015752
v2126 0.0357036 -0.131579 0.0156599
v2127 0.0546138 -0.103484 0.00441604
v2128 0.0548616 -0.103497 0.00430228
v2129 0.0549873 -0.103502 0.00425107
v2130 0.0552399 -0.103511 0.00415257
v2131 0.0877334 -0.11796 0.00171097
v2132 0.0857666 -0.118136 0.0012353
v2133 0.0856019 -0.118151 0.00119286
v2134 0.0852761 -0.118179 0.00111526
v2135 0.0851166 -0.118192 0.00108383
v2136 0.0849572 -0.118205 0.00105232
v2137 0.084795 -0.11822 0.00101472
v2138 0.0844713 -0.118248 0.000940192
v2139 0.0839879 -0.118289 0.000832146
v2140 0.0825583 -0.118406 0.000545833
v2141 0.0824011 -0.118418 0.000517026
v2142 0.0820884 -0.118442 0.000462924
v2143 0.0566545 -0.115019 0.00242313
v2144 0.0565296 -0.115016 0.00246955
v2145 0.0564009 -0.115015 0.00250458
v2146 0.0808273 -0.114381 -0.000271715
v2147 0.0561499 -0.11501 0.00259402
v2148 0.0812933 -0.114343 -0.000196733
v2149 0.0558961 -0.115006 0.00267539
v2150 0.0557678 -0.115005 0.00271177
v2151 0.0556397 -0.115004 0.00274889
v2152 0.0814491 -0.114331 -0.000170876
v2153 0.0553799 -0.115004 0.00281246
v2154 0.0817684 -0.114302 -0.000102123
v2155 0.0551244 -0.115001 0.00288908
v2156 0.081925 -0.114289 -7.50957e-05
v2157 0.0548731 -0.114996 0.00297835
v2158 0.0822381 -0.114263 -2.13777e-05
v2159 0.0823969 -0.114249 1.04627e-05
v2160 0.0544999 -0.114985 0.00312439
v2161 0.0825552 -0.114236 4.08662e-05
v2162 0.0542447 -0.114982 0.00320275
v2163 0.0541197 -0.114979 0.00324977
v2164 0.0539943 -0.114976 0.00329551
v2165 0.0836688 -0.114138 0.000262648
v2166 0.0537493 -0.114966 0.0034056
v2167 0.0843239 -0.114074 0.00042783
v2168 0.0534986 -0.11496 0.00349807
v2169 0.0533708 -0.114958 0.0035368
v2170 0.0528837 -0.114937 0.00376756
v2171 0.0527575 -0.114934 0.00381191
v2172 0.0526329 -0.11493 0.00386101
v2173 0.0844868 -0.114058 0.000466749
v2174 0.0523829 -0.114923 0.00395703
v2175 0.0848127 -0.114027 0.000544409
v2176 0.052129 -0.114919 0.00404132
v2177 0.0520017 -0.114917 0.00408225
v2178 0.0518805 -0.114911 0.0041427
v2179 0.0554908 -0.103521 0.00404921
v2180 0.0851514 -0.11399 0.000649955
v2181 0.0515101 -0.114898 0.00430272
v2182 0.0513861 -0.114893 0.00435453
v2183 0.0512612 -0.11489 0.00440357
v2184 0.0854802 -0.113958 0.000732415
v2185 0.055982 -0.10355 0.00381141
v2186 0.0572328 -0.104799 0.00295517
v2187 0.0569852 -0.104787 0.00306399
v2188 0.0573674 -0.1036 0.00326767
v2189 0.0505 -0.114876 0.00466159
v2190 0.0578565 -0.103629 0.00302909
v2191 0.0657336 -0.115149 0.00022285
v2192 0.0582286 -0.103646 0.00286682
v2193 0.0584702 -0.103663 0.00274011
v2194 0.058593 -0.103669 0.00268279
v2195 0.0651967 -0.11516 0.000298928
v2196 0.0650622 -0.115163 0.000317187
v2197 0.0587176 -0.103675 0.0026306
v2198 0.0647928 -0.115169 0.0003527
v2199 0.0338933 -0.118498 0.0121393
v2200 0.064528 -0.115173 0.000400338
v2201 0.0589682 -0.103684 0.00253083
v2202 0.0642635 -0.115176 0.000448527
v2203 0.0545965 -0.104701 0.00400574
v2204 0.0638585 -0.115186 0.000498766
v2205 0.0637238 -0.115189 0.000516118
v2206 0.0635963 -0.115188 0.000553251
v2207 0.0634624 -0.11519 0.000572964
v2208 0.0544711 -0.104696 0.00405728
v2209 0.0629252 -0.115202 0.000646711
v2210 0.0542153 -0.10469 0.00414464
v2211 0.0626598 -0.115206 0.000692234
v2212 0.0539673 -0.104678 0.00425622
v2213 0.0623982 -0.115207 0.000748238
v2214 0.0537151 -0.104669 0.00435527
v2215 0.0617328 -0.115218 0.000856795
v2216 0.061601 -0.115219 0.000881915
v2217 0.0534651 -0.104658 0.00446167
v2218 0.0613394 -0.115221 0.000937914
v2219 0.0532158 -0.104647 0.00457028
v2220 0.061073 -0.115226 0.000980496
v2221 0.0530922 -0.10464 0.00462812
v2222 0.0608121 -0.115227 0.00103819
v2223 0.0529686 -0.104634 0.00468599
v2224 0.0605555 -0.115225 0.00110826
v2225 0.0604285 -0.115224 0.00114708
v2226 0.0521066 -0.104585 0.00510394
v2227 0.060168 -0.115225 0.00120631
v2228 0.0499815 -0.104486 0.00603884
v2229 0.0599076 -0.115226 0.00126564
v2230 0.0497286 -0.104476 0.00614137
v2231 0.0596485 -0.115226 0.00132897
v2232 0.0595201 -0.115225 0.00136399
v2233 0.0593901 -0.115225 0.0013943
v2234 0.0494782 -0.104464 0.00625225
v2235 0.059139 -0.115221 0.00148048
v2236 0.0493567 -0.104455 0.00632
v2237 0.0588864 -0.115217 0.00156285
v2238 0.049105 -0.104444 0.00642727
v2239 0.0586291 -0.115216 0.00163146
v2240 0.048855 -0.104432 0.00654052
v2241 0.0583772 -0.115211 0.00171614
v2242 0.0486032 -0.104421 0.00664823
v2243 0.0856074 -0.114907 0.000807334
v2244 0.0580084 -0.115199 0.00186959
v2245 0.0578844 -0.115195 0.0019177
v2246 0.0577628 -0.11519 0.00197304
v2247 0.0852729 -0.114942 0.000711731
v2248 0.057519 -0.115181 0.00208224
v2249 0.0851083 -0.114958 0.000669679
v2250 0.0572756 -0.115171 0.00219272
v2251 0.062126 -0.103779 0.00137587
v2252 0.0570236 -0.115166 0.00227821
v2253 0.0622496 -0.103784 0.00132271
v2254 0.062497 -0.103795 0.00121744
v2255 0.0847785 -0.11499 0.000583451
v2256 0.0846118 -0.115007 0.000536071
v2257 0.084448 -0.115023 0.000494972
v2258 0.0834773 -0.115112 0.00027215
v2259 0.0828377 -0.115169 0.000137276
v2260 0.0826826 -0.115181 0.000114029
v2261 0.0823689 -0.115206 5.91971e-05
v2262 0.0820499 -0.115235 -8.10459e-06
v2263 0.0818948 -0.115247 -3.20665e-05
v2264 0.0815789 -0.115274 -9.32177e-05
v2265 0.0351247 -0.131941 0.0161619
v2266 0.0348701 -0.131936 0.0162676
v2267 0.0342243 -0.131928 0.0164953
v2268 0.0800678 -0.117389 -1.55924e-05
v2269 0.0778803 -0.132855 0.00512766
v2270 0.0343518 -0.132672 0.0170321
v2271 0.0344806 -0.132674 0.0169842
v2272 0.0346065 -0.132678 0.0169245
v2273 0.0349992 -0.132679 0.0168079
v2274 0.035125 -0.132683 0.0167477
v2275 0.0352547 -0.132684 0.0167043
v2276 0.0355131 -0.132687 0.0166128
v2277 0.03577 -0.13269 0.0165161
v2278 0.0358991 -0.132692 0.0164703
v2279 0.0360279 -0.132694 0.0164234
v2280 0.0362853 -0.132697 0.0163289
v2281 0.0365433 -0.1327 0.0162375
v2282 0.0532465 -0.11509 0.00359596
v2283 0.036673 -0.132701 0.0161945
v2284 0.0368008 -0.132703 0.0161439
v2285 0.0370578 -0.132707 0.0160491
v2286 0.0373163 -0.132709 0.0159602
v2287 0.0374456 -0.132711 0.0159162
v2288 0.0375756 -0.132711 0.0158751
v2289 0.0719363 -0.103714 -0.000699394
v2290 0.0791495 -0.104463 -0.000254622
v2291 0.0789961 -0.104476 -0.000273477
v2292 0.0774413 -0.104619 -0.000517455
v2293 0.077288 -0.104632 -0.000537597
v2294 0.0771359 -0.104645 -0.000554918
v2295 0.0769831 -0.104658 -0.000573964
v2296 0.0766782 -0.104683 -0.000610779
v2297 0.0510108 -0.115018 0.00450861
v2298 0.0763765 -0.104707 -0.000640248
v2299 0.05076 -0.115012 0.00460382
v2300 0.076225 -0.104719 -0.000657026
v2301 0.0505032 -0.115009 0.00468014
v2302 0.0759243 -0.104742 -0.000684887
v2303 0.0657348 -0.115283 0.000238659
v2304 0.065601 -0.115285 0.000258892
v2305 0.0654674 -0.115288 0.000279678
v2306 0.0744261 -0.104857 -0.000818562
v2307 0.0741396 -0.104872 -0.000814454
v2308 0.0739941 -0.104881 -0.000818209
v2309 0.0738492 -0.10489 -0.000820279
v2310 0.0736987 -0.104902 -0.000836444
v2311 0.0722238 -0.103698 -0.000699841
v2312 0.0725114 -0.103682 -0.000700148
v2313 0.0872327 -0.118143 0.00159138
v2314 0.0869131 -0.118168 0.00153068
v2315 0.0867383 -0.118187 0.00146719
v2316 0.0864138 -0.118215 0.00139478
v2317 0.086097 -0.11824 0.00133851
v2318 0.0841523 -0.118408 0.000891902
v2319 0.083991 -0.118422 0.000855406
v2320 0.0408403 -0.13313 0.0149289
v2321 0.0836707 -0.118449 0.000786907
v2322 0.0835113 -0.118462 0.000753998
v2323 0.083194 -0.118488 0.000691359
v2324 0.0828774 -0.118513 0.000629935
v2325 0.0824049 -0.118551 0.000541735
v2326 0.040459 -0.133124 0.0150817
v2327 0.0805239 -0.114268 -0.000321249
v2328 0.0806768 -0.114256 -0.000301652
v2329 0.08083 -0.114245 -0.00028127
v2330 0.0809833 -0.114233 -0.000260926
v2331 0.0828763 -0.114071 9.55078e-05
v2332 0.0830348 -0.114058 0.000126027
v2333 0.0833541 -0.114029 0.000191682
v2334 0.0836743 -0.114 0.000258572
v2335 0.0838338 -0.113986 0.000290724
v2336 0.0856537 -0.113802 0.000777142
v2337 0.0858192 -0.113786 0.000820412
v2338 0.0859854 -0.113769 0.000865088
v2339 0.0748578 -0.103526 -0.00060374
v2340 0.0750049 -0.103516 -0.000597222
v2341 0.0751592 -0.103502 -0.000573656
v2342 0.0754568 -0.10348 -0.000553198
v2343 0.0756072 -0.103468 -0.00053925
v2344 0.0757541 -0.103459 -0.000533889
v2345 0.0760542 -0.103436 -0.000508431
v2346 0.0763605 -0.103409 -0.000468309
v2347 0.0335158 -0.118622 0.0123141
v2348 0.0777518 -0.103281 -0.000264006
v2349 0.0877347 -0.11823 0.00174769
v2350 0.0875735 -0.118243 0.00171475
v2351 0.0573408 -0.104953 0.00286459
v2352 0.0572162 -0.104948 0.00291671
v2353 0.0569691 -0.104936 0.00302694
v2354 0.0567233 -0.104923 0.00314129
v2355 0.0564722 -0.104914 0.00324041
v2356 0.0563475 -0.104909 0.00329265
v2357 0.0857661 -0.118405 0.00126735
v2358 0.0856055 -0.118419 0.00123394
v2359 0.0852778 -0.118448 0.00115191
v2360 0.0851196 -0.11846 0.00112335
v2361 0.0543244 -0.104845 0.00405287
v2362 0.0536971 -0.104821 0.00430921
v2363 0.0527077 -0.104769 0.00476811
v2364 0.0524565 -0.104759 0.00487159
v2365 0.0523354 -0.104751 0.00493772
v2366 0.0566535 -0.115288 0.00244089
v2367 0.0520881 -0.104737 0.0050544
v2368 0.0564025 -0.115283 0.00253
v2369 0.0518441 -0.104721 0.00518187
v2370 0.056149 -0.115279 0.00261184
v2371 0.0515918 -0.104712 0.00528321
v2372 0.0558959 -0.115275 0.0026948
v2373 0.0557665 -0.115275 0.00272793
v2374 0.0556371 -0.115275 0.00276113
v2375 0.0513432 -0.104699 0.00539686
v2376 0.055378 -0.115274 0.00282643
v2377 0.0512211 -0.104691 0.00546077
v2378 0.0551255 -0.11527 0.00291188
v2379 0.0509746 -0.104677 0.0055818
v2380 0.054876 -0.115263 0.00300691
v2381 0.0547525 -0.115259 0.00305806
v2382 0.0507223 -0.104667 0.00568452
v2383 0.0545032 -0.115252 0.00315396
v2384 0.0504729 -0.104655 0.005797
v2385 0.0542501 -0.115248 0.00323832
v2386 0.0541247 -0.115245 0.00328392
v2387 0.0539988 -0.115242 0.00332826
v2388 0.050222 -0.104644 0.00590506
v2389 0.0537501 -0.115235 0.00342681
v2390 0.0500952 -0.104639 0.00595458
v2391 0.0534982 -0.11523 0.00351541
v2392 0.0499682 -0.104635 0.00600392
v2393 0.0532499 -0.115222 0.00361557
v2394 0.0497144 -0.104626 0.00610316
v2395 0.0494632 -0.104615 0.00621119
v2396 0.0528829 -0.115207 0.00378353
v2397 0.0527595 -0.115203 0.00383613
v2398 0.0526356 -0.115199 0.00388764
v2399 0.0482124 -0.104553 0.00677446
v2400 0.0523856 -0.115192 0.00398347
v2401 0.0497411 -0.103108 0.00657522
v2402 0.052133 -0.115187 0.00407163
v2403 0.0499903 -0.103122 0.00645796
v2404 0.0518823 -0.11518 0.00416583
v2405 0.0501178 -0.103126 0.00640898
v2406 0.0503673 -0.103139 0.00629365
v2407 0.0506238 -0.103147 0.00620127
v2408 0.0508722 -0.103161 0.00608281
v2409 0.0511251 -0.103171 0.00597955
v2410 0.0512516 -0.103176 0.00592823
v2411 0.0513777 -0.103181 0.00587548
v2412 0.0516333 -0.103189 0.00578139
v2413 0.0502552 -0.115136 0.00479323
v2414 0.0520112 -0.103205 0.00562329
v2415 0.0522647 -0.103214 0.00552311
v2416 0.0649297 -0.115433 0.00036591
v2417 0.0647951 -0.115436 0.000383687
v2418 0.052515 -0.103226 0.00541338
v2419 0.064531 -0.115439 0.000433231
v2420 0.0526408 -0.103232 0.00536054
v2421 0.0638581 -0.115454 0.000522211
v2422 0.0637226 -0.115457 0.000537472
v2423 0.0635955 -0.115456 0.000575547
v2424 0.0634618 -0.115458 0.000595614
v2425 0.0629257 -0.115469 0.000672086
v2426 0.0527645 -0.103239 0.00530132
v2427 0.0626604 -0.115473 0.000717959
v2428 0.0530095 -0.103255 0.00517566
v2429 0.0623978 -0.115475 0.000771145
v2430 0.0531339 -0.103261 0.00511898
v2431 0.0618612 -0.115487 0.000845484
v2432 0.0536339 -0.103284 0.00490052
v2433 0.0615984 -0.115489 0.000898133
v2434 0.0548832 -0.103342 0.00435848
v2435 0.0613372 -0.11549 0.000954929
v2436 0.0555089 -0.103369 0.0040939
v2437 0.0610727 -0.115494 0.00100276
v2438 0.0557567 -0.103382 0.00398109
v2439 0.0608124 -0.115495 0.00106195
v2440 0.0606844 -0.115494 0.00109779
v2441 0.0560038 -0.103395 0.00386654
v2442 0.0604273 -0.115493 0.00116651
v2443 0.0562637 -0.103399 0.00379087
v2444 0.0601643 -0.115495 0.00121827
v2445 0.0563881 -0.103404 0.00373639
v2446 0.0599069 -0.115494 0.00128611
v2447 0.0565104 -0.103412 0.00367597
v2448 0.059651 -0.115492 0.00135856
v2449 0.0568791 -0.103433 0.00349989
v2450 0.0593933 -0.115492 0.00142557
v2451 0.0572601 -0.103444 0.00336133
v2452 0.0591389 -0.115489 0.00150227
v2453 0.0573859 -0.103449 0.00331167
v2454 0.0588879 -0.115484 0.00158911
v2455 0.0587602 -0.115483 0.00162617
v2456 0.0586326 -0.115482 0.0016634
v2457 0.0576331 -0.103461 0.0032
v2458 0.0583779 -0.115479 0.00173983
v2459 0.0578781 -0.103475 0.0030818
v2460 0.058126 -0.103487 0.0029725
v2461 0.0580087 -0.115467 0.00189197
v2462 0.0578852 -0.115463 0.00194153
v2463 0.0577629 -0.115459 0.00199467
v2464 0.0584883 -0.103512 0.00278181
v2465 0.0575171 -0.115451 0.00209767
v2466 0.0792737 -0.104604 -0.000288487
v2467 0.0572703 -0.115443 0.00219801
v2468 0.0791173 -0.104618 -0.000314339
v2469 0.0570208 -0.115437 0.00229093
v2470 0.0788055 -0.104647 -0.000363929
v2471 0.0786514 -0.104661 -0.000384754
v2472 0.0783425 -0.104688 -0.000428586
v2473 0.0780381 -0.104713 -0.000462143
v2474 0.077725 -0.104743 -0.000516732
v2475 0.0775691 -0.104758 -0.000542751
v2476 0.0758993 -0.104894 -0.00072985
v2477 0.0756028 -0.104915 -0.000748394
v2478 0.0753009 -0.104939 -0.000780254
v2479 0.0750041 -0.10496 -0.000800338
v2480 0.0748555 -0.104971 -0.000811101
v2481 0.0745569 -0.104993 -0.000836118
v2482 0.0742614 -0.105014 -0.000854019
v2483 0.0847989 -0.118487 0.00105625
v2484 0.0844787 -0.118513 0.000989542
v2485 0.0836779 -0.11858 0.000819408
v2486 0.0825637 -0.118672 0.000590205
v2487 0.0824078 -0.118684 0.000564268
v2488 0.0822469 -0.118698 0.000526847
v2489 0.040202 -0.133121 0.0151734
v2490 0.0399469 -0.133117 0.0152725
v2491 0.0396957 -0.13311 0.0153869
v2492 0.0391865 -0.133102 0.0155911
v2493 0.0382884 -0.133089 0.0159248
v2494 0.037514 -0.133081 0.0161953
v2495 0.0367403 -0.133072 0.0164714
v2496 0.0360957 -0.133064 0.0167039
v2497 0.0353171 -0.133057 0.0169648
v2498 0.0345503 -0.133043 0.0172776
v2499 0.0587363 -0.103523 0.00267389
v2500 0.0589889 -0.103531 0.00257947
v2501 0.0777999 -0.133237 0.00532493
v2502 0.077518 -0.133245 0.00533796
v2503 0.0772373 -0.133253 0.00535371
v2504 0.0769584 -0.13326 0.00537381
v2505 0.0766763 -0.133268 0.00538572
v2506 0.0765369 -0.133271 0.00539559
v2507 0.0763971 -0.133275 0.00540468
v2508 0.0762569 -0.133279 0.00541256
v2509 0.0788118 -0.131559 0.00445444
v2510 0.0379588 -0.132718 0.0157248
v2511 0.0380867 -0.13272 0.0156757
v2512 0.035424 -0.131452 0.0156602
v2513 0.0515073 -0.115305 0.00431989
v2514 0.0513814 -0.115302 0.00436538
v2515 0.0512598 -0.115296 0.00442494
v2516 0.0813021 -0.11407 -0.000208317
v2517 0.0510137 -0.115287 0.00453479
v2518 0.0814594 -0.114056 -0.000179109
v2519 0.0507635 -0.11528 0.00463183
v2520 0.0817794 -0.114027 -0.00010906
v2521 0.050508 -0.115276 0.0047124
v2522 0.081935 -0.114014 -8.40813e-05
v2523 0.050257 -0.11527 0.00480741
v2524 0.0822487 -0.113988 -2.91456e-05
v2525 0.0656056 -0.11555 0.000296456
v2526 0.082408 -0.113974 3.46638e-06
v2527 0.065337 -0.115556 0.000333993
v2528 0.0825635 -0.113962 2.75501e-05
v2529 0.0843356 -0.113798 0.000421373
v2530 0.084496 -0.113784 0.000454525
v2531 0.0382176 -0.13272 0.0156384
v2532 0.0851615 -0.113715 0.000639349
v2533 0.0384742 -0.132724 0.0155435
v2534 0.0387337 -0.132725 0.0154601
v2535 0.0811373 -0.117314 0.000124985
v2536 0.0815933 -0.117283 0.000178178
v2537 0.0817452 -0.117272 0.000195422
v2538 0.0820543 -0.11725 0.000241588
v2539 0.0822114 -0.117237 0.000270341
v2540 0.039029 -0.114032 0.00965566
v2541 0.0622707 -0.103632 0.00136923
v2542 0.0538135 -0.10497 0.00423928
v2543 0.0536878 -0.104965 0.00428978
v2544 0.0535628 -0.10496 0.00434251
v2545 0.0534393 -0.104954 0.0044003
v2546 0.053187 -0.104945 0.00449921
v2547 0.052939 -0.104932 0.00461172
v2548 0.0526907 -0.10492 0.004724
v2549 0.0524383 -0.104911 0.00482352
v2550 0.0523149 -0.104904 0.00488225
v2551 0.0520686 -0.10489 0.00500176
v2552 0.0518225 -0.104876 0.00512208
v2553 0.0508201 -0.104833 0.00555028
v2554 0.0491943 -0.104756 0.00626901
v2555 0.048823 -0.104735 0.00645033
v2556 0.0486984 -0.104729 0.00650815
v2557 0.0485734 -0.104722 0.00656473
v2558 0.0483209 -0.104712 0.00666996
v2559 0.0480707 -0.1047 0.00678301
v2560 0.0478199 -0.104688 0.00689484
v2561 0.0475702 -0.104675 0.00701042
v2562 0.0825238 -0.117213 0.000323281
v2563 0.0828379 -0.117188 0.000379414
v2564 0.0844465 -0.117047 0.000737448
v2565 0.0847707 -0.117018 0.000812671
v2566 0.0849304 -0.117005 0.00084464
v2567 0.0852553 -0.116976 0.000920467
v2568 0.0855837 -0.116945 0.00100348
v2569 0.0874022 -0.116774 0.00147436
v2570 0.087736 -0.116741 0.00156457
v2571 0.0864364 -0.114961 0.00104365
v2572 0.0861084 -0.114992 0.000964314
v2573 0.0726693 -0.103529 -0.000680058
v2574 0.0728157 -0.103519 -0.000674096
v2575 0.0731051 -0.103502 -0.000670842
v2576 0.0734021 -0.10348 -0.000649065
v2577 0.0735476 -0.103471 -0.000645839
v2578 0.073836 -0.103454 -0.000645979
v2579 0.0741342 -0.103432 -0.000622343
v2580 0.0561503 -0.115548 0.00263597
v2581 0.0744269 -0.103413 -0.000612668
v2582 0.0558943 -0.115545 0.00271021
v2583 0.079414 -0.104735 -0.000284735
v2584 0.0556352 -0.115545 0.00277546
v2585 0.0777102 -0.104888 -0.000536431
v2586 0.0553778 -0.115544 0.00284591
v2587 0.0775549 -0.104902 -0.000560965
v2588 0.0551275 -0.115538 0.00293776
v2589 0.055002 -0.115535 0.0029828
v2590 0.0772516 -0.104927 -0.000593395
v2591 0.054755 -0.115527 0.0030851
v2592 0.0769465 -0.104952 -0.000630494
v2593 0.0545061 -0.11552 0.00318207
v2594 0.0766369 -0.104981 -0.000678998
v2595 0.0542551 -0.115514 0.00327258
v2596 0.0764868 -0.104992 -0.000692023
v2597 0.0540052 -0.115508 0.00336698
v2598 0.0761861 -0.105015 -0.000720063
v2599 0.0537547 -0.115502 0.00345957
v2600 0.0749907 -0.105104 -0.000818065
v2601 0.0535027 -0.115497 0.003548
v2602 0.0738191 -0.10518 -0.000864727
v2603 0.0765293 -0.103249 -0.000426308
v2604 0.053131 -0.115485 0.0037005
v2605 0.0872343 -0.118412 0.00162854
v2606 0.0528829 -0.115477 0.00380176
v2607 0.0870747 -0.118425 0.00159865
v2608 0.0526363 -0.115468 0.00390777
v2609 0.0869154 -0.118437 0.00156927
v2610 0.0523887 -0.11546 0.00401101
v2611 0.0867444 -0.118455 0.00151392
v2612 0.0521364 -0.115455 0.00409995
v2613 0.0864192 -0.118483 0.00143985
v2614 0.0518848 -0.115449 0.00419143
v2615 0.0860953 -0.11851 0.00136801
v2616 0.0516304 -0.115445 0.00427389
v2617 0.0841611 -0.118673 0.000944204
v2618 0.0513817 -0.115437 0.00437507
v2619 0.0512601 -0.115431 0.00443432
v2620 0.084 -0.118687 0.000908074
v2621 0.083682 -0.118713 0.000844762
v2622 0.0508929 -0.115416 0.00460544
v2623 0.0835187 -0.118728 0.000803202
v2624 0.0831996 -0.118754 0.000736485
v2625 0.0828807 -0.11878 0.00066944
v2626 0.0553521 -0.133441 0.00969846
v2627 0.0768343 -0.103223 -0.000390217
v2628 0.050133 -0.115401 0.00486803
v2629 0.0500075 -0.115398 0.00491565
v2630 0.0771436 -0.103195 -0.000344645
v2631 0.0803743 -0.114008 -0.000365058
v2632 0.0806845 -0.113983 -0.00031539
v2633 0.0808362 -0.113972 -0.000298618
v2634 0.0828802 -0.113799 7.19788e-05
v2635 0.0649317 -0.115699 0.000396161
v2636 0.0647974 -0.115702 0.000414904
v2637 0.0830422 -0.113784 0.00011036
v2638 0.0645308 -0.115707 0.000457494
v2639 0.0833624 -0.113755 0.000177777
v2640 0.0638586 -0.115721 0.000548161
v2641 0.063724 -0.115724 0.000565639
v2642 0.0836874 -0.113724 0.000255455
v2643 0.0634604 -0.115727 0.000616045
v2644 0.0838453 -0.11371 0.000283864
v2645 0.0631971 -0.11573 0.000667339
v2646 0.0629245 -0.115738 0.000692876
v2647 0.0856689 -0.113524 0.000777508
v2648 0.0626591 -0.115742 0.00073832
v2649 0.0858299 -0.113509 0.000810699
v2650 0.0623978 -0.115743 0.000794835
v2651 0.0622671 -0.115744 0.000823037
v2652 0.0621358 -0.115745 0.000849346
v2653 0.0618616 -0.115754 0.000870287
v2654 0.0859908 -0.113495 0.000843603
v2655 0.0615974 -0.115757 0.000918582
v2656 0.0497584 -0.102955 0.00662353
v2657 0.0613384 -0.115757 0.000981579
v2658 0.050134 -0.102974 0.00645353
v2659 0.0610736 -0.115761 0.00102815
v2660 0.050384 -0.102986 0.00633955
v2661 0.0608095 -0.115764 0.00107683
v2662 0.0606805 -0.115764 0.00110968
v2663 0.0605508 -0.115764 0.00114083
v2664 0.0506423 -0.102992 0.00625255
v2665 0.0885738 -0.118421 0.0020158
v2666 0.0601584 -0.115767 0.00122437
v2667 0.0877398 -0.118498 0.00179246
v2668 0.0599002 -0.115766 0.00128975
v2669 0.0875764 -0.118512 0.00175473
v2670 0.059646 -0.115764 0.00136656
v2671 0.0859378 -0.118657 0.0013584
v2672 0.0593893 -0.115762 0.00143642
v2673 0.0857741 -0.118671 0.00131807
v2674 0.0591343 -0.11576 0.0015111
v2675 0.0856125 -0.118685 0.00128242
v2676 0.0588823 -0.115756 0.00159467
v2677 0.0587569 -0.115753 0.00163834
v2678 0.0586316 -0.115751 0.00168235
v2679 0.0852898 -0.118712 0.00121161
v2680 0.0583811 -0.115746 0.00177052
v2681 0.0851291 -0.118726 0.00117735
v2682 0.084807 -0.118753 0.00110708
v2683 0.0580052 -0.115738 0.00190293
v2684 0.0846482 -0.118765 0.00107655
v2685 0.057756 -0.115732 0.00199571
v2686 0.0844885 -0.118778 0.00104413
v2687 0.0575076 -0.115725 0.00209081
v2688 0.0835254 -0.118859 0.000834482
v2689 0.0572585 -0.115719 0.00218452
v2690 0.0824181 -0.118947 0.000619893
v2691 0.0558877 -0.115684 0.00270058
v2692 0.0816514 -0.119 0.000517468
v2693 0.081496 -0.119012 0.000491974
v2694 0.055227 -0.133439 0.00974779
v2695 0.055104 -0.133436 0.00980368
v2696 0.0548546 -0.133432 0.00990515
v2697 0.0546005 -0.133429 0.00999238
v2698 0.0544787 -0.133426 0.0100525
v2699 0.0529233 -0.105082 0.00457204
v2700 0.0542216 -0.133424 0.0101309
v2701 0.0539698 -0.133421 0.0102257
v2702 0.0518061 -0.105027 0.00507889
v2703 0.0515508 -0.10502 0.0051703
v2704 0.0513022 -0.105008 0.00528317
v2705 0.0510529 -0.104996 0.00539435
v2706 0.0509279 -0.10499 0.00544886
v2707 0.0508022 -0.104985 0.00550123
v2708 0.0504342 -0.104962 0.00568867
v2709 0.0536302 -0.115633 0.00351792
v2710 0.0501888 -0.104947 0.00581362
v2711 0.0499346 -0.104939 0.00591062
v2712 0.0498075 -0.104934 0.00595956
v2713 0.04968 -0.10493 0.00600692
v2714 0.0494284 -0.10492 0.00611284
v2715 0.0491844 -0.104903 0.00624455
v2716 0.048057 -0.10485 0.00674484
v2717 0.0532698 -0.10312 0.00508896
v2718 0.0536498 -0.103134 0.00494058
v2719 0.053903 -0.103143 0.00484141
v2720 0.0522614 -0.115593 0.00406076
v2721 0.054153 -0.103154 0.00473285
v2722 0.0543993 -0.103169 0.00461312
v2723 0.0545218 -0.103176 0.0045516
v2724 0.0546483 -0.103181 0.00450208
v2725 0.0549021 -0.103189 0.00440619
v2726 0.0551498 -0.103203 0.00429212
v2727 0.0555238 -0.10322 0.00412885
v2728 0.0557735 -0.103231 0.00402171
v2729 0.0560228 -0.103243 0.00391342
v2730 0.0510156 -0.115556 0.00455773
v2731 0.0508925 -0.115551 0.00461279
v2732 0.0507666 -0.115548 0.00465859
v2733 0.0562778 -0.10325 0.0038227
v2734 0.0505127 -0.115544 0.00474407
v2735 0.0564031 -0.103255 0.00377109
v2736 0.0502605 -0.115538 0.00483515
v2737 0.0501342 -0.115535 0.00488001
v2738 0.0500086 -0.115532 0.00492738
v2739 0.0656066 -0.115817 0.000324622
v2740 0.0565265 -0.103262 0.00371349
v2741 0.0653403 -0.115822 0.00036817
v2742 0.0567713 -0.103277 0.00359302
v2743 0.0581425 -0.103337 0.00301013
v2744 0.0587549 -0.103372 0.00271664
v2745 0.085602 -0.115045 0.000811936
v2746 0.0596264 -0.10341 0.00235066
v2747 0.0597513 -0.103415 0.00229986
v2748 0.0795586 -0.104864 -0.000270865
v2749 0.0642653 -0.115844 0.000515336
v2750 0.0792426 -0.104895 -0.000329877
v2751 0.0790877 -0.104909 -0.000352328
v2752 0.0787783 -0.104936 -0.000396525
v2753 0.0786245 -0.104949 -0.000416885
v2754 0.0783194 -0.104974 -0.000451863
v2755 0.0780102 -0.105002 -0.000497092
v2756 0.0776976 -0.105032 -0.000550671
v2757 0.0761754 -0.105158 -0.0007306
v2758 0.0758741 -0.105181 -0.00076036
v2759 0.075576 -0.105203 -0.000783037
v2760 0.0752759 -0.105226 -0.00081085
v2761 0.0751269 -0.105237 -0.000822382
v2762 0.0748312 -0.105258 -0.000840341
v2763 0.0745331 -0.10528 -0.000864528
v2764 0.0538461 -0.133418 0.0102803
v2765 0.053721 -0.133416 0.0103306
v2766 0.0534741 -0.13341 0.0104416
v2767 0.0532216 -0.133407 0.0105353
v2768 0.0530946 -0.133405 0.0105801
v2769 0.0529678 -0.133404 0.0106253
v2770 0.072654 -0.105389 -0.000886915
v2771 0.0723614 -0.105408 -0.000900473
v2772 0.052591 -0.133398 0.0107727
v2773 0.0524653 -0.133396 0.0108218
v2774 0.0523393 -0.133394 0.0108699
v2775 0.0520861 -0.133391 0.0109626
v2776 0.0518367 -0.133386 0.0110679
v2777 0.0517102 -0.133384 0.0111146
v2778 0.0515837 -0.133382 0.0111616
v2779 0.0513303 -0.133379 0.0112544
v2780 0.0510765 -0.133376 0.0113461
v2781 0.0509516 -0.133373 0.0113986
v2782 0.0506928 -0.133373 0.0114744
v2783 0.050438 -0.13337 0.0115635
v2784 0.0501795 -0.133369 0.0116404
v2785 0.0499227 -0.133367 0.0117233
v2786 0.0496641 -0.133366 0.0118001
v2787 0.0494128 -0.133362 0.0119018
v2788 0.0491571 -0.133359 0.0119891
v2789 0.0489016 -0.133357 0.0120768
v2790 0.0486472 -0.133353 0.012169
v2791 0.0482638 -0.13335 0.0123012
v2792 0.0480063 -0.133348 0.0123834
v2793 0.0477505 -0.133345 0.0124712
v2794 0.0474977 -0.133341 0.01257
v2795 0.0472412 -0.133339 0.0126562
v2796 0.0471154 -0.133337 0.0127079
v2797 0.0469908 -0.133334 0.0127635
v2798 0.046734 -0.133331 0.0128494
v2799 0.0464751 -0.13333 0.0129277
v2800 0.0463486 -0.133328 0.0129774
v2801 0.0462205 -0.133327 0.0130215
v2802 0.0458342 -0.133324 0.0131471
v2803 0.0558855 -0.11582 0.00270404
v2804 0.0455788 -0.133321 0.0132387
v2805 0.0556308 -0.115817 0.00278208
v2806 0.0454511 -0.13332 0.0132845
v2807 0.0553772 -0.115813 0.00286388
v2808 0.0453288 -0.133315 0.0133498
v2809 0.0551279 -0.115807 0.00295862
v2810 0.0550032 -0.115803 0.00300592
v2811 0.0450707 -0.133314 0.0134323
v2812 0.0547569 -0.115795 0.00311013
v2813 0.0448079 -0.133314 0.0134982
v2814 0.0545077 -0.115788 0.00320609
v2815 0.0543849 -0.115784 0.0032595
v2816 0.0542605 -0.11578 0.0033084
v2817 0.0446836 -0.133311 0.0135567
v2818 0.0540092 -0.115775 0.00339818
v2819 0.0445568 -0.133309 0.0136061
v2820 0.0537593 -0.115768 0.00349262
v2821 0.0536334 -0.115766 0.00353692
v2822 0.0535071 -0.115763 0.00358041
v2823 0.0443075 -0.133303 0.0137213
v2824 0.04405 -0.1333 0.013807
v2825 0.0531325 -0.115754 0.00372349
v2826 0.0437916 -0.133299 0.0138894
v2827 0.0528833 -0.115747 0.00382105
v2828 0.0434136 -0.133291 0.0140489
v2829 0.052636 -0.115738 0.00392482
v2830 0.0432863 -0.133289 0.0140973
v2831 0.0523874 -0.115731 0.0040248
v2832 0.0522631 -0.115727 0.00407509
v2833 0.0521382 -0.115723 0.00412337
v2834 0.0431574 -0.133288 0.0141402
v2835 0.051889 -0.115716 0.00422224
v2836 0.0428995 -0.133286 0.0142256
v2837 0.0426449 -0.133282 0.0143235
v2838 0.0515124 -0.115707 0.00436206
v2839 0.0425163 -0.133281 0.0143676
v2840 0.0512655 -0.115698 0.00446881
v2841 0.0810034 -0.113819 -0.00026209
v2842 0.081316 -0.113793 -0.000208287
v2843 0.0814768 -0.113778 -0.000171103
v2844 0.0817905 -0.113752 -0.000115483
v2845 0.0819468 -0.113739 -8.93476e-05
v2846 0.0822576 -0.113714 -4.11903e-05
v2847 0.0825708 -0.113688 1.19047e-05
v2848 0.0843444 -0.113523 0.000408101
v2849 0.0846097 -0.115143 0.000547741
v2850 0.0851769 -0.113436 0.000640298
v2851 0.0844462 -0.115159 0.000507506
v2852 0.0842831 -0.115174 0.000467778
v2853 0.0839579 -0.115205 0.000390058
v2854 0.0837961 -0.11522 0.000352724
v2855 0.0834741 -0.115249 0.000281193
v2856 0.0833168 -0.115262 0.000253546
v2857 0.0831577 -0.115275 0.000221749
v2858 0.0624156 -0.103486 0.00136344
v2859 0.0820493 -0.11537 6.43774e-06
v2860 0.0646706 -0.115968 0.00047856
v2861 0.0645354 -0.115972 0.000494765
v2862 0.0390261 -0.113759 0.00963756
v2863 0.0642663 -0.115978 0.000530337
v2864 0.0641306 -0.115981 0.000545063
v2865 0.0639965 -0.115984 0.000564095
v2866 0.0330171 -0.119012 0.0125687
v2867 0.0637273 -0.11599 0.000598983
v2868 0.0534002 -0.105259 0.00429749
v2869 0.0634642 -0.115992 0.000650743
v2870 0.0812721 -0.115431 -0.000118384
v2871 0.0632015 -0.115995 0.000703615
v2872 0.0880706 -0.118603 0.00189313
v2873 0.0629293 -0.116003 0.000730112
v2874 0.0872432 -0.118678 0.00168158
v2875 0.0626628 -0.116007 0.000772291
v2876 0.0520404 -0.105188 0.00493039
v2877 0.0624015 -0.116009 0.000828688
v2878 0.0517901 -0.105178 0.0050369
v2879 0.0621399 -0.11601 0.000884556
v2880 0.0515362 -0.10517 0.0051323
v2881 0.0618683 -0.116018 0.000912275
v2882 0.0514078 -0.105167 0.00517555
v2883 0.0616039 -0.116021 0.000960034
v2884 0.0512835 -0.105161 0.00523204
v2885 0.0613407 -0.116024 0.00101133
v2886 0.0505389 -0.105122 0.00557645
v2887 0.061074 -0.116029 0.00105253
v2888 0.0491712 -0.105052 0.00620874
v2889 0.0608113 -0.116031 0.00110485
v2890 0.0489232 -0.105038 0.00632764
v2891 0.0485464 -0.105022 0.00649019
v2892 0.0604261 -0.116029 0.00120842
v2893 0.0482945 -0.105011 0.00659685
v2894 0.0601643 -0.116031 0.0012637
v2895 0.0480438 -0.104999 0.0067081
v2896 0.0599072 -0.11603 0.00133195
v2897 0.0597782 -0.11603 0.00136492
v2898 0.0596486 -0.11603 0.0013961
v2899 0.0479187 -0.104993 0.00676448
v2900 0.0593913 -0.116029 0.00146436
v2901 0.0477921 -0.104988 0.00681626
v2902 0.0591396 -0.116025 0.00154853
v2903 0.0809565 -0.115457 -0.000180116
v2904 0.0588871 -0.116021 0.00163034
v2905 0.0800645 -0.117257 -3.88127e-05
v2906 0.0586321 -0.116019 0.00170549
v2907 0.0822071 -0.117105 0.000244597
v2908 0.0583823 -0.116013 0.00179578
v2909 0.0829923 -0.117042 0.000385179
v2910 0.0833112 -0.117015 0.000451463
v2911 0.0580092 -0.116004 0.00193609
v2912 0.0836361 -0.116985 0.000530402
v2913 0.0577548 -0.116001 0.00201335
v2914 0.0837957 -0.116972 0.000563442
v2915 0.0575059 -0.115995 0.00210718
v2916 0.0839566 -0.116958 0.000598994
v2917 0.0572571 -0.115988 0.00220117
v2918 0.0841188 -0.116943 0.000637331
v2919 0.057005 -0.115984 0.00228576
v2920 0.0847656 -0.116886 0.000784861
v2921 0.0560089 -0.115958 0.00266315
v2922 0.0860901 -0.116758 0.00114039
v2923 0.0862452 -0.116747 0.00116106
v2924 0.0865682 -0.116719 0.0012299
v2925 0.0869094 -0.116683 0.00133822
v2926 0.0870693 -0.11667 0.0013685
v2927 0.0369472 -0.132089 0.0155958
v2928 0.0366877 -0.132087 0.0156796
v2929 0.0359175 -0.132076 0.0159663
v2930 0.0719662 -0.103423 -0.000653375
v2931 0.072251 -0.103408 -0.000660768
v2932 0.0797024 -0.104993 -0.000258898
v2933 0.0795474 -0.105007 -0.000281299
v2934 0.0778408 -0.105161 -0.000539314
v2935 0.0776854 -0.105175 -0.00056416
v2936 0.0775299 -0.10519 -0.000589427
v2937 0.0772292 -0.105212 -0.000615934
v2938 0.0769228 -0.105239 -0.00065643
v2939 0.0766143 -0.105266 -0.00070242
v2940 0.0764643 -0.105278 -0.000715712
v2941 0.0754129 -0.105358 -0.00081342
v2942 0.0743749 -0.105432 -0.000884343
v2943 0.0869172 -0.118706 0.00160679
v2944 0.0739426 -0.105456 -0.000885357
v2945 0.0736514 -0.105474 -0.000893949
v2946 0.0867509 -0.118722 0.00156165
v2947 0.0864285 -0.118748 0.00149375
v2948 0.0730766 -0.105506 -0.000893423
v2949 0.0729321 -0.105515 -0.000895322
v2950 0.0726416 -0.105533 -0.000903432
v2951 0.0723511 -0.10555 -0.000911596
v2952 0.0861048 -0.118776 0.0014224
v2953 0.0859418 -0.11879 0.00138377
v2954 0.0840166 -0.118949 0.000977889
v2955 0.0836977 -0.118975 0.000912565
v2956 0.0516403 -0.115844 0.00433152
v2957 0.0833697 -0.119005 0.000826011
v2958 0.0832084 -0.119019 0.000788474
v2959 0.0828915 -0.119044 0.000726208
v2960 0.0825808 -0.119067 0.000677157
v2961 0.0510165 -0.115826 0.00457766
v2962 0.0508941 -0.115821 0.00463464
v2963 0.0507697 -0.115817 0.00468524
v2964 0.0816579 -0.119131 0.000548188
v2965 0.0505199 -0.11581 0.00478373
v2966 0.0813485 -0.119154 0.000500203
v2967 0.0502701 -0.115802 0.00488247
v2968 0.0423897 -0.133279 0.0144195
v2969 0.0421347 -0.133275 0.0145162
v2970 0.0498929 -0.115793 0.00502305
v2971 0.0418798 -0.133271 0.0146141
v2972 0.0496445 -0.115785 0.00512712
v2973 0.0495204 -0.115781 0.00517957
v2974 0.049396 -0.115777 0.00523093
v2975 0.0491497 -0.115767 0.00534269
v2976 0.0656106 -0.116082 0.000360707
v2977 0.041754 -0.133268 0.014669
v2978 0.0653456 -0.116086 0.000407578
v2979 0.0416252 -0.133267 0.0147129
v2980 0.0649408 -0.116095 0.000458349
v2981 0.041241 -0.133262 0.0148536
v2982 0.0411152 -0.133259 0.0149092
v2983 0.0404824 -0.133247 0.0151745
v2984 0.0335941 -0.12929 0.0150159
v2985 0.0745906 -0.103256 -0.000580368
v2986 0.0747386 -0.103245 -0.000571949
v2987 0.0748855 -0.103236 -0.000566044
v2988 0.0808177 -0.129318 0.00349555
v2989 0.0751871 -0.103211 -0.000535953
v2990 0.0754853 -0.103189 -0.000514285
v2991 0.0757854 -0.103166 -0.000488621
v2992 0.0760836 -0.103144 -0.000467919
v2993 0.0762313 -0.103134 -0.000460969
v2994 0.0500337 -0.102808 0.00658315
v2995 0.0506624 -0.102837 0.00630908
v2996 0.0509108 -0.102851 0.00619038
v2997 0.0625347 -0.11614 0.000819484
v2998 0.0511664 -0.102859 0.00609493
v2999 0.0514167 -0.102872 0.00598283
v3000 0.051543 -0.102877 0.00593081
v3001 0.0516713 -0.102881 0.00588486
v3002 0.0519243 -0.102891 0.00578227
v3003 0.0521763 -0.102902 0.00567673
v3004 0.0525519 -0.10292 0.00551141
v3005 0.0528005 -0.102933 0.00539606
v3006 0.0530508 -0.102945 0.00528655
v3007 0.0532985 -0.102959 0.00516894
v3008 0.053426 -0.102963 0.00512194
v3009 0.0609405 -0.116165 0.00108404
v3010 0.0535526 -0.102967 0.00507186
v3011 0.0538 -0.102981 0.00495441
v3012 0.0540508 -0.102992 0.00484782
v3013 0.0758556 -0.133416 0.0054977
v3014 0.0803927 -0.113729 -0.000354035
v3015 0.080706 -0.113703 -0.000297533
v3016 0.0808587 -0.113692 -0.000278425
v3017 0.0810117 -0.11368 -0.000259053
v3018 0.0825716 -0.113553 -2.27854e-06
v3019 0.0828901 -0.113525 6.19976e-05
v3020 0.0830475 -0.113511 9.00124e-05
v3021 0.0833691 -0.113481 0.000160477
v3022 0.0835321 -0.113466 0.000200353
v3023 0.0838523 -0.113437 0.00026688
v3024 0.0840137 -0.113422 0.000302803
v3025 0.0841791 -0.113405 0.000347489
v3026 0.0856774 -0.113249 0.000763061
v3027 0.0858419 -0.113232 0.000803876
v3028 0.0860066 -0.113216 0.000845223
v3029 0.0863373 -0.113183 0.000929865
v3030 0.0510136 -0.105303 0.00528533
v3031 0.058135 -0.11614 0.00190426
v3032 0.0507646 -0.105291 0.00539736
v3033 0.0506418 -0.105284 0.005459
v3034 0.0505201 -0.105275 0.00552399
v3035 0.0501541 -0.105251 0.00571776
v3036 0.0499026 -0.105241 0.00582273
v3037 0.057384 -0.116124 0.00217206
v3038 0.0496529 -0.105229 0.00593424
v3039 0.0495267 -0.105224 0.00598588
v3040 0.0494015 -0.105218 0.00604065
v3041 0.0491588 -0.1052 0.00617603
v3042 0.0567517 -0.116114 0.00237753
v3043 0.0561318 -0.116097 0.00262117
v3044 0.0490333 -0.105195 0.00623026
v3045 0.0558802 -0.116092 0.00270823
v3046 0.0489094 -0.105188 0.00628968
v3047 0.0556278 -0.116088 0.002793
v3048 0.0485332 -0.105171 0.00645404
v3049 0.0553817 -0.116079 0.00289708
v3050 0.0484083 -0.105165 0.00651058
v3051 0.0551315 -0.116073 0.00298922
v3052 0.0482831 -0.105159 0.0065664
v3053 0.0551741 -0.103046 0.00435611
v3054 0.0547595 -0.116062 0.00313774
v3055 0.0557904 -0.10308 0.00406255
v3056 0.054512 -0.116055 0.00323843
v3057 0.0543908 -0.116049 0.00329683
v3058 0.054265 -0.116047 0.003341
v3059 0.056791 -0.103124 0.00364129
v3060 0.0540133 -0.116042 0.00342983
v3061 0.0570391 -0.103136 0.00353055
v3062 0.0537635 -0.116035 0.00352439
v3063 0.0571621 -0.103143 0.00347234
v3064 0.0535123 -0.11603 0.00361501
v3065 0.0574135 -0.103153 0.00337198
v3066 0.0576623 -0.103164 0.0032645
v3067 0.0531352 -0.116021 0.00375021
v3068 0.0530098 -0.116018 0.00379658
v3069 0.0528871 -0.116014 0.00385131
v3070 0.0577837 -0.103172 0.00320198
v3071 0.0526372 -0.116007 0.00394667
v3072 0.0579066 -0.103179 0.00314383
v3073 0.0523878 -0.116 0.0040441
v3074 0.0522641 -0.115996 0.00409599
v3075 0.0521404 -0.115992 0.00414792
v3076 0.0581575 -0.103189 0.00304321
v3077 0.051894 -0.115983 0.00425535
v3078 0.0583997 -0.103205 0.00291708
v3079 0.0516434 -0.115977 0.00434988
v3080 0.0515187 -0.115973 0.00439906
v3081 0.0587713 -0.103223 0.00275327
v3082 0.0588957 -0.103228 0.00270047
v3083 0.0590213 -0.103233 0.00265087
v3084 0.0593908 -0.103252 0.00248229
v3085 0.0595183 -0.103255 0.00243878
v3086 0.0596477 -0.103257 0.00240044
v3087 0.0600217 -0.103272 0.0022458
v3088 0.0351465 -0.132065 0.0162527
v3089 0.0350181 -0.132063 0.0163012
v3090 0.0345039 -0.132055 0.0164936
v3091 0.0783444 -0.132207 0.00478667
v3092 0.0376313 -0.115505 0.0102472
v3093 0.0375026 -0.115502 0.0102917
v3094 0.064082 -0.103379 0.0008287
v3095 0.0798273 -0.105134 -0.000290918
v3096 0.0795195 -0.10516 -0.00033049
v3097 0.0793617 -0.105175 -0.000359639
v3098 0.0790537 -0.105202 -0.000400445
v3099 0.0490283 -0.115896 0.00541207
v3100 0.0657498 -0.116211 0.000367706
v3101 0.0788985 -0.105216 -0.000423939
v3102 0.0785878 -0.105244 -0.000471941
v3103 0.0782815 -0.10527 -0.000510075
v3104 0.0779685 -0.105299 -0.00056451
v3105 0.0764426 -0.105427 -0.000752402
v3106 0.0761427 -0.105449 -0.00077882
v3107 0.0758352 -0.105477 -0.000823877
v3108 0.0642706 -0.116243 0.000566747
v3109 0.0756853 -0.105488 -0.000837283
v3110 0.0639987 -0.11625 0.00059443
v3111 0.0753841 -0.105512 -0.000868104
v3112 0.0637305 -0.116256 0.00063217
v3113 0.075089 -0.105532 -0.000884551
v3114 0.0634665 -0.116259 0.000681391
v3115 0.0747928 -0.105553 -0.000903813
v3116 0.0632047 -0.11626 0.000736452
v3117 0.0856032 -0.11518 0.00083117
v3118 0.0629326 -0.116268 0.000763157
v3119 0.0723279 -0.105701 -0.000955003
v3120 0.0626668 -0.116272 0.000807301
v3121 0.062539 -0.116271 0.000843318
v3122 0.0624074 -0.116273 0.000868953
v3123 0.085434 -0.115198 0.000779192
v3124 0.0621437 -0.116276 0.000918634
v3125 0.0852681 -0.115214 0.000734312
v3126 0.0618741 -0.116282 0.000951937
v3127 0.0851047 -0.11523 0.000694673
v3128 0.0616103 -0.116285 0.00100125
v3129 0.0847728 -0.115263 0.000603661
v3130 0.0613469 -0.116288 0.00105173
v3131 0.0846072 -0.11528 0.00055861
v3132 0.0610787 -0.116293 0.00108872
v3133 0.0828329 -0.115441 0.000158612
v3134 0.0608185 -0.116294 0.00114803
v3135 0.0826747 -0.115454 0.000128328
v3136 0.0885641 -0.118695 0.0020287
v3137 0.0604305 -0.116294 0.00124362
v3138 0.0882439 -0.11872 0.00196884
v3139 0.0601691 -0.116296 0.00129981
v3140 0.0880663 -0.11874 0.00190078
v3141 0.0599115 -0.116295 0.00136666
v3142 0.0879002 -0.118756 0.00185727
v3143 0.0596524 -0.116296 0.00142938
v3144 0.0877398 -0.118768 0.00182619
v3145 0.0593961 -0.116294 0.00150015
v3146 0.0875767 -0.118782 0.00178921
v3147 0.0591443 -0.11629 0.00158396
v3148 0.0869195 -0.11884 0.00162857
v3149 0.0588911 -0.116287 0.00166398
v3150 0.0856214 -0.118951 0.00133521
v3151 0.058633 -0.116286 0.00172983
v3152 0.0852925 -0.11898 0.0012507
v3153 0.0583828 -0.116281 0.0018187
v3154 0.0851351 -0.118992 0.00122362
v3155 0.0581348 -0.116274 0.00191439
v3156 0.0580091 -0.116272 0.00195725
v3157 0.0848139 -0.119019 0.00115532
v3158 0.0577568 -0.116268 0.00204054
v3159 0.0844971 -0.119043 0.0010961
v3160 0.0575042 -0.116264 0.00212302
v3161 0.0573816 -0.11626 0.00217534
v3162 0.0572554 -0.116258 0.0022171
v3163 0.0843406 -0.119055 0.00107044
v3164 0.0570017 -0.116254 0.00229682
v3165 0.0841787 -0.119069 0.00103254
v3166 0.0567475 -0.116251 0.00237549
v3167 0.083214 -0.119151 0.000817286
v3168 0.0564957 -0.116247 0.00246121
v3169 0.0822714 -0.119223 0.000646558
v3170 0.0562509 -0.116238 0.00256802
v3171 0.081662 -0.119263 0.00057351
v3172 0.0815061 -0.119275 0.000546733
v3173 0.0813527 -0.119286 0.000525619
v3174 0.0330282 -0.119279 0.0126159
v3175 0.0823645 -0.115478 8.13247e-05
v3176 0.0820431 -0.115507 8.32962e-06
v3177 0.08189 -0.115518 -1.10979e-05
v3178 0.0872421 -0.118949 0.00171273
v3179 0.0869221 -0.118974 0.00165105
v3180 0.0867571 -0.118989 0.00160872
v3181 0.0864356 -0.119015 0.00154267
v3182 0.0861122 -0.119042 0.00147191
v3183 0.085947 -0.119057 0.00142857
v3184 0.0856251 -0.119084 0.00135992
v3185 0.0840232 -0.119215 0.00102537
v3186 0.0837049 -0.11924 0.000961278
v3187 0.0833783 -0.11927 0.000877763
v3188 0.0832188 -0.119283 0.000844362
v3189 0.0830592 -0.119296 0.000810645
v3190 0.0829 -0.119309 0.000777494
v3191 0.0825894 -0.119331 0.000728659
v3192 0.0813593 -0.119417 0.000556598
v3193 0.0780685 -0.113717 -0.000413128
v3194 0.0782158 -0.113708 -0.000405157
v3195 0.0811682 -0.113532 -0.00024744
v3196 0.0814854 -0.113504 -0.00018335
v3197 0.0816425 -0.113491 -0.000155021
v3198 0.0819523 -0.113466 -0.00010872
v3199 0.0822597 -0.113443 -6.84569e-05
v3200 0.0825743 -0.113417 -1.2335e-05
v3201 0.084351 -0.113249 0.000390208
v3202 0.0815744 -0.115545 -7.17418e-05
v3203 0.0851854 -0.113161 0.000626212
v3204 0.0517526 -0.105482 0.00493553
v3205 0.051627 -0.105477 0.0049874
v3206 0.0512507 -0.105462 0.00514453
v3207 0.0509956 -0.105455 0.00523628
v3208 0.0507461 -0.105444 0.00534613
v3209 0.0504961 -0.105432 0.00545495
v3210 0.0512694 -0.116101 0.0045069
v3211 0.0502522 -0.105416 0.00558396
v3212 0.051019 -0.116094 0.00460249
v3213 0.0488845 -0.105347 0.00621521
v3214 0.0507734 -0.116085 0.00471381
v3215 0.0483844 -0.105323 0.00643889
v3216 0.0505261 -0.116076 0.0048202
v3217 0.0504039 -0.11607 0.00487813
v3218 0.0502792 -0.116067 0.00492822
v3219 0.0480131 -0.105302 0.00662015
v3220 0.0477606 -0.105291 0.00672507
v3221 0.0499015 -0.116058 0.00506699
v3222 0.0476361 -0.105285 0.00678348
v3223 0.0496495 -0.116052 0.00515908
v3224 0.0812741 -0.117042 7.62904e-05
v3225 0.0493998 -0.116045 0.00525929
v3226 0.0815813 -0.11702 0.000118945
v3227 0.0491554 -0.116034 0.00537703
v3228 0.0490331 -0.116028 0.00543567
v3229 0.0657505 -0.116344 0.000382146
v3230 0.0656197 -0.116345 0.000410106
v3231 0.0817372 -0.117008 0.000145353
v3232 0.0653575 -0.116347 0.000464694
v3233 0.0646777 -0.116365 0.000535154
v3234 0.0645415 -0.116369 0.000548348
v3235 0.0820467 -0.116985 0.000192311
v3236 0.082203 -0.116972 0.000219098
v3237 0.0825198 -0.116946 0.000282055
v3238 0.0828338 -0.116921 0.000337934
v3239 0.0718392 -0.103284 -0.000625572
v3240 0.0722728 -0.103258 -0.000620811
v3241 0.0725612 -0.103241 -0.000619788
v3242 0.0728506 -0.103224 -0.000616525
v3243 0.0729956 -0.103215 -0.000614357
v3244 0.0732845 -0.103198 -0.000612768
v3245 0.0735857 -0.103173 -0.000581428
v3246 0.0628049 -0.116401 0.000811596
v3247 0.0738773 -0.103155 -0.000573951
v3248 0.0741687 -0.103137 -0.000567482
v3249 0.0746207 -0.1031 -0.000521946
v3250 0.0749159 -0.10308 -0.000507134
v3251 0.076114 -0.102989 -0.000410004
v3252 0.0762635 -0.102977 -0.000399068
v3253 0.0765694 -0.102951 -0.000360597
v3254 0.076877 -0.102923 -0.000318929
v3255 0.0771859 -0.102895 -0.000274638
v3256 0.0497997 -0.102642 0.0067427
v3257 0.05005 -0.102655 0.00662821
v3258 0.0612181 -0.116421 0.00109657
v3259 0.0503029 -0.102666 0.00652275
v3260 0.0504283 -0.102672 0.00646649
v3261 0.0505551 -0.102677 0.00641523
v3262 0.0801266 -0.105249 -0.000255604
v3263 0.0799703 -0.105264 -0.000280585
v3264 0.0781119 -0.105428 -0.000552609
v3265 0.0778042 -0.105455 -0.000595051
v3266 0.077495 -0.105483 -0.000641432
v3267 0.0600434 -0.116428 0.00135332
v3268 0.0771891 -0.105509 -0.000680798
v3269 0.0770373 -0.105521 -0.000697647
v3270 0.0767339 -0.105545 -0.000731783
v3271 0.0759754 -0.105607 -0.000818616
v3272 0.0746397 -0.105702 -0.000911167
v3273 0.0509315 -0.102695 0.00624832
v3274 0.0510567 -0.102702 0.00619225
v3275 0.0590177 -0.116422 0.00163474
v3276 0.0739126 -0.105746 -0.000929546
v3277 0.0737661 -0.105756 -0.000936073
v3278 0.0511881 -0.102703 0.00615591
v3279 0.0514353 -0.102718 0.00603366
v3280 0.0731909 -0.105788 -0.000936885
v3281 0.0728984 -0.105807 -0.000949713
v3282 0.0726111 -0.105823 -0.000950099
v3283 0.0521941 -0.102748 0.00572425
v3284 0.078928 -0.131298 0.00435857
v3285 0.0528155 -0.102782 0.00543391
v3286 0.0540653 -0.102843 0.00488311
v3287 0.054193 -0.102846 0.00483694
v3288 0.054439 -0.102861 0.00471569
v3289 0.0546903 -0.102872 0.00461105
v3290 0.0548154 -0.102878 0.00455743
v3291 0.0335804 -0.129162 0.0149579
v3292 0.054941 -0.102883 0.00450522
v3293 0.0551921 -0.102893 0.00440077
v3294 0.0554336 -0.102911 0.00426775
v3295 0.0554988 -0.133568 0.00972527
v3296 0.0556879 -0.102919 0.00417364
v3297 0.0560626 -0.102936 0.0040128
v3298 0.0561266 -0.116369 0.00262583
v3299 0.0563167 -0.102944 0.00391876
v3300 0.0558781 -0.116362 0.00272195
v3301 0.0565615 -0.102959 0.00379751
v3302 0.0556289 -0.116356 0.00281626
v3303 0.0566921 -0.102961 0.00376116
v3304 0.0553841 -0.116347 0.00292418
v3305 0.0568148 -0.102968 0.00370151
v3306 0.0551345 -0.11634 0.00301795
v3307 0.057059 -0.102983 0.00357926
v3308 0.0597904 -0.103112 0.00238918
v3309 0.0547639 -0.116329 0.00317034
v3310 0.0600384 -0.103123 0.0022822
v3311 0.0545161 -0.116321 0.00327026
v3312 0.0846047 -0.116765 0.000733695
v3313 0.0542693 -0.116313 0.00337347
v3314 0.0847662 -0.116751 0.000769799
v3315 0.054017 -0.116309 0.00345989
v3316 0.0849241 -0.116738 0.000797828
v3317 0.0537673 -0.116302 0.00355473
v3318 0.0850874 -0.116723 0.000837525
v3319 0.0535159 -0.116297 0.00364462
v3320 0.0882405 -0.118992 0.00199538
v3321 0.085253 -0.116707 0.000882414
v3322 0.0531404 -0.116288 0.00378494
v3323 0.0855836 -0.116675 0.000970038
v3324 0.05289 -0.116282 0.00387854
v3325 0.0874102 -0.116499 0.00145814
v3326 0.0526393 -0.116276 0.0039713
v3327 0.0877451 -0.116466 0.00155067
v3328 0.052391 -0.116268 0.0040721
v3329 0.034991 -0.116917 0.0114647
v3330 0.052144 -0.11626 0.00417693
v3331 0.0880691 -0.119009 0.00194057
v3332 0.0518947 -0.116252 0.00427519
v3333 0.0517713 -0.116248 0.00432822
v3334 0.0877438 -0.119037 0.00186868
v3335 0.0515236 -0.11624 0.00443193
v3336 0.0875816 -0.11905 0.00183355
v3337 0.0867641 -0.119121 0.00164085
v3338 0.0856292 -0.119216 0.00138559
v3339 0.0854661 -0.119231 0.00134643
v3340 0.0853058 -0.119244 0.00131305
v3341 0.0851459 -0.119257 0.00128076
v3342 0.0848244 -0.119283 0.00121158
v3343 0.0845054 -0.119309 0.00114734
v3344 0.08419 -0.119333 0.00109051
v3345 0.0822831 -0.119486 0.000705208
v3346 0.0816768 -0.119525 0.000639159
v3347 0.081522 -0.119536 0.000614957
v3348 0.0813665 -0.119547 0.000588926
v3349 0.049781 -0.116187 0.00513905
v3350 0.0785191 -0.113552 -0.000384015
v3351 0.0804105 -0.113451 -0.000344452
v3352 0.0805735 -0.113434 -0.000301367
v3353 0.0808757 -0.113413 -0.000270937
v3354 0.0810289 -0.113402 -0.00025112
v3355 0.0502399 -0.105564 0.00555227
v3356 0.0499893 -0.105553 0.00565957
v3357 0.0498654 -0.105547 0.00571801
v3358 0.049621 -0.105531 0.0058463
v3359 0.0493712 -0.105519 0.00595718
v3360 0.0491222 -0.105507 0.00607131
v3361 0.0646816 -0.116497 0.000558096
v3362 0.0488708 -0.105496 0.0061778
v3363 0.0487473 -0.105489 0.00623844
v3364 0.0641396 -0.116511 0.00061863
v3365 0.0640066 -0.116513 0.000640432
v3366 0.0486224 -0.105483 0.00629457
v3367 0.0637416 -0.116517 0.000686841
v3368 0.048372 -0.105471 0.00640531
v3369 0.0634774 -0.11652 0.000735418
v3370 0.048124 -0.105458 0.00652417
v3371 0.0632128 -0.116523 0.000782795
v3372 0.0480012 -0.10545 0.00658793
v3373 0.0629425 -0.11653 0.000814526
v3374 0.0477479 -0.10544 0.00668991
v3375 0.0626765 -0.116534 0.000857885
v3376 0.0474999 -0.105427 0.00680976
v3377 0.062418 -0.116534 0.000921846
v3378 0.0825168 -0.116813 0.000259144
v3379 0.0621548 -0.116537 0.000972915
v3380 0.0829882 -0.116775 0.000343591
v3381 0.0618848 -0.116543 0.00100523
v3382 0.0831471 -0.116762 0.000375485
v3383 0.0616206 -0.116547 0.00105331
v3384 0.0614913 -0.116547 0.00108544
v3385 0.0613573 -0.116549 0.00110415
v3386 0.0833079 -0.116747 0.00041162
v3387 0.06109 -0.116555 0.00114339
v3388 0.0836314 -0.116718 0.000487472
v3389 0.0839546 -0.116689 0.000562005
v3390 0.0606982 -0.116557 0.00122832
v3391 0.0841167 -0.116675 0.000600019
v3392 0.0604397 -0.116557 0.00129263
v3393 0.0860932 -0.116486 0.00111394
v3394 0.060179 -0.116558 0.00135043
v3395 0.0600483 -0.116559 0.00137846
v3396 0.0599184 -0.116559 0.00140872
v3397 0.0862499 -0.116475 0.00113804
v3398 0.0596584 -0.11656 0.00146893
v3399 0.0865821 -0.116443 0.00122701
v3400 0.0594011 -0.116559 0.00153676
v3401 0.0869096 -0.116413 0.00130511
v3402 0.0591452 -0.116557 0.00160842
v3403 0.059018 -0.116556 0.00164664
v3404 0.0588903 -0.116555 0.0016835
v3405 0.0870749 -0.116397 0.00134728
v3406 0.0586389 -0.116551 0.00176859
v3407 0.0872438 -0.11638 0.00139703
v3408 0.0583876 -0.116546 0.00185419
v3409 0.0582622 -0.116544 0.00189773
v3410 0.0718545 -0.103137 -0.000601596
v3411 0.0580101 -0.116539 0.00198146
v3412 0.0719973 -0.10313 -0.00060428
v3413 0.0577571 -0.116536 0.00206251
v3414 0.0741854 -0.10299 -0.000541331
v3415 0.0575057 -0.116531 0.0021486
v3416 0.0573793 -0.116529 0.00218954
v3417 0.0572533 -0.116527 0.00223202
v3418 0.0743338 -0.102979 -0.000531823
v3419 0.0570023 -0.116522 0.00231937
v3420 0.0744809 -0.102969 -0.000525429
v3421 0.0567493 -0.116519 0.00240125
v3422 0.0566237 -0.116516 0.00244498
v3423 0.0564969 -0.116514 0.00248516
v3424 0.0746344 -0.102955 -0.000503405
v3425 0.0749293 -0.102935 -0.000489458
v3426 0.0752285 -0.102912 -0.000465521
v3427 0.079649 -0.105434 -0.000335929
v3428 0.0793338 -0.105464 -0.000393369
v3429 0.0791766 -0.105479 -0.000421223
v3430 0.0788713 -0.105504 -0.000456354
v3431 0.0785588 -0.105533 -0.000508763
v3432 0.0782548 -0.105558 -0.000541824
v3433 0.0552619 -0.116476 0.00298865
v3434 0.0765701 -0.105701 -0.000762492
v3435 0.0764204 -0.105712 -0.000775272
v3436 0.0761195 -0.105735 -0.000804242
v3437 0.0759657 -0.105749 -0.000827035
v3438 0.0758155 -0.10576 -0.000841134
v3439 0.0756656 -0.105772 -0.000854859
v3440 0.0753684 -0.105793 -0.000876087
v3441 0.0750716 -0.105814 -0.000896856
v3442 0.0829 -0.113249 5.20666e-05
v3443 0.08306 -0.113235 8.58043e-05
v3444 0.0538944 -0.116439 0.00352383
v3445 0.083376 -0.113208 0.000143559
v3446 0.0835379 -0.113192 0.000180895
v3447 0.0838562 -0.113164 0.000242868
v3448 0.084017 -0.11315 0.00027743
v3449 0.084182 -0.113133 0.000321081
v3450 0.0755291 -0.102889 -0.000438405
v3451 0.0855182 -0.112991 0.000700595
v3452 0.0858489 -0.112958 0.000786098
v3453 0.0860109 -0.112943 0.000821305
v3454 0.0758292 -0.102865 -0.000413148
v3455 0.0771996 -0.10275 -0.000257162
v3456 0.0498204 -0.102485 0.00680231
v3457 0.0392813 -0.113352 0.00952965
v3458 0.0395355 -0.11336 0.00942895
v3459 0.051708 -0.102573 0.00598432
v3460 0.0518342 -0.102578 0.00593191
v3461 0.0519584 -0.102585 0.00587293
v3462 0.0522092 -0.102597 0.00576294
v3463 0.0524603 -0.102609 0.00565454
v3464 0.0528309 -0.102631 0.00547332
v3465 0.0512784 -0.116365 0.00455258
v3466 0.0511534 -0.116362 0.00460106
v3467 0.0510297 -0.116357 0.00465374
v3468 0.0530804 -0.102644 0.00536055
v3469 0.0507821 -0.116349 0.00475847
v3470 0.053333 -0.102654 0.00525792
v3471 0.0505307 -0.116343 0.00485151
v3472 0.0504072 -0.116339 0.00490545
v3473 0.0535858 -0.102664 0.00515625
v3474 0.0501606 -0.116329 0.00501442
v3475 0.0537066 -0.102673 0.00508825
v3476 0.0499115 -0.116322 0.0051157
v3477 0.0497854 -0.116319 0.00516136
v3478 0.0496588 -0.116317 0.00520532
v3479 0.0812172 -0.129047 0.00338821
v3480 0.0494081 -0.11631 0.00530218
v3481 0.0815095 -0.129035 0.00339756
v3482 0.0491605 -0.116301 0.00540926
v3483 0.0538317 -0.102679 0.00503352
v3484 0.0482968 -0.116268 0.0057966
v3485 0.0540827 -0.10269 0.00492705
v3486 0.0661676 -0.116595 0.000389315
v3487 0.0658952 -0.116603 0.000416771
v3488 0.0543354 -0.1027 0.00482628
v3489 0.0656281 -0.116608 0.000457939
v3490 0.054708 -0.10272 0.00465564
v3491 0.0653694 -0.116608 0.000521609
v3492 0.0646874 -0.116627 0.000586235
v3493 0.0645512 -0.116631 0.000599368
v3494 0.0559606 -0.102775 0.00412506
v3495 0.0573281 -0.102842 0.00352013
v3496 0.0574515 -0.102848 0.00346305
v3497 0.0577024 -0.102858 0.0033609
v3498 0.0579475 -0.102873 0.00324218
v3499 0.0581942 -0.102886 0.0031287
v3500 0.0584398 -0.1029 0.00301221
v3501 0.0585624 -0.102907 0.00295351
v3502 0.0632202 -0.116653 0.000815064
v3503 0.0586891 -0.102911 0.00290695
v3504 0.0589346 -0.102924 0.00279081
v3505 0.0591803 -0.102938 0.0026758
v3506 0.0593048 -0.102943 0.00262331
v3507 0.0595566 -0.102952 0.00252624
v3508 0.0598095 -0.10296 0.00243262
v3509 0.0600566 -0.102972 0.00232287
v3510 0.0603055 -0.102983 0.00221819
v3511 0.0864317 -0.115234 0.00106685
v3512 0.0861044 -0.115264 0.000988733
v3513 0.0844428 -0.115431 0.000532557
v3514 0.0842818 -0.115445 0.000497517
v3515 0.083953 -0.115477 0.000411533
v3516 0.0837916 -0.115492 0.000375163
v3517 0.0834672 -0.115522 0.000298025
v3518 0.0833081 -0.115535 0.000266219
v3519 0.0831496 -0.115549 0.000235633
v3520 0.0330387 -0.119546 0.0126605
v3521 0.0812664 -0.115702 -9.97277e-05
v3522 0.0809555 -0.115727 -0.00015096
v3523 0.0342009 -0.132547 0.016987
v3524 0.086121 -0.119308 0.00152466
v3525 0.0859573 -0.119322 0.0014844
v3526 0.0779552 -0.113439 -0.000371621
v3527 0.0782513 -0.113421 -0.000352203
v3528 0.0783983 -0.113412 -0.000345058
v3529 0.078694 -0.113394 -0.000326977
v3530 0.0810366 -0.113263 -0.000249182
v3531 0.0811867 -0.113253 -0.000236615
v3532 0.0815023 -0.113226 -0.000176572
v3533 0.049358 -0.105668 0.00592179
v3534 0.0481101 -0.105607 0.00648527
v3535 0.0472331 -0.105567 0.00687422
v3536 0.0356187 -0.132565 0.0164697
v3537 0.0363901 -0.132576 0.0161836
v3538 0.0371631 -0.132585 0.0159069
v3539 0.0711652 -0.103022 -0.000540598
v3540 0.0713047 -0.103017 -0.000551486
v3541 0.0714445 -0.103011 -0.000561532
v3542 0.0718699 -0.102991 -0.000577281
v3543 0.0720117 -0.102984 -0.000582513
v3544 0.0722993 -0.102968 -0.000583605
v3545 0.0725878 -0.102951 -0.000582538
v3546 0.0727324 -0.102943 -0.000581414
v3547 0.0730263 -0.102922 -0.000567457
v3548 0.0733128 -0.102907 -0.000572261
v3549 0.0736105 -0.102885 -0.000549636
v3550 0.073903 -0.102866 -0.000540399
v3551 0.0758437 -0.10272 -0.000393403
v3552 0.0759935 -0.102708 -0.000381438
v3553 0.076293 -0.102686 -0.000358541
v3554 0.0766025 -0.102657 -0.000311986
v3555 0.076908 -0.10263 -0.000275456
v3556 0.0513519 -0.102399 0.00620618
v3557 0.0561253 -0.116638 0.00264224
v3558 0.080407 -0.105512 -0.000248508
v3559 0.0558818 -0.116628 0.00275311
v3560 0.0802564 -0.105523 -0.000260188
v3561 0.0556337 -0.116621 0.00285085
v3562 0.0801027 -0.105536 -0.000279224
v3563 0.0553892 -0.116612 0.00295933
v3564 0.0552637 -0.11661 0.00300414
v3565 0.0551382 -0.116607 0.00304882
v3566 0.0799473 -0.10555 -0.000302378
v3567 0.0782409 -0.105702 -0.000559245
v3568 0.0547685 -0.116595 0.00320376
v3569 0.0546452 -0.116591 0.00325526
v3570 0.0545217 -0.116587 0.00330643
v3571 0.0780858 -0.105716 -0.000583266
v3572 0.054273 -0.11658 0.00340377
v3573 0.0777822 -0.10574 -0.0006163
v3574 0.054021 -0.116575 0.00349111
v3575 0.0538969 -0.116572 0.00354079
v3576 0.0537712 -0.116569 0.00358551
v3577 0.0774723 -0.105768 -0.000664527
v3578 0.0535205 -0.116563 0.00367736
v3579 0.0771656 -0.105795 -0.000706065
v3580 0.0770135 -0.105807 -0.000723754
v3581 0.0531459 -0.116554 0.00382023
v3582 0.0747678 -0.105975 -0.000920296
v3583 0.0528959 -0.116547 0.00391491
v3584 0.0816559 -0.113214 -0.000156369
v3585 0.0526431 -0.116543 0.00400113
v3586 0.0819635 -0.113191 -0.000115228
v3587 0.0523924 -0.116537 0.00409407
v3588 0.0738904 -0.106031 -0.000954557
v3589 0.0521437 -0.11653 0.00419365
v3590 0.0737427 -0.106042 -0.000964355
v3591 0.0518979 -0.11652 0.00430267
v3592 0.051775 -0.116516 0.00435739
v3593 0.0822687 -0.113169 -8.00117e-05
v3594 0.0825827 -0.113142 -2.56009e-05
v3595 0.0731647 -0.106075 -0.000972321
v3596 0.0843612 -0.112973 0.000380047
v3597 0.0524753 -0.102458 0.00569264
v3598 0.0543529 -0.102548 0.00487049
v3599 0.0840353 -0.119478 0.00108495
v3600 0.0838729 -0.119492 0.00104578
v3601 0.0837128 -0.119505 0.00101136
v3602 0.0833896 -0.119533 0.000935615
v3603 0.0832316 -0.119545 0.0009055
v3604 0.0829134 -0.119571 0.000840056
v3605 0.0826007 -0.119594 0.000786593
v3606 0.0549785 -0.102577 0.00459985
v3607 0.0551051 -0.102582 0.00455057
v3608 0.0552267 -0.10259 0.00448599
v3609 0.0554703 -0.102607 0.00435875
v3610 0.0555922 -0.102615 0.00429552
v3611 0.0557221 -0.102617 0.00425664
v3612 0.0559793 -0.102622 0.00417126
v3613 0.0562245 -0.102638 0.00404987
v3614 0.056351 -0.102642 0.00400086
v3615 0.0489136 -0.116427 0.00552663
v3616 0.0565993 -0.102655 0.00388951
v3617 0.0854769 -0.119495 0.00140341
v3618 0.0853158 -0.119509 0.00136839
v3619 0.0851582 -0.11952 0.00134089
v3620 0.0850011 -0.119532 0.00131462
v3621 0.0848318 -0.119549 0.00126079
v3622 0.065375 -0.116738 0.000549147
v3623 0.0845133 -0.119574 0.00119767
v3624 0.0841966 -0.119599 0.00113789
v3625 0.084036 -0.119612 0.00110274
v3626 0.0826073 -0.119726 0.000817514
v3627 0.0785582 -0.113262 -0.000323094
v3628 0.0634892 -0.116781 0.000791831
v3629 0.063357 -0.116782 0.000815907
v3630 0.0632237 -0.116784 0.000836893
v3631 0.0802825 -0.11318 -0.000337898
v3632 0.0629532 -0.116791 0.000867864
v3633 0.0804325 -0.11317 -0.000324993
v3634 0.0626864 -0.116796 0.000909072
v3635 0.0805891 -0.113157 -0.000296976
v3636 0.0624257 -0.116797 0.000967099
v3637 0.0827458 -0.112991 -6.77727e-07
v3638 0.0621646 -0.116799 0.00102376
v3639 0.0829035 -0.112977 2.76635e-05
v3640 0.0618974 -0.116804 0.00106387
v3641 0.0617656 -0.116805 0.00108867
v3642 0.0830625 -0.112963 5.89734e-05
v3643 0.0615004 -0.116809 0.00113415
v3644 0.0833837 -0.112934 0.000128308
v3645 0.0612344 -0.116813 0.00117698
v3646 0.0835456 -0.112918 0.000165731
v3647 0.0609677 -0.116818 0.00121808
v3648 0.083871 -0.112886 0.000243594
v3649 0.060707 -0.116819 0.00127613
v3650 0.0840327 -0.112871 0.000279991
v3651 0.0604494 -0.116819 0.0013426
v3652 0.060319 -0.116819 0.00137141
v3653 0.0601891 -0.11682 0.00140169
v3654 0.084195 -0.112856 0.000317493
v3655 0.059927 -0.116822 0.00145576
v3656 0.0568526 -0.102663 0.00379322
v3657 0.0596646 -0.116824 0.00150882
v3658 0.0569756 -0.10267 0.00373448
v3659 0.0594051 -0.116824 0.0015702
v3660 0.0570991 -0.102677 0.00367719
v3661 0.0591465 -0.116824 0.00163443
v3662 0.0573436 -0.102692 0.00355541
v3663 0.0588937 -0.116821 0.00171506
v3664 0.0863619 -0.112628 0.000917111
v3665 0.0586432 -0.116816 0.00180269
v3666 0.0574665 -0.102699 0.00349673
v3667 0.0575887 -0.102707 0.00343585
v3668 0.0582638 -0.116811 0.00192404
v3669 0.0579641 -0.102722 0.00328034
v3670 0.0580069 -0.116809 0.00199345
v3671 0.0517193 -0.105921 0.00485631
v3672 0.0577569 -0.116804 0.00208336
v3673 0.0515945 -0.105916 0.00491037
v3674 0.0575046 -0.1168 0.0021664
v3675 0.0513425 -0.105907 0.00501072
v3676 0.057253 -0.116796 0.00225192
v3677 0.0330482 -0.119814 0.0127008
v3678 0.0570021 -0.116791 0.00233974
v3679 0.0598273 -0.10281 0.00247224
v3680 0.0567497 -0.116787 0.00242327
v3681 0.0566234 -0.116785 0.00246457
v3682 0.0564967 -0.116783 0.00250494
v3683 0.0493449 -0.105816 0.00588684
v3684 0.0492217 -0.105809 0.00594793
v3685 0.0490943 -0.105805 0.00599516
v3686 0.0488426 -0.105795 0.00610023
v3687 0.0485973 -0.10578 0.00622687
v3688 0.048346 -0.105769 0.00633386
v3689 0.0480965 -0.105757 0.00644743
v3690 0.047973 -0.10575 0.00650836
v3691 0.0477243 -0.105737 0.00662529
v3692 0.0474769 -0.105722 0.00674694
v3693 0.0473535 -0.105715 0.00680877
v3694 0.0472221 -0.105714 0.00684412
v3695 0.0469753 -0.105699 0.00696867
v3696 0.0605709 -0.102844 0.00214951
v3697 0.060825 -0.102851 0.00206023
v3698 0.0612076 -0.10286 0.0019306
v3699 0.0378065 -0.132593 0.015675
v3700 0.0385802 -0.132602 0.015406
v3701 0.0387097 -0.132603 0.0153635
v3702 0.0389665 -0.132606 0.0152705
v3703 0.0392237 -0.132609 0.0151788
v3704 0.0393504 -0.132612 0.0151259
v3705 0.037097 -0.132214 0.015636
v3706 0.0369696 -0.132212 0.0156875
v3707 0.0367108 -0.13221 0.0157742
v3708 0.0532721 -0.116691 0.00378594
v3709 0.0364532 -0.132206 0.0158663
v3710 0.0361963 -0.132203 0.0159614
v3711 0.0359395 -0.132199 0.0160573
v3712 0.0355557 -0.132193 0.0162075
v3713 0.0354263 -0.132191 0.0162519
v3714 0.0525184 -0.116674 0.00405874
v3715 0.0352974 -0.13219 0.0162981
v3716 0.0347841 -0.132182 0.0164938
v3717 0.0812696 -0.116776 3.42812e-05
v3718 0.081423 -0.116765 5.50618e-05
v3719 0.0519024 -0.116652 0.00432567
v3720 0.0817336 -0.116741 0.000105135
v3721 0.0820394 -0.116719 0.000143711
v3722 0.0515361 -0.116637 0.00449772
v3723 0.0821951 -0.116707 0.000169273
v3724 0.0512871 -0.116629 0.00459732
v3725 0.0825135 -0.11668 0.000235681
v3726 0.0510384 -0.116622 0.00469849
v3727 0.0805311 -0.105653 -0.00028197
v3728 0.0507882 -0.116615 0.00479498
v3729 0.0799174 -0.105703 -0.000355953
v3730 0.0505377 -0.116609 0.00489065
v3731 0.0796172 -0.105725 -0.000378319
v3732 0.0794604 -0.10574 -0.000405331
v3733 0.050168 -0.116595 0.00505472
v3734 0.0791445 -0.105771 -0.000464947
v3735 0.0499213 -0.116586 0.00516341
v3736 0.0788385 -0.105796 -0.000502087
v3737 0.0496673 -0.116581 0.00524898
v3738 0.0785257 -0.105825 -0.000555422
v3739 0.0494167 -0.116575 0.00534582
v3740 0.0768409 -0.105968 -0.000775579
v3741 0.0491652 -0.116569 0.0054401
v3742 0.0766895 -0.10598 -0.000791938
v3743 0.0484271 -0.116539 0.00577878
v3744 0.048303 -0.116535 0.00583202
v3745 0.0765332 -0.105995 -0.000820418
v3746 0.0659101 -0.116862 0.000481798
v3747 0.0763846 -0.106005 -0.00083044
v3748 0.0656441 -0.116866 0.000525908
v3749 0.0655148 -0.116866 0.000558091
v3750 0.0653856 -0.116866 0.000590275
v3751 0.0645642 -0.116891 0.000659418
v3752 0.0641568 -0.116902 0.000702235
v3753 0.0640253 -0.116904 0.000728234
v3754 0.0760892 -0.106025 -0.000846688
v3755 0.0637608 -0.116907 0.000775889
v3756 0.0759344 -0.106039 -0.000872099
v3757 0.0756387 -0.10606 -0.000889653
v3758 0.0753422 -0.10608 -0.000909613
v3759 0.0750448 -0.106102 -0.000931872
v3760 0.074604 -0.106131 -0.000953494
v3761 0.0743125 -0.106149 -0.000962664
v3762 0.0861234 -0.119576 0.00156308
v3763 0.0859608 -0.11959 0.00152544
v3764 0.0838769 -0.119759 0.00108711
v3765 0.0837177 -0.119772 0.00105479
v3766 0.0833948 -0.119799 0.000979643
v3767 0.0832385 -0.119811 0.000953473
v3768 0.0829203 -0.119836 0.000887855
v3769 0.0826109 -0.119858 0.000841741
v3770 0.0822984 -0.119881 0.000788062
v3771 0.0839504 -0.116557 0.000536154
v3772 0.0790417 -0.13117 0.00427186
v3773 0.07933 -0.13116 0.00427375
v3774 0.0796127 -0.131151 0.00426179
v3775 0.0369944 -0.115762 0.0105011
v3776 0.0703503 -0.102904 -0.000434387
v3777 0.0706254 -0.102896 -0.000465761
v3778 0.033054 -0.119947 0.0127257
v3779 0.0709044 -0.102885 -0.000487123
v3780 0.0854789 -0.119764 0.0014407
v3781 0.0853185 -0.119777 0.00140728
v3782 0.0711806 -0.102876 -0.000516089
v3783 0.0714596 -0.102865 -0.000537724
v3784 0.033556 -0.128905 0.0148545
v3785 0.0850009 -0.119801 0.00134701
v3786 0.0848389 -0.119815 0.00130949
v3787 0.0845159 -0.119842 0.00123624
v3788 0.0841978 -0.119867 0.00117329
v3789 0.059283 -0.116954 0.00163399
v3790 0.0778157 -0.113175 -0.000391835
v3791 0.0779679 -0.113163 -0.000372334
v3792 0.0781236 -0.11315 -0.000344584
v3793 0.0810519 -0.112986 -0.000245774
v3794 0.0812036 -0.112975 -0.000229748
v3795 0.0815127 -0.112951 -0.00018467
v3796 0.0583941 -0.116944 0.00190535
v3797 0.081667 -0.112939 -0.00016279
v3798 0.081975 -0.112915 -0.000121141
v3799 0.082281 -0.112892 -8.42657e-05
v3800 0.0825922 -0.112867 -3.61617e-05
v3801 0.0841999 -0.112718 0.000312189
v3802 0.0843658 -0.1127 0.000357589
v3803 0.0715988 -0.10286 -0.000549638
v3804 0.0734768 -0.10275 -0.000538257
v3805 0.0736232 -0.10274 -0.000533066
v3806 0.073917 -0.10272 -0.000520742
v3807 0.0740695 -0.102707 -0.000501104
v3808 0.0743654 -0.102686 -0.000484005
v3809 0.0746649 -0.102663 -0.000458794
v3810 0.0749592 -0.102643 -0.000446607
v3811 0.0752589 -0.10262 -0.000421653
v3812 0.0400479 -0.112959 0.00923166
v3813 0.0823042 -0.120013 0.000817064
v3814 0.0561285 -0.116905 0.00267225
v3815 0.0560047 -0.116901 0.00272143
v3816 0.0558812 -0.116897 0.00277151
v3817 0.0755595 -0.102596 -0.000395046
v3818 0.0556335 -0.11689 0.00287004
v3819 0.03306 -0.12008 0.0127511
v3820 0.0553901 -0.11688 0.00298177
v3821 0.0861317 -0.119842 0.00161473
v3822 0.0551417 -0.116874 0.00307885
v3823 0.0858077 -0.119869 0.00154151
v3824 0.0850024 -0.119935 0.00136675
v3825 0.0547726 -0.116861 0.00323554
v3826 0.0546492 -0.116857 0.00328688
v3827 0.0545255 -0.116853 0.00333738
v3828 0.083875 -0.120029 0.00111542
v3829 0.0542771 -0.116847 0.00343539
v3830 0.0837147 -0.120042 0.00108037
v3831 0.0540244 -0.116842 0.00352043
v3832 0.0834015 -0.120065 0.00102707
v3833 0.0537753 -0.116836 0.00361699
v3834 0.0832443 -0.120077 0.000998737
v3835 0.0829276 -0.120101 0.000936442
v3836 0.0533993 -0.116827 0.0037549
v3837 0.0532758 -0.116823 0.00380662
v3838 0.0531511 -0.11682 0.0038549
v3839 0.0826196 -0.120123 0.000893602
v3840 0.0529017 -0.116813 0.00395129
v3841 0.0516978 -0.106076 0.00479695
v3842 0.0526513 -0.116807 0.00404475
v3843 0.0525252 -0.116804 0.00408909
v3844 0.0523999 -0.116802 0.0041357
v3845 0.0515724 -0.106071 0.00484872
v3846 0.0521508 -0.116795 0.00423366
v3847 0.0514465 -0.106066 0.00489925
v3848 0.0519042 -0.116786 0.00434016
v3849 0.0517816 -0.116781 0.00439576
v3850 0.0513213 -0.106061 0.00495173
v3851 0.0823082 -0.120145 0.000842178
v3852 0.0821552 -0.120155 0.000822636
v3853 0.0800118 -0.112915 -0.000327495
v3854 0.0801589 -0.112907 -0.00032117
v3855 0.0803109 -0.112896 -0.000303676
v3856 0.0806105 -0.112876 -0.000279261
v3857 0.0807594 -0.112867 -0.000269188
v3858 0.0506696 -0.116743 0.0048725
v3859 0.0485815 -0.105931 0.00618214
v3860 0.0467065 -0.105841 0.00702551
v3861 0.0465833 -0.105833 0.00708893
v3862 0.0464598 -0.105826 0.00715111
v3863 0.0462075 -0.105816 0.00725795
v3864 0.0460852 -0.105807 0.00732465
v3865 0.0458398 -0.105791 0.00745585
v3866 0.0455912 -0.105777 0.00757672
v3867 0.0767716 -0.102497 -0.000269883
v3868 0.0524891 -0.102308 0.00572709
v3869 0.0492993 -0.116701 0.00542838
v3870 0.0527351 -0.102324 0.00560248
v3871 0.0529862 -0.102336 0.00549409
v3872 0.0489213 -0.116693 0.00556732
v3873 0.053241 -0.102344 0.00539797
v3874 0.0533677 -0.102349 0.00534743
v3875 0.0536243 -0.102356 0.0052571
v3876 0.0538731 -0.102369 0.00514277
v3877 0.0540011 -0.102373 0.00509712
v3878 0.0480584 -0.116659 0.00595813
v3879 0.0541301 -0.102376 0.0050543
v3880 0.0543812 -0.102387 0.00494785
v3881 0.0546318 -0.102398 0.00484015
v3882 0.0548845 -0.102408 0.00473911
v3883 0.0552566 -0.102428 0.00456717
v3884 0.0554957 -0.102449 0.0044258
v3885 0.0557493 -0.102457 0.00432882
v3886 0.0562462 -0.102483 0.00410468
v3887 0.0637701 -0.117035 0.000813279
v3888 0.057622 -0.102543 0.00352346
v3889 0.0578615 -0.102562 0.00338756
v3890 0.058227 -0.102586 0.00320285
v3891 0.0584714 -0.102601 0.00308242
v3892 0.0587241 -0.102609 0.00298644
v3893 0.0629699 -0.117049 0.000937986
v3894 0.058846 -0.102617 0.00292595
v3895 0.0627027 -0.117054 0.000977799
v3896 0.080676 -0.105782 -0.000267419
v3897 0.0624384 -0.117057 0.00102588
v3898 0.0805206 -0.105795 -0.000290206
v3899 0.0802112 -0.105822 -0.000333145
v3900 0.0620376 -0.117065 0.0010856
v3901 0.0786681 -0.105955 -0.000546054
v3902 0.061775 -0.117067 0.00113827
v3903 0.0785118 -0.105969 -0.000572604
v3904 0.0615132 -0.117069 0.00119297
v3905 0.0783602 -0.105981 -0.000588485
v3906 0.0612487 -0.117072 0.00124034
v3907 0.0780525 -0.106008 -0.000630848
v3908 0.0609849 -0.117075 0.00128953
v3909 0.0777476 -0.106033 -0.000667338
v3910 0.0607238 -0.117077 0.00134632
v3911 0.060593 -0.117078 0.00137398
v3912 0.0604622 -0.117079 0.00140159
v3913 0.0774404 -0.106059 -0.000709648
v3914 0.0601996 -0.117081 0.00145411
v3915 0.0772877 -0.106072 -0.000728896
v3916 0.0599399 -0.117082 0.00151488
v3917 0.0750336 -0.106244 -0.000944184
v3918 0.0596819 -0.117081 0.00158047
v3919 0.0747383 -0.106264 -0.000962126
v3920 0.0594205 -0.117083 0.00163657
v3921 0.0745917 -0.106274 -0.000968704
v3922 0.0591606 -0.117084 0.00169693
v3923 0.0742992 -0.106293 -0.000980516
v3924 0.0589067 -0.117081 0.00177444
v3925 0.07401 -0.106309 -0.000984485
v3926 0.0586498 -0.11708 0.0018436
v3927 0.0737181 -0.106328 -0.000995369
v3928 0.0583931 -0.117079 0.00191341
v3929 0.0582664 -0.117077 0.00195321
v3930 0.0827496 -0.112719 -2.44562e-05
v3931 0.0580105 -0.117075 0.00202521
v3932 0.0830652 -0.112692 3.28031e-05
v3933 0.0577586 -0.117071 0.00210931
v3934 0.0833863 -0.112662 0.000101795
v3935 0.0575057 -0.117068 0.00219061
v3936 0.083552 -0.112644 0.00014753
v3937 0.0572511 -0.117065 0.00226732
v3938 0.0838817 -0.11261 0.000234911
v3939 0.0570018 -0.117059 0.0023595
v3940 0.0589718 -0.102621 0.00287641
v3941 0.0567522 -0.117053 0.00245118
v3942 0.0592209 -0.102633 0.00277076
v3943 0.0594681 -0.102645 0.00265998
v3944 0.0595936 -0.10265 0.00260991
v3945 0.0598479 -0.102657 0.00252005
v3946 0.0600959 -0.102669 0.00241205
v3947 0.0603435 -0.10268 0.00230346
v3948 0.0605958 -0.102689 0.00220869
v3949 0.0608492 -0.102696 0.00211686
v3950 0.061105 -0.102702 0.00203245
v3951 0.0857623 -0.115437 0.000894079
v3952 0.085597 -0.115453 0.000850629
v3953 0.0854332 -0.115469 0.00081056
v3954 0.0852657 -0.115486 0.000762043
v3955 0.0851002 -0.115502 0.000717644
v3956 0.0847721 -0.115533 0.000634963
v3957 0.0846061 -0.11555 0.00058915
v3958 0.0861338 -0.119976 0.00163588
v3959 0.0854771 -0.120034 0.00146969
v3960 0.0853168 -0.120046 0.00143645
v3961 0.0850045 -0.120069 0.00138775
v3962 0.0848369 -0.120085 0.00133774
v3963 0.0845166 -0.12011 0.00127028
v3964 0.0841928 -0.120138 0.00119449
v3965 0.0837169 -0.120175 0.00110159
v3966 0.0556634 -0.13382 0.00981631
v3967 0.0757839 -0.133796 0.00571778
v3968 0.0778298 -0.112898 -0.000388999
v3969 0.0779859 -0.112885 -0.0003603
v3970 0.0781411 -0.112872 -0.000334027
v3971 0.0804792 -0.112742 -0.00026443
v3972 0.0810758 -0.112703 -0.000222723
v3973 0.0812268 -0.112693 -0.000208225
v3974 0.0813821 -0.11268 -0.000183965
v3975 0.0816904 -0.112657 -0.00014139
v3976 0.0819911 -0.112637 -0.000116391
v3977 0.0822941 -0.112616 -8.65582e-05
v3978 0.0824534 -0.112601 -5.41947e-05
v3979 0.0829213 -0.112563 1.94176e-05
v3980 0.0842078 -0.112443 0.000296941
v3981 0.0843715 -0.112427 0.000337508
v3982 0.0829893 -0.115698 0.000216959
v3983 0.0515339 -0.116908 0.00450786
v3984 0.0828291 -0.115712 0.000182225
v3985 0.0512879 -0.116899 0.00461686
v3986 0.0826726 -0.115724 0.000155788
v3987 0.0510451 -0.116887 0.00473682
v3988 0.082359 -0.11575 0.000100931
v3989 0.0507993 -0.116878 0.00484718
v3990 0.050675 -0.116874 0.004898
v3991 0.0820419 -0.115777 3.7631e-05
v3992 0.05043 -0.116864 0.00501163
v3993 0.0818868 -0.115789 1.34669e-05
v3994 0.0501808 -0.116857 0.0051124
v3995 0.0500564 -0.116853 0.00516327
v3996 0.0499325 -0.116849 0.00521609
v3997 0.0817321 -0.115801 -9.80252e-06
v3998 0.0496813 -0.116843 0.00531068
v3999 0.0815738 -0.115814 -4.1344e-05
v4000 0.0494332 -0.116834 0.00541553
v4001 0.084599 -0.116498 0.000688142
v4002 0.0491816 -0.116828 0.00550945
v4003 0.0847639 -0.116482 0.000731792
v4004 0.0849258 -0.116467 0.000768547
v4005 0.0488065 -0.116818 0.00565858
v4006 0.048684 -0.116812 0.00571663
v4007 0.0485619 -0.116807 0.00577624
v4008 0.0852529 -0.116437 0.000849086
v4009 0.0483134 -0.116798 0.00588152
v4010 0.0855824 -0.116406 0.000934279
v4011 0.048064 -0.116791 0.00598409
v4012 0.0661982 -0.117113 0.000521634
v4013 0.0660641 -0.117116 0.000540843
v4014 0.0659306 -0.117118 0.00056183
v4015 0.0400507 -0.112681 0.00923431
v4016 0.0656649 -0.117122 0.000606912
v4017 0.0330721 -0.120345 0.0128024
v4018 0.0654051 -0.117122 0.00066767
v4019 0.0647174 -0.117145 0.000716742
v4020 0.0645813 -0.117149 0.000730423
v4021 0.0861348 -0.12011 0.00165469
v4022 0.0643144 -0.117154 0.000771773
v4023 0.0859705 -0.120124 0.00161321
v4024 0.0640432 -0.117161 0.000801317
v4025 0.0639133 -0.117161 0.000831658
v4026 0.0637813 -0.117163 0.000856181
v4027 0.0858102 -0.120137 0.00158019
v4028 0.0635148 -0.117167 0.00089835
v4029 0.0848385 -0.120218 0.00135773
v4030 0.063249 -0.117171 0.000942518
v4031 0.0838754 -0.120297 0.00114876
v4032 0.0837182 -0.120309 0.00112066
v4033 0.0835555 -0.120323 0.00108019
v4034 0.0834005 -0.120334 0.00105705
v4035 0.0832464 -0.120344 0.00103575
v4036 0.0829328 -0.120367 0.000980555
v4037 0.0826253 -0.120388 0.000938427
v4038 0.0621777 -0.117192 0.0010956
v4039 0.0823179 -0.120409 0.000896176
v4040 0.0821632 -0.12042 0.000872733
v4041 0.0854844 -0.120299 0.00151904
v4042 0.0850051 -0.120337 0.00142208
v4043 0.084841 -0.120352 0.00137973
v4044 0.0846796 -0.120365 0.00134319
v4045 0.0845182 -0.120378 0.00130659
v4046 0.0841973 -0.120405 0.00123723
v4047 0.0834059 -0.120465 0.00108533
v4048 0.0608624 -0.117205 0.00135209
v4049 0.0478211 -0.106042 0.00648908
v4050 0.0475722 -0.106029 0.0066052
v4051 0.0471991 -0.10601 0.00678055
v4052 0.0469501 -0.105997 0.00689704
v4053 0.0466949 -0.105989 0.00699315
v4054 0.046571 -0.105982 0.00705389
v4055 0.0464471 -0.105975 0.00711461
v4056 0.0455767 -0.105928 0.00753306
v4057 0.087412 -0.116228 0.00142848
v4058 0.0595617 -0.11721 0.00164971
v4059 0.0699656 -0.102761 -0.000330532
v4060 0.0701031 -0.102757 -0.000346331
v4061 0.0710772 -0.102721 -0.000428297
v4062 0.0712148 -0.102717 -0.00044401
v4063 0.0714932 -0.102707 -0.000467747
v4064 0.0717759 -0.102694 -0.000480826
v4065 0.0719157 -0.102688 -0.000491234
v4066 0.0721969 -0.102676 -0.000508405
v4067 0.0724805 -0.102663 -0.000519919
v4068 0.0727676 -0.102647 -0.000523052
v4069 0.0730603 -0.102627 -0.000512331
v4070 0.0733503 -0.10261 -0.000508834
v4071 0.0736454 -0.102589 -0.000493209
v4072 0.0755884 -0.102441 -0.000340393
v4073 0.07574 -0.102428 -0.000324275
v4074 0.0760361 -0.102408 -0.000309314
v4075 0.0763396 -0.102383 -0.000277003
v4076 0.0764964 -0.102367 -0.000248882
v4077 0.0766503 -0.102353 -0.000228116
v4078 0.0527574 -0.102167 0.00566338
v4079 0.0530073 -0.10218 0.00555115
v4080 0.0806671 -0.105923 -0.000272091
v4081 0.0800463 -0.105977 -0.000362477
v4082 0.0798912 -0.105991 -0.000385428
v4083 0.0563811 -0.117177 0.00260919
v4084 0.0797372 -0.106004 -0.000405585
v4085 0.0561346 -0.117169 0.00271057
v4086 0.0794341 -0.106027 -0.000435228
v4087 0.0558875 -0.117162 0.00281037
v4088 0.0791194 -0.106057 -0.000492226
v4089 0.0556374 -0.117156 0.00290167
v4090 0.0788122 -0.106083 -0.000532409
v4091 0.0553952 -0.117146 0.00301708
v4092 0.0769695 -0.106241 -0.00078272
v4093 0.0766661 -0.106265 -0.000817627
v4094 0.0550233 -0.117135 0.00316453
v4095 0.0763654 -0.106288 -0.000846296
v4096 0.0547769 -0.117127 0.00326792
v4097 0.0762162 -0.106299 -0.000857983
v4098 0.0545295 -0.11712 0.00336872
v4099 0.0759139 -0.106323 -0.00089121
v4100 0.0542819 -0.117112 0.00346915
v4101 0.0756168 -0.106344 -0.000912297
v4102 0.0540298 -0.117108 0.00355616
v4103 0.0753224 -0.106364 -0.000927463
v4104 0.0537794 -0.117102 0.0036482
v4105 0.0734155 -0.106488 -0.00101838
v4106 0.0731274 -0.106505 -0.00102089
v4107 0.0534051 -0.117093 0.00379139
v4108 0.0729798 -0.106515 -0.00103095
v4109 0.0531569 -0.117085 0.0038912
v4110 0.0800478 -0.112627 -0.000275427
v4111 0.0529102 -0.117077 0.00399594
v4112 0.0803436 -0.112609 -0.000259706
v4113 0.0526615 -0.11707 0.00409474
v4114 0.0826129 -0.112451 -3.77224e-05
v4115 0.0524138 -0.117062 0.00419716
v4116 0.082769 -0.112439 -1.2803e-05
v4117 0.0521614 -0.117057 0.00428493
v4118 0.0520347 -0.117055 0.00432726
v4119 0.0829246 -0.112426 1.06838e-05
v4120 0.0517837 -0.117049 0.00441969
v4121 0.083075 -0.112416 2.24891e-05
v4122 0.0833988 -0.112385 9.72549e-05
v4123 0.0835601 -0.11237 0.000133101
v4124 0.0838873 -0.112337 0.000214749
v4125 0.0532613 -0.102189 0.00545186
v4126 0.0546506 -0.102245 0.00488796
v4127 0.0551496 -0.10227 0.00466621
v4128 0.0557682 -0.102304 0.0043757
v4129 0.0560191 -0.102315 0.00427061
v4130 0.056266 -0.102329 0.00415373
v4131 0.056511 -0.102344 0.00403171
v4132 0.0330885 -0.120608 0.0128719
v4133 0.0568899 -0.102358 0.00388337
v4134 0.0571316 -0.102376 0.00375239
v4135 0.0573893 -0.102381 0.00366942
v4136 0.0576381 -0.102393 0.00356007
v4137 0.0577641 -0.102398 0.00351034
v4138 0.0819225 -0.128759 0.00332078
v4139 0.0578853 -0.102406 0.00344672
v4140 0.058127 -0.102424 0.00331747
v4141 0.0837247 -0.120574 0.00116785
v4142 0.0834098 -0.120598 0.00111043
v4143 0.083253 -0.120609 0.00108294
v4144 0.0830968 -0.120621 0.00105671
v4145 0.0829407 -0.120632 0.00103039
v4146 0.082634 -0.120652 0.000990378
v4147 0.0823254 -0.120674 0.00094534
v4148 0.0583691 -0.10244 0.00318982
v4149 0.0481939 -0.116926 0.00595764
v4150 0.0584898 -0.102449 0.0031252
v4151 0.0594882 -0.102493 0.00270641
v4152 0.0848417 -0.12062 0.00141397
v4153 0.0845221 -0.120645 0.00134803
v4154 0.0841994 -0.120672 0.00127449
v4155 0.0840385 -0.120685 0.00123832
v4156 0.0778405 -0.112623 -0.000394485
v4157 0.0810875 -0.112427 -0.000227498
v4158 0.0812454 -0.112413 -0.000197448
v4159 0.0813967 -0.112403 -0.000182486
v4160 0.0821512 -0.112351 -0.000113993
v4161 0.0643252 -0.117281 0.00081323
v4162 0.0823022 -0.112341 -0.000100316
v4163 0.0842152 -0.112168 0.00028068
v4164 0.084384 -0.112149 0.000332555
v4165 0.0601091 -0.102521 0.00243845
v4166 0.0349832 -0.116647 0.0114303
v4167 0.0828237 -0.116522 0.000266807
v4168 0.0829858 -0.116507 0.000306049
v4169 0.0831436 -0.116494 0.000335263
v4170 0.0833018 -0.116481 0.00036537
v4171 0.0400517 -0.112404 0.00922993
v4172 0.0331014 -0.120873 0.0129268
v4173 0.0836301 -0.11645 0.000452071
v4174 0.0839478 -0.116423 0.000514084
v4175 0.0624537 -0.117316 0.00109185
v4176 0.0845246 -0.120779 0.00136991
v4177 0.0621852 -0.117322 0.00112827
v4178 0.0620496 -0.117325 0.00114252
v4179 0.0837303 -0.12084 0.00121274
v4180 0.0617878 -0.117327 0.00119728
v4181 0.0834125 -0.120865 0.00114873
v4182 0.0615267 -0.117329 0.001254
v4183 0.0832568 -0.120876 0.00112365
v4184 0.0612671 -0.117329 0.00131503
v4185 0.0829465 -0.120898 0.00107582
v4186 0.0610072 -0.11733 0.00137523
v4187 0.0841103 -0.116408 0.000553011
v4188 0.0607427 -0.117333 0.0014223
v4189 0.0848491 -0.120886 0.00146316
v4190 0.0604762 -0.117338 0.00146399
v4191 0.084529 -0.120911 0.00139601
v4192 0.060212 -0.117341 0.00151191
v4193 0.0842072 -0.120937 0.00132442
v4194 0.059954 -0.117341 0.00157745
v4195 0.0840477 -0.12095 0.00129151
v4196 0.0596983 -0.117339 0.00164958
v4197 0.0471826 -0.106162 0.00673198
v4198 0.059437 -0.117341 0.00170597
v4199 0.046181 -0.106115 0.00718061
v4200 0.0591755 -0.117343 0.00176165
v4201 0.0459318 -0.106102 0.00729784
v4202 0.0589175 -0.117342 0.00182746
v4203 0.0458102 -0.106093 0.00736703
v4204 0.0586555 -0.117344 0.00188164
v4205 0.0585257 -0.117344 0.00191254
v4206 0.0455611 -0.106079 0.00748539
v4207 0.0582691 -0.117343 0.00198252
v4208 0.0860885 -0.116218 0.0010704
v4209 0.0580133 -0.117341 0.00205475
v4210 0.0862524 -0.116203 0.00111028
v4211 0.0577628 -0.117337 0.00214295
v4212 0.0576349 -0.117336 0.00217935
v4213 0.057507 -0.117335 0.00221573
v4214 0.0865837 -0.116171 0.00119724
v4215 0.0572533 -0.117332 0.00229464
v4216 0.0869131 -0.116141 0.00127915
v4217 0.0570014 -0.117327 0.00237918
v4218 0.0568808 -0.117322 0.00243718
v4219 0.0870747 -0.116127 0.00131314
v4220 0.0872428 -0.11611 0.00136117
v4221 0.0699803 -0.102615 -0.00030697
v4222 0.0701201 -0.102609 -0.000316794
v4223 0.0703965 -0.1026 -0.000345193
v4224 0.0706718 -0.102592 -0.000376335
v4225 0.0735169 -0.102451 -0.000468594
v4226 0.0736636 -0.102441 -0.00046299
v4227 0.0738114 -0.10243 -0.000454942
v4228 0.0741077 -0.102409 -0.000437016
v4229 0.055519 -0.117284 0.00297734
v4230 0.0744051 -0.102387 -0.00041667
v4231 0.074704 -0.102364 -0.000393389
v4232 0.0750044 -0.102341 -0.000366766
v4233 0.0751545 -0.102329 -0.0003537
v4234 0.0809689 -0.106037 -0.000231406
v4235 0.0808129 -0.106051 -0.000255445
v4236 0.080658 -0.106065 -0.000277182
v4237 0.0805001 -0.10608 -0.000305869
v4238 0.0787995 -0.106227 -0.000546678
v4239 0.0786413 -0.106242 -0.000577655
v4240 0.0541586 -0.117243 0.00353059
v4241 0.0783343 -0.106268 -0.00061839
v4242 0.0780237 -0.106297 -0.000667998
v4243 0.07772 -0.106321 -0.000701645
v4244 0.0775672 -0.106334 -0.00072106
v4245 0.0772618 -0.106359 -0.000759675
v4246 0.0768066 -0.106395 -0.000811684
v4247 0.075163 -0.106516 -0.000949869
v4248 0.0750121 -0.106528 -0.000966633
v4249 0.0748641 -0.106539 -0.000976385
v4250 0.0745685 -0.106559 -0.000995502
v4251 0.0527893 -0.117206 0.00406513
v4252 0.0742733 -0.106579 -0.00101419
v4253 0.0739863 -0.106595 -0.00101308
v4254 0.0736953 -0.106613 -0.00102217
v4255 0.0734024 -0.106632 -0.0010361
v4256 0.0731147 -0.106648 -0.00103778
v4257 0.082953 -0.121029 0.00110655
v4258 0.0557081 -0.134069 0.00997301
v4259 0.0826179 -0.112178 -5.85065e-05
v4260 0.0827731 -0.112166 -3.57928e-05
v4261 0.0515356 -0.117177 0.0045304
v4262 0.0830838 -0.112141 9.87541e-06
v4263 0.0512911 -0.117167 0.00464416
v4264 0.083402 -0.112113 7.20278e-05
v4265 0.051051 -0.117154 0.00477257
v4266 0.083565 -0.112096 0.000111566
v4267 0.0508084 -0.117142 0.0048931
v4268 0.0838952 -0.112062 0.000199776
v4269 0.0762062 -0.102247 -0.000264247
v4270 0.0504414 -0.117127 0.00506485
v4271 0.0532819 -0.102034 0.00550689
v4272 0.0501938 -0.117119 0.0051705
v4273 0.0535358 -0.102043 0.00540754
v4274 0.0499448 -0.117111 0.00527186
v4275 0.0536631 -0.102048 0.00535874
v4276 0.0496977 -0.117102 0.00537995
v4277 0.0495725 -0.117099 0.00542859
v4278 0.0494515 -0.117093 0.00549121
v4279 0.0808324 -0.129446 0.00354536
v4280 0.0539174 -0.102057 0.00526089
v4281 0.0490744 -0.117083 0.0056332
v4282 0.0489478 -0.117081 0.00567775
v4283 0.0488233 -0.117077 0.00572904
v4284 0.0541701 -0.102067 0.00515852
v4285 0.0485733 -0.11707 0.0058291
v4286 0.0542967 -0.102072 0.0051081
v4287 0.0483241 -0.117062 0.00593192
v4288 0.0481992 -0.117058 0.00598244
v4289 0.0480738 -0.117055 0.0060315
v4290 0.0544234 -0.102076 0.00505803
v4291 0.0475841 -0.117033 0.00626823
v4292 0.0474573 -0.117031 0.00631309
v4293 0.06621 -0.117374 0.000578634
v4294 0.0659406 -0.11738 0.000613738
v4295 0.0546722 -0.10209 0.00494424
v4296 0.0656749 -0.117384 0.000658925
v4297 0.0549218 -0.102102 0.00483322
v4298 0.0654145 -0.117385 0.000717901
v4299 0.0647298 -0.117406 0.000775148
v4300 0.0645946 -0.117409 0.00079119
v4301 0.0644612 -0.117411 0.000811905
v4302 0.0643269 -0.117414 0.000830141
v4303 0.0551678 -0.102117 0.0047119
v4304 0.0640615 -0.117418 0.000875628
v4305 0.055417 -0.10213 0.00460029
v4306 0.0555389 -0.102138 0.00453657
v4307 0.0636652 -0.117423 0.000948472
v4308 0.0557873 -0.102151 0.00442326
v4309 0.063396 -0.117429 0.000983199
v4310 0.04031 -0.112271 0.0091403
v4311 0.0631271 -0.117434 0.00101861
v4312 0.0405611 -0.112281 0.00902853
v4313 0.0628612 -0.117439 0.00106227
v4314 0.062728 -0.117441 0.0010835
v4315 0.0625933 -0.117444 0.00110051
v4316 0.0331143 -0.121138 0.0129816
v4317 0.0560389 -0.102162 0.00431983
v4318 0.0837371 -0.121106 0.00126049
v4319 0.0834228 -0.121129 0.00120415
v4320 0.0831121 -0.12115 0.00115555
v4321 0.0562818 -0.102179 0.00419103
v4322 0.0565289 -0.102192 0.00407478
v4323 0.0848516 -0.121153 0.00150167
v4324 0.0845351 -0.121177 0.00144246
v4325 0.0612763 -0.117458 0.00135242
v4326 0.0842142 -0.121203 0.0013727
v4327 0.0840531 -0.121216 0.00133611
v4328 0.0331266 -0.121404 0.0130338
v4329 0.0810972 -0.112152 -0.000237095
v4330 0.0814104 -0.112126 -0.000182988
v4331 0.0820157 -0.112083 -0.000124537
v4332 0.0823215 -0.112061 -8.86818e-05
v4333 0.0840657 -0.111906 0.000239256
v4334 0.0842275 -0.111891 0.000275529
v4335 0.0843959 -0.111872 0.000326229
v4336 0.0598342 -0.117469 0.00164781
v4337 0.0847239 -0.111839 0.0004076
v4338 0.0571462 -0.102227 0.00378527
v4339 0.058759 -0.102308 0.00306605
v4340 0.0590103 -0.102317 0.00296562
v4341 0.0592619 -0.102327 0.00286668
v4342 0.0595094 -0.102339 0.0027562
v4343 0.0596297 -0.102348 0.00269122
v4344 0.0597558 -0.102352 0.0026428
v4345 0.0586637 -0.117473 0.0019163
v4346 0.0601266 -0.102371 0.00247684
v4347 0.0603809 -0.102378 0.00238699
v4348 0.0606305 -0.102389 0.00228392
v4349 0.0608826 -0.102397 0.00218813
v4350 0.0352326 -0.116521 0.0113048
v4351 0.0840551 -0.121349 0.00135685
v4352 0.0835873 -0.121382 0.00128131
v4353 0.0834303 -0.121394 0.00125353
v4354 0.0354807 -0.116534 0.0111761
v4355 0.0357347 -0.116542 0.0110721
v4356 0.0848568 -0.12142 0.00154585
v4357 0.0845379 -0.121444 0.00148118
v4358 0.0842185 -0.121469 0.0014148
v4359 0.0840582 -0.121482 0.00138017
v4360 0.0567612 -0.11745 0.00250864
v4361 0.0331385 -0.121669 0.0130844
v4362 0.0359897 -0.116549 0.010972
v4363 0.0563878 -0.117441 0.00264956
v4364 0.0562664 -0.117436 0.00270549
v4365 0.0561436 -0.117432 0.00275756
v4366 0.0837502 -0.121636 0.00135467
v4367 0.0559006 -0.117422 0.00286986
v4368 0.0835944 -0.121647 0.00132956
v4369 0.0556489 -0.117418 0.00295623
v4370 0.0555224 -0.117416 0.00299762
v4371 0.0554012 -0.117411 0.00305479
v4372 0.0834399 -0.121658 0.00130732
v4373 0.0471701 -0.10631 0.00669673
v4374 0.0550322 -0.117399 0.00321108
v4375 0.054908 -0.117395 0.00325972
v4376 0.0547849 -0.117391 0.00331167
v4377 0.0469233 -0.106296 0.00682022
v4378 0.0545354 -0.117385 0.00340602
v4379 0.0466694 -0.106287 0.00691997
v4380 0.0542876 -0.117378 0.00350576
v4381 0.0541613 -0.117376 0.00354814
v4382 0.0540348 -0.117374 0.00359027
v4383 0.0464183 -0.106276 0.00702987
v4384 0.0537831 -0.117369 0.00367835
v4385 0.04617 -0.106262 0.00714944
v4386 0.0459183 -0.106251 0.00725815
v4387 0.0534093 -0.117359 0.00382278
v4388 0.0457955 -0.106243 0.00732287
v4389 0.0531624 -0.117351 0.00392661
v4390 0.0362452 -0.116555 0.0108745
v4391 0.0529153 -0.117343 0.00402998
v4392 0.0527935 -0.117338 0.00408729
v4393 0.0526707 -0.117333 0.00414141
v4394 0.0364979 -0.116564 0.0107661
v4395 0.052423 -0.117326 0.00424372
v4396 0.0869311 -0.115455 0.00123475
v4397 0.052171 -0.117321 0.00433287
v4398 0.0867649 -0.115472 0.00119079
v4399 0.0864306 -0.115505 0.00109775
v4400 0.0862635 -0.115522 0.00105121
v4401 0.0860967 -0.115539 0.00100514
v4402 0.0844429 -0.1157 0.000565502
v4403 0.0514176 -0.117304 0.00460944
v4404 0.0842798 -0.115716 0.000525756
v4405 0.0839545 -0.115746 0.000447536
v4406 0.0837915 -0.115761 0.000407472
v4407 0.0834639 -0.115793 0.000323026
v4408 0.0811148 -0.116519 -2.14297e-05
v4409 0.0812678 -0.116508 -1.45191e-06
v4410 0.0814217 -0.116497 2.03835e-05
v4411 0.0705531 -0.102447 -0.000326653
v4412 0.0503253 -0.117253 0.00515081
v4413 0.070689 -0.102444 -0.000346794
v4414 0.0708299 -0.102438 -0.000354241
v4415 0.0711117 -0.102425 -0.000369394
v4416 0.0803207 -0.106243 -0.000368549
v4417 0.0801675 -0.106256 -0.000386712
v4418 0.080013 -0.106269 -0.000408099
v4419 0.0797045 -0.106295 -0.000450141
v4420 0.079403 -0.106318 -0.000476236
v4421 0.0790897 -0.106347 -0.000530346
v4422 0.0789383 -0.106359 -0.000545539
v4423 0.0787831 -0.106372 -0.000569489
v4424 0.0770906 -0.106518 -0.000807965
v4425 0.0769404 -0.10653 -0.000821594
v4426 0.0766412 -0.106551 -0.000846478
v4427 0.0764881 -0.106565 -0.00086764
v4428 0.0761874 -0.106588 -0.000896727
v4429 0.0758851 -0.106612 -0.000930465
v4430 0.0755876 -0.106633 -0.000952716
v4431 0.0713904 -0.102415 -0.000392642
v4432 0.0478346 -0.117176 0.00617578
v4433 0.0477114 -0.117171 0.00623253
v4434 0.0716703 -0.102404 -0.000413093
v4435 0.0474605 -0.117164 0.00633068
v4436 0.0757142 -0.134175 0.00594273
v4437 0.082631 -0.111901 -6.12e-05
v4438 0.0827867 -0.111888 -3.75507e-05
v4439 0.0831023 -0.111861 1.91391e-05
v4440 0.0832626 -0.111846 5.2915e-05
v4441 0.0835834 -0.111816 0.000120345
v4442 0.08407 -0.111769 0.000232571
v4443 0.0719496 -0.102393 -0.000435223
v4444 0.0722272 -0.102383 -0.000461623
v4445 0.072515 -0.102367 -0.000463029
v4446 0.0727994 -0.102353 -0.000473156
v4447 0.0730912 -0.102334 -0.000465095
v4448 0.0751736 -0.10218 -0.000322451
v4449 0.0754727 -0.102157 -0.000299716
v4450 0.0757772 -0.102131 -0.000264637
v4451 0.0760755 -0.102109 -0.000244719
v4452 0.0848635 -0.121685 0.00159353
v4453 0.0845515 -0.121707 0.00154434
v4454 0.0842259 -0.121734 0.00146397
v4455 0.0840689 -0.121746 0.00143672
v4456 0.083759 -0.121767 0.00139083
v4457 0.0331501 -0.121935 0.0131334
v4458 0.0819111 -0.12863 0.00327881
v4459 0.0763774 -0.102085 -0.000216621
v4460 0.0335331 -0.128647 0.0147577
v4461 0.0529248 -0.101861 0.00572221
v4462 0.0530502 -0.101867 0.005667
v4463 0.0834546 -0.121919 0.00137284
v4464 0.0831481 -0.121939 0.00133366
v4465 0.0732178 -0.134232 0.00614536
v4466 0.0614159 -0.117585 0.00136103
v4467 0.0729323 -0.134242 0.00614638
v4468 0.0533016 -0.101879 0.00555928
v4469 0.0535553 -0.101889 0.0054586
v4470 0.084874 -0.121949 0.00164982
v4471 0.0607607 -0.117591 0.0014961
v4472 0.0847161 -0.121961 0.00162091
v4473 0.0604938 -0.117595 0.00153642
v4474 0.0815596 -0.111846 -0.000204948
v4475 0.0602309 -0.117598 0.00158814
v4476 0.0817127 -0.111834 -0.00018632
v4477 0.0599714 -0.117598 0.00164946
v4478 0.0820206 -0.11181 -0.000145267
v4479 0.0597127 -0.117598 0.00171319
v4480 0.0823268 -0.111788 -0.000108764
v4481 0.059452 -0.1176 0.00177103
v4482 0.0840716 -0.111632 0.000219601
v4483 0.0591925 -0.1176 0.00183259
v4484 0.0844048 -0.111596 0.000313265
v4485 0.0589346 -0.1176 0.00189864
v4486 0.0588032 -0.117601 0.00192477
v4487 0.0847292 -0.111565 0.000386321
v4488 0.0585415 -0.117603 0.00197976
v4489 0.0538084 -0.101899 0.0053566
v4490 0.0582829 -0.117603 0.00204407
v4491 0.0549389 -0.10195 0.00487574
v4492 0.0580245 -0.117603 0.00210882
v4493 0.0560555 -0.10201 0.00435969
v4494 0.0577734 -0.117598 0.00219502
v4495 0.0565427 -0.102044 0.00410576
v4496 0.0575169 -0.117597 0.00226578
v4497 0.0566637 -0.102052 0.00404028
v4498 0.0572652 -0.117592 0.00235068
v4499 0.0567895 -0.102057 0.00398923
v4500 0.0410695 -0.111884 0.00881531
v4501 0.084558 -0.121973 0.00159155
v4502 0.0842344 -0.121999 0.00151564
v4503 0.0839235 -0.12202 0.00146768
v4504 0.0837682 -0.122031 0.00144375
v4505 0.0831534 -0.122071 0.00136171
v4506 0.0331634 -0.1222 0.0131902
v4507 0.0571587 -0.102079 0.00381163
v4508 0.0572912 -0.102079 0.00378067
v4509 0.0574195 -0.102082 0.00373726
v4510 0.0845646 -0.122104 0.00162267
v4511 0.0576732 -0.10209 0.00364208
v4512 0.0848764 -0.122217 0.00168799
v4513 0.0845662 -0.122237 0.00164253
v4514 0.0844099 -0.122248 0.00161703
v4515 0.0842401 -0.122265 0.00156088
v4516 0.0839339 -0.122284 0.00152353
v4517 0.0837797 -0.122294 0.00150215
v4518 0.0824788 -0.111641 -0.000109316
v4519 0.0827895 -0.111616 -6.35189e-05
v4520 0.0831114 -0.111586 7.22304e-06
v4521 0.083268 -0.111572 3.26479e-05
v4522 0.0835859 -0.111544 9.32642e-05
v4523 0.083914 -0.11151 0.00017654
v4524 0.0579239 -0.102101 0.00353856
v4525 0.0580454 -0.102109 0.00347533
v4526 0.0581666 -0.102118 0.00341181
v4527 0.0584069 -0.102136 0.00327827
v4528 0.053537 -0.117495 0.00379357
v4529 0.0585285 -0.102144 0.00321595
v4530 0.0456556 -0.106388 0.00733543
v4531 0.0587758 -0.102157 0.00310367
v4532 0.0590299 -0.102165 0.00301128
v4533 0.0591561 -0.102169 0.00296284
v4534 0.0592804 -0.102175 0.00290902
v4535 0.0611487 -0.102258 0.00212057
v4536 0.0614008 -0.102266 0.00202519
v4537 0.0616509 -0.102276 0.00192427
v4538 0.0817287 -0.116474 6.21554e-05
v4539 0.052177 -0.117452 0.00436058
v4540 0.0820386 -0.116451 0.000110063
v4541 0.0821939 -0.116439 0.000134481
v4542 0.0518017 -0.117442 0.00450289
v4543 0.0825138 -0.116411 0.000204198
v4544 0.0515524 -0.117436 0.00460102
v4545 0.0828264 -0.116386 0.000256849
v4546 0.0513012 -0.11743 0.00469349
v4547 0.084112 -0.116273 0.000540524
v4548 0.0510551 -0.117421 0.00480256
v4549 0.0509356 -0.117414 0.0048684
v4550 0.0506942 -0.117402 0.004993
v4551 0.0504516 -0.11739 0.00511446
v4552 0.0503309 -0.117384 0.00517713
v4553 0.0502091 -0.117379 0.00523625
v4554 0.0640454 -0.102354 0.00103083
v4555 0.0499651 -0.117368 0.00535391
v4556 0.0641696 -0.10236 0.000979488
v4557 0.0497161 -0.11736 0.00545567
v4558 0.084601 -0.116227 0.000659678
v4559 0.0494675 -0.117353 0.00555928
v4560 0.0847622 -0.116213 0.000695028
v4561 0.0849302 -0.116196 0.000745409
v4562 0.0490891 -0.117344 0.00569698
v4563 0.0852601 -0.116164 0.000832148
v4564 0.0488376 -0.117338 0.00579148
v4565 0.0854249 -0.116148 0.000874865
v4566 0.0485867 -0.117332 0.00588856
v4567 0.0812572 -0.106296 -0.00020611
v4568 0.048338 -0.117324 0.00599321
v4569 0.0809365 -0.106328 -0.000274013
v4570 0.080781 -0.106342 -0.000297071
v4571 0.0787696 -0.106516 -0.000585474
v4572 0.078615 -0.10653 -0.000608384
v4573 0.0783057 -0.106557 -0.0006547
v4574 0.0779954 -0.106585 -0.000703759
v4575 0.0778408 -0.106599 -0.000727351
v4576 0.0470947 -0.117282 0.00652152
v4577 0.0659451 -0.117644 0.00065129
v4578 0.0775371 -0.106623 -0.000761639
v4579 0.0656764 -0.11765 0.000688042
v4580 0.0770794 -0.106661 -0.000819363
v4581 0.0654149 -0.117651 0.000744229
v4582 0.0754292 -0.106785 -0.000972568
v4583 0.0648694 -0.117667 0.000795776
v4584 0.0647392 -0.117668 0.000825284
v4585 0.0646047 -0.11767 0.000843242
v4586 0.0752835 -0.106794 -0.000976661
v4587 0.0751345 -0.106805 -0.000989041
v4588 0.0642045 -0.117677 0.000905483
v4589 0.0748377 -0.106826 -0.00101085
v4590 0.0639446 -0.117678 0.000965749
v4591 0.0745422 -0.106846 -0.00103006
v4592 0.0636809 -0.117681 0.00101568
v4593 0.0738144 -0.106891 -0.00105306
v4594 0.0634097 -0.117688 0.0010448
v4595 0.0736705 -0.106899 -0.0010537
v4596 0.0631405 -0.117694 0.00107954
v4597 0.0630087 -0.117696 0.00110451
v4598 0.0628761 -0.117697 0.00112743
v4599 0.0874226 -0.115952 0.00141795
v4600 0.0626073 -0.117703 0.00116294
v4601 0.067698 -0.102375 7.43517e-05
v4602 0.0623414 -0.117707 0.00120647
v4603 0.0679684 -0.10237 3.12849e-05
v4604 0.0620839 -0.117707 0.00127322
v4605 0.068242 -0.102362 -3.52583e-06
v4606 0.0618234 -0.117708 0.0013317
v4607 0.0616928 -0.117709 0.00135989
v4608 0.0615554 -0.117713 0.00136925
v4609 0.0685119 -0.102358 -4.78082e-05
v4610 0.0612952 -0.117714 0.00142856
v4611 0.0687794 -0.102354 -9.8603e-05
v4612 0.0610367 -0.117714 0.00149282
v4613 0.0690496 -0.102349 -0.000142511
v4614 0.0693228 -0.102342 -0.000178743
v4615 0.0331773 -0.122464 0.0132492
v4616 0.0695917 -0.102338 -0.000225887
v4617 0.0698716 -0.102327 -0.000245331
v4618 0.0602413 -0.117726 0.00162885
v4619 0.0701518 -0.102315 -0.000264054
v4620 0.0847327 -0.122491 0.00172345
v4621 0.0845742 -0.122502 0.00169301
v4622 0.0842525 -0.122528 0.00162125
v4623 0.0839442 -0.122548 0.00157918
v4624 0.0837906 -0.122558 0.00155905
v4625 0.07532 -0.13431 0.00604615
v4626 0.0750392 -0.134317 0.00606064
v4627 0.0747642 -0.134323 0.00608929
v4628 0.0744903 -0.134328 0.00612074
v4629 0.0726727 -0.134375 0.00622671
v4630 0.0723954 -0.134382 0.00624823
v4631 0.0721181 -0.134388 0.00626963
v4632 0.0718394 -0.134395 0.00628703
v4633 0.071569 -0.1344 0.0063258
v4634 0.0712977 -0.134404 0.00636183
v4635 0.0710147 -0.134413 0.00636783
v4636 0.0579072 -0.117729 0.00218663
v4637 0.070736 -0.13442 0.0063845
v4638 0.0704742 -0.134421 0.00644511
v4639 0.0702069 -0.134424 0.00649112
v4640 0.0699333 -0.13443 0.00652092
v4641 0.0696589 -0.134435 0.00654817
v4642 0.0693833 -0.134441 0.00657238
v4643 0.0570178 -0.11772 0.00245868
v4644 0.0691086 -0.134447 0.00659853
v4645 0.0815587 -0.111576 -0.000238963
v4646 0.0566477 -0.117709 0.00260863
v4647 0.0817108 -0.111565 -0.000222456
v4648 0.0563984 -0.117703 0.00270146
v4649 0.0562756 -0.117699 0.00275344
v4650 0.0561527 -0.117695 0.00280498
v4651 0.0820203 -0.11154 -0.000178047
v4652 0.0559112 -0.117684 0.00292155
v4653 0.0823299 -0.111515 -0.000134036
v4654 0.0556587 -0.11768 0.00300572
v4655 0.0839231 -0.11137 0.000180597
v4656 0.0554104 -0.117674 0.0031024
v4657 0.0840865 -0.111354 0.000220221
v4658 0.0844137 -0.111321 0.000300271
v4659 0.0550401 -0.117662 0.00325475
v4660 0.0732521 -0.102179 -0.000438635
v4661 0.0547907 -0.117656 0.00334864
v4662 0.0733967 -0.10217 -0.000438243
v4663 0.054542 -0.11765 0.00344533
v4664 0.0735506 -0.102156 -0.000414916
v4665 0.0542921 -0.117644 0.00353844
v4666 0.0738437 -0.102136 -0.000404905
v4667 0.0540379 -0.117641 0.0036188
v4668 0.07414 -0.102115 -0.000387405
v4669 0.0537858 -0.117636 0.00370543
v4670 0.0744383 -0.102092 -0.000365227
v4671 0.0535392 -0.117628 0.00380959
v4672 0.053416 -0.117624 0.00386214
v4673 0.0747399 -0.102068 -0.000335624
v4674 0.0531681 -0.117617 0.00396243
v4675 0.0748915 -0.102055 -0.000319135
v4676 0.0529226 -0.117608 0.004071
v4677 0.0754929 -0.102007 -0.000265979
v4678 0.052677 -0.117599 0.00417926
v4679 0.0530749 -0.101708 0.00573512
v4680 0.0524309 -0.11759 0.0042863
v4681 0.0410741 -0.111604 0.0088233
v4682 0.0331934 -0.122727 0.0133171
v4683 0.0842572 -0.12266 0.00164801
v4684 0.0538303 -0.101742 0.00541505
v4685 0.0847405 -0.122756 0.00177361
v4686 0.0845879 -0.122765 0.00175639
v4687 0.0842639 -0.122791 0.00167943
v4688 0.0839587 -0.12281 0.00164424
v4689 0.0688449 -0.134449 0.00665378
v4690 0.0685815 -0.134451 0.00670999
v4691 0.0683119 -0.134455 0.00674947
v4692 0.0681765 -0.134457 0.00676752
v4693 0.0680402 -0.13446 0.00678322
v4694 0.0677697 -0.134464 0.00682033
v4695 0.0498511 -0.117492 0.00544698
v4696 0.0675003 -0.134468 0.00686009
v4697 0.067231 -0.134472 0.00689988
v4698 0.0669602 -0.134477 0.00693595
v4699 0.0666943 -0.13448 0.00698478
v4700 0.0492239 -0.117477 0.00568725
v4701 0.066426 -0.134483 0.00702735
v4702 0.0662928 -0.134485 0.00705096
v4703 0.0661596 -0.134486 0.00707473
v4704 0.0658938 -0.134489 0.00712389
v4705 0.0656284 -0.134491 0.00717407
v4706 0.0484704 -0.117458 0.00597479
v4707 0.0653623 -0.134494 0.00722229
v4708 0.0540845 -0.101751 0.00531654
v4709 0.0480961 -0.117446 0.0061278
v4710 0.054343 -0.101757 0.0052314
v4711 0.0478448 -0.11744 0.00622437
v4712 0.0651003 -0.134496 0.00728199
v4713 0.0649692 -0.134496 0.00731143
v4714 0.0474672 -0.117431 0.00636772
v4715 0.0472207 -0.117421 0.00648122
v4716 0.0470978 -0.117416 0.00653925
v4717 0.0648358 -0.134498 0.00733452
v4718 0.0645723 -0.1345 0.00738991
v4719 0.0643144 -0.134499 0.00746084
v4720 0.0640573 -0.134499 0.00753414
v4721 0.0639284 -0.134499 0.00756968
v4722 0.0457672 -0.106544 0.00723851
v4723 0.0650143 -0.117792 0.000818411
v4724 0.0456431 -0.106537 0.00729878
v4725 0.0545941 -0.101769 0.00512402
v4726 0.0547215 -0.101773 0.00507602
v4727 0.0549728 -0.101784 0.00496942
v4728 0.055216 -0.101802 0.00483851
v4729 0.055464 -0.101816 0.00472305
v4730 0.0557085 -0.101832 0.0045969
v4731 0.0558332 -0.101838 0.00454156
v4732 0.0560776 -0.101855 0.00441603
v4733 0.056319 -0.101873 0.00428203
v4734 0.0565646 -0.101888 0.00416084
v4735 0.0568157 -0.101899 0.00405667
v4736 0.0632827 -0.11782 0.00109504
v4737 0.0569407 -0.101905 0.00400323
v4738 0.0570664 -0.10191 0.00395168
v4739 0.0573127 -0.101924 0.00383394
v4740 0.0595436 -0.102038 0.00283206
v4741 0.0597954 -0.102047 0.00273377
v4742 0.0599174 -0.102055 0.00267351
v4743 0.0600421 -0.10206 0.00262121
v4744 0.060297 -0.102067 0.0025322
v4745 0.0605425 -0.102081 0.00241698
v4746 0.0606683 -0.102086 0.00236809
v4747 0.0810854 -0.106455 -0.000250291
v4748 0.0804558 -0.106514 -0.000360529
v4749 0.0801472 -0.10654 -0.00040228
v4750 0.0799921 -0.106553 -0.000425024
v4751 0.0796815 -0.106581 -0.000472177
v4752 0.079376 -0.106605 -0.000507823
v4753 0.0792168 -0.106621 -0.000540893
v4754 0.0790611 -0.106635 -0.000566045
v4755 0.0773725 -0.106778 -0.000793895
v4756 0.0772214 -0.10679 -0.000809655
v4757 0.077068 -0.106803 -0.000831074
v4758 0.0603815 -0.117853 0.00163917
v4759 0.0769181 -0.106814 -0.000844151
v4760 0.0767666 -0.106826 -0.000861277
v4761 0.0764645 -0.10685 -0.000893838
v4762 0.0761639 -0.106873 -0.000923023
v4763 0.0758672 -0.106893 -0.000943312
v4764 0.0637948 -0.1345 0.00759246
v4765 0.063407 -0.1345 0.00769657
v4766 0.0631518 -0.134499 0.00777546
v4767 0.0592138 -0.117855 0.00191565
v4768 0.0628937 -0.134499 0.00784643
v4769 0.0784426 -0.111637 -0.000440927
v4770 0.082482 -0.111369 -0.000134506
v4771 0.0828017 -0.111339 -6.8183e-05
v4772 0.0585588 -0.11786 0.00205157
v4773 0.0831231 -0.111309 1.17326e-06
v4774 0.0582968 -0.117862 0.002106
v4775 0.0832817 -0.111295 3.09175e-05
v4776 0.0580366 -0.117863 0.00216536
v4777 0.0835982 -0.111267 8.84859e-05
v4778 0.0577829 -0.11786 0.00224406
v4779 0.0609179 -0.102096 0.00226485
v4780 0.0611706 -0.102104 0.00217049
v4781 0.0819013 -0.1285 0.00324044
v4782 0.0612962 -0.102109 0.00212135
v4783 0.0571495 -0.117852 0.00244392
v4784 0.0614229 -0.102113 0.00207529
v4785 0.0616769 -0.10212 0.00198526
v4786 0.0778376 -0.132603 0.00499468
v4787 0.0341796 -0.132423 0.0168973
v4788 0.0344396 -0.132425 0.0168118
v4789 0.0348274 -0.132429 0.0166753
v4790 0.0349583 -0.13243 0.0166364
v4791 0.0639463 -0.102194 0.00113846
v4792 0.0640777 -0.102194 0.00110624
v4793 0.0390487 -0.132361 0.0150385
v4794 0.0557863 -0.117816 0.00297759
v4795 0.0389209 -0.132359 0.0150872
v4796 0.0376319 -0.132345 0.0155344
v4797 0.0375058 -0.132342 0.0155906
v4798 0.0371179 -0.132339 0.0157217
v4799 0.0669246 -0.102228 0.000289548
v4800 0.0670562 -0.102228 0.0002584
v4801 0.0673256 -0.102223 0.000212583
v4802 0.0332157 -0.123122 0.0134117
v4803 0.0849057 -0.12301 0.00185148
v4804 0.0847522 -0.123019 0.00183236
v4805 0.0845962 -0.12303 0.00180754
v4806 0.0842797 -0.123053 0.00174746
v4807 0.0839711 -0.123073 0.00170451
v4808 0.0681368 -0.102208 8.26872e-05
v4809 0.0626338 -0.134499 0.00791246
v4810 0.0623774 -0.134498 0.0079881
v4811 0.062118 -0.134499 0.00805579
v4812 0.0618572 -0.134499 0.0081192
v4813 0.0616034 -0.134497 0.00820305
v4814 0.0613499 -0.134495 0.00828776
v4815 0.0610882 -0.134496 0.00834888
v4816 0.0609579 -0.134497 0.00838119
v4817 0.060708 -0.134493 0.00847665
v4818 0.0604549 -0.134491 0.00856323
v4819 0.0601941 -0.134492 0.00862747
v4820 0.0600709 -0.134489 0.00868057
v4821 0.0599484 -0.134486 0.00873578
v4822 0.0523142 -0.117716 0.00436901
v4823 0.0597076 -0.134479 0.00885914
v4824 0.0520678 -0.117708 0.0044755
v4825 0.0594476 -0.134479 0.00892618
v4826 0.0518169 -0.117702 0.0045684
v4827 0.0516913 -0.117699 0.00461435
v4828 0.0515648 -0.117697 0.00465766
v4829 0.0591889 -0.134479 0.0089971
v4830 0.0513158 -0.11769 0.004757
v4831 0.0588031 -0.134478 0.00911029
v4832 0.0510669 -0.117683 0.00485716
v4833 0.0509444 -0.117678 0.00491335
v4834 0.0585476 -0.134476 0.00919103
v4835 0.0498557 -0.117625 0.00547006
v4836 0.0497325 -0.11762 0.00552514
v4837 0.0582942 -0.134474 0.00927822
v4838 0.0815618 -0.111304 -0.000263842
v4839 0.0493578 -0.117609 0.00567444
v4840 0.0492327 -0.117606 0.00572378
v4841 0.0488558 -0.117597 0.00586694
v4842 0.0817164 -0.111291 -0.000241723
v4843 0.0486044 -0.117591 0.00596208
v4844 0.0820233 -0.111268 -0.000203443
v4845 0.082178 -0.111256 -0.000181601
v4846 0.0831268 -0.111171 -6.60068e-06
v4847 0.0839285 -0.111096 0.000159897
v4848 0.0840913 -0.11108 0.000198188
v4849 0.0478514 -0.117571 0.00625366
v4850 0.068412 -0.102199 5.1758e-05
v4851 0.0697538 -0.102181 -0.000192898
v4852 0.0700343 -0.102169 -0.000210924
v4853 0.0703127 -0.102159 -0.000234591
v4854 0.0705959 -0.102145 -0.000246123
v4855 0.0707293 -0.102144 -0.000272888
v4856 0.0469779 -0.117544 0.00661442
v4857 0.0708689 -0.102139 -0.000283741
v4858 0.0467271 -0.117537 0.00671394
v4859 0.0659495 -0.117909 0.000688436
v4860 0.0711492 -0.102127 -0.000303218
v4861 0.0656841 -0.117913 0.000733912
v4862 0.0714331 -0.102113 -0.000313653
v4863 0.0717165 -0.1021 -0.000325826
v4864 0.0652853 -0.117919 0.000800434
v4865 0.0651515 -0.117921 0.000820315
v4866 0.0650175 -0.117924 0.00083947
v4867 0.0719903 -0.102093 -0.00036218
v4868 0.0647503 -0.117929 0.000880115
v4869 0.0722707 -0.102081 -0.000381883
v4870 0.0644862 -0.117932 0.000928967
v4871 0.0410749 -0.111327 0.00881726
v4872 0.0642185 -0.117937 0.00096807
v4873 0.0332314 -0.123385 0.0134786
v4874 0.0639586 -0.117938 0.00102836
v4875 0.072558 -0.102066 -0.000385081
v4876 0.0636959 -0.11794 0.00108078
v4877 0.0635609 -0.117943 0.00109713
v4878 0.0634266 -0.117946 0.00111549
v4879 0.0728445 -0.10205 -0.000390128
v4880 0.0631577 -0.117952 0.00115092
v4881 0.0847568 -0.123285 0.00187546
v4882 0.0628914 -0.117956 0.0011934
v4883 0.0846053 -0.123294 0.00186067
v4884 0.0626215 -0.117962 0.00122595
v4885 0.0842878 -0.123317 0.00179816
v4886 0.062357 -0.117966 0.00127326
v4887 0.0839826 -0.123336 0.00176277
v4888 0.0620987 -0.117966 0.00133785
v4889 0.0619699 -0.117965 0.00137109
v4890 0.0618414 -0.117965 0.00140525
v4891 0.084765 -0.123416 0.00190999
v4892 0.061577 -0.117968 0.00145299
v4893 0.0580415 -0.134471 0.00936799
v4894 0.0613155 -0.11797 0.00150859
v4895 0.0577953 -0.134466 0.00947716
v4896 0.0610577 -0.11797 0.00157486
v4897 0.0575405 -0.134464 0.00956092
v4898 0.0607893 -0.117975 0.00161095
v4899 0.0606556 -0.117978 0.00163054
v4900 0.0605216 -0.11798 0.00164915
v4901 0.0572854 -0.134462 0.00964369
v4902 0.0602619 -0.117981 0.00170984
v4903 0.0570326 -0.134459 0.00973383
v4904 0.0600009 -0.117983 0.00176709
v4905 0.0566508 -0.134456 0.00986145
v4906 0.0597401 -0.117984 0.00182478
v4907 0.0564029 -0.134451 0.00996715
v4908 0.056279 -0.134449 0.0100202
v4909 0.0593527 -0.117984 0.00192242
v4910 0.04563 -0.106687 0.0072599
v4911 0.0590949 -0.117983 0.00198871
v4912 0.0749143 -0.101903 -0.00027848
v4913 0.058832 -0.117986 0.0020404
v4914 0.0750657 -0.101891 -0.000262749
v4915 0.0752181 -0.101878 -0.000244443
v4916 0.075514 -0.101857 -0.000229867
v4917 0.0758214 -0.101829 -0.00018818
v4918 0.0581813 -0.117988 0.00218894
v4919 0.0759722 -0.101817 -0.000174408
v4920 0.0529664 -0.101549 0.00583425
v4921 0.0530922 -0.101555 0.00578025
v4922 0.0533443 -0.101567 0.00567373
v4923 0.0575425 -0.117983 0.00237244
v4924 0.0535958 -0.101578 0.00556607
v4925 0.0572885 -0.11798 0.00245052
v4926 0.0538494 -0.101588 0.00546496
v4927 0.0570328 -0.117979 0.00252371
v4928 0.0541026 -0.101598 0.0053628
v4929 0.0543616 -0.101603 0.00527919
v4930 0.0566607 -0.117969 0.00266777
v4931 0.0565357 -0.117966 0.00271297
v4932 0.0564127 -0.117962 0.00276425
v4933 0.0546115 -0.101616 0.00516757
v4934 0.0561676 -0.117954 0.00286988
v4935 0.054737 -0.101622 0.00511372
v4936 0.0559215 -0.117946 0.00297245
v4937 0.0557959 -0.117944 0.0030165
v4938 0.0556697 -0.117942 0.00305853
v4939 0.054991 -0.101631 0.00501521
v4940 0.0552322 -0.10165 0.00487791
v4941 0.0552974 -0.117932 0.00320433
v4942 0.0551735 -0.117929 0.00325341
v4943 0.0550493 -0.117925 0.00330188
v4944 0.081236 -0.10658 -0.000222568
v4945 0.0548003 -0.117919 0.00339722
v4946 0.0810748 -0.106597 -0.000258607
v4947 0.054549 -0.117914 0.00348574
v4948 0.0544248 -0.117911 0.00353463
v4949 0.054298 -0.117909 0.00357574
v4950 0.0809147 -0.106613 -0.000292347
v4951 0.0540447 -0.117905 0.00365832
v4952 0.0807609 -0.106626 -0.000311453
v4953 0.0537938 -0.1179 0.00374894
v4954 0.0536697 -0.117896 0.0037983
v4955 0.0790491 -0.106778 -0.000578519
v4956 0.0534223 -0.117889 0.00389993
v4957 0.0789033 -0.106787 -0.000580607
v4958 0.0531762 -0.11788 0.00400618
v4959 0.053053 -0.117876 0.00405883
v4960 0.0529287 -0.117873 0.00410807
v4961 0.0785929 -0.106814 -0.000629025
v4962 0.0526851 -0.117863 0.00422241
v4963 0.0782838 -0.106841 -0.000675251
v4964 0.0524433 -0.117852 0.00434299
v4965 0.0779721 -0.10687 -0.000727904
v4966 0.0778175 -0.106884 -0.000751547
v4967 0.0755585 -0.107057 -0.000978086
v4968 0.0754084 -0.107068 -0.000992955
v4969 0.0751157 -0.107087 -0.00100479
v4970 0.0748175 -0.107109 -0.00103033
v4971 0.0745222 -0.107129 -0.00104923
v4972 0.056151 -0.134448 0.0100609
v4973 0.0807944 -0.111228 -0.000378651
v4974 0.0814095 -0.11118 -0.000296513
v4975 0.0824872 -0.111096 -0.000154833
v4976 0.0828068 -0.111066 -8.90985e-05
v4977 0.0831334 -0.111032 -8.13142e-06
v4978 0.0507081 -0.117798 0.00506252
v4979 0.050225 -0.117773 0.00531234
v4980 0.0832884 -0.11102 1.35672e-05
v4981 0.0836035 -0.110993 6.76013e-05
v4982 0.0483606 -0.117715 0.0060905
v4983 0.0573337 -0.10177 0.00388548
v4984 0.0481062 -0.11771 0.00617648
v4985 0.0479812 -0.117707 0.00622681
v4986 0.0575848 -0.10178 0.00378191
v4987 0.047732 -0.117699 0.00633029
v4988 0.0579569 -0.1018 0.00361393
v4989 0.0474817 -0.117692 0.00643054
v4990 0.058202 -0.101815 0.00349367
v4991 0.0472332 -0.117683 0.00653722
v4992 0.0584502 -0.101827 0.00338293
v4993 0.0469823 -0.117677 0.00663618
v4994 0.0586952 -0.101842 0.00326317
v4995 0.0467319 -0.117669 0.00673726
v4996 0.0466066 -0.117666 0.00678729
v4997 0.058824 -0.101845 0.00322175
v4998 0.0589451 -0.101853 0.00315793
v4999 0.0593116 -0.101876 0.00297679
v5000 0.0594349 -0.101883 0.00291977
v5001 0.0595593 -0.101889 0.00286612
v5002 0.0598161 -0.101894 0.00278176
v5003 0.0600622 -0.101908 0.00266728
v5004 0.0605592 -0.101931 0.00245285
v5005 0.0336259 -0.129542 0.0151503
v5006 0.0808471 -0.129574 0.00359526
v5007 0.0412053 -0.111191 0.00877477
v5008 0.0414576 -0.1112 0.00866751
v5009 0.0415812 -0.111207 0.00860475
v5010 0.0417061 -0.111213 0.00854679
v5011 0.0332448 -0.123649 0.0135351
v5012 0.0847742 -0.123546 0.00194695
v5013 0.0638377 -0.118067 0.00109527
v5014 0.0844662 -0.123566 0.00190602
v5015 0.0843075 -0.123577 0.00187486
v5016 0.080745 -0.130984 0.00420056
v5017 0.0364753 -0.13233 0.0159573
v5018 0.0630656 -0.102027 0.00145836
v5019 0.0633185 -0.102035 0.00136647
v5020 0.0357026 -0.13232 0.0162362
v5021 0.0350599 -0.132311 0.0164758
v5022 0.0332513 -0.123781 0.0135628
v5023 0.0345471 -0.132303 0.0166748
v5024 0.0843169 -0.123707 0.00191238
v5025 0.0808048 -0.111087 -0.000370574
v5026 0.0812568 -0.111056 -0.000330411
v5027 0.081411 -0.111044 -0.000309136
v5028 0.0817254 -0.111016 -0.000253122
v5029 0.0820336 -0.110992 -0.000212094
v5030 0.0821897 -0.110979 -0.000187104
v5031 0.0839444 -0.110817 0.000162682
v5032 0.0841104 -0.110799 0.000208093
v5033 0.036997 -0.116036 0.0105161
v5034 0.0670731 -0.102079 0.000289743
v5035 0.0672065 -0.102078 0.000263297
v5036 0.0673416 -0.102075 0.000241366
v5037 0.0676099 -0.102072 0.000192412
v5038 0.0678806 -0.102066 0.000149692
v5039 0.0596215 -0.118111 0.00189851
v5040 0.0681541 -0.102059 0.000114324
v5041 0.068825 -0.10205 -8.09864e-06
v5042 0.0689606 -0.102047 -2.89499e-05
v5043 0.0692307 -0.102043 -7.369e-05
v5044 0.0695068 -0.102034 -0.000102971
v5045 0.070888 -0.101989 -0.000249733
v5046 0.0727213 -0.101908 -0.000352185
v5047 0.0730076 -0.101893 -0.000358436
v5048 0.0584539 -0.118114 0.00217614
v5049 0.0732933 -0.101878 -0.000366261
v5050 0.0735925 -0.101855 -0.000341177
v5051 0.0332573 -0.123914 0.0135883
v5052 0.0738891 -0.101833 -0.000322827
v5053 0.0741825 -0.101814 -0.000312921
v5054 0.0744807 -0.101791 -0.000291312
v5055 0.074629 -0.101781 -0.000282833
v5056 0.0574283 -0.118108 0.00245942
v5057 0.074784 -0.101766 -0.000258007
v5058 0.0847877 -0.123809 0.00200977
v5059 0.0844864 -0.123825 0.0019839
v5060 0.0843254 -0.123838 0.00194761
v5061 0.0823519 -0.110827 -0.000164681
v5062 0.0825039 -0.110816 -0.000149197
v5063 0.082824 -0.110786 -8.25287e-05
v5064 0.0831431 -0.110756 -1.856e-05
v5065 0.0833033 -0.110741 1.45511e-05
v5066 0.0836273 -0.110709 8.83993e-05
v5067 0.0456192 -0.106834 0.00722922
v5068 0.0533636 -0.101412 0.00572492
v5069 0.0541237 -0.101442 0.00541844
v5070 0.0552515 -0.101496 0.00492683
v5071 0.0554975 -0.101512 0.00480456
v5072 0.05574 -0.10153 0.00467221
v5073 0.0559887 -0.101543 0.00455881
v5074 0.0562296 -0.101562 0.00442243
v5075 0.0564742 -0.101579 0.00429768
v5076 0.0565975 -0.101586 0.00423864
v5077 0.0568477 -0.101598 0.00413124
v5078 0.0570996 -0.101608 0.00402939
v5079 0.0573516 -0.101618 0.00392775
v5080 0.0576034 -0.101628 0.00382605
v5081 0.0577269 -0.101635 0.00376828
v5082 0.0582236 -0.10166 0.00354603
v5083 0.0805838 -0.106788 -0.000368885
v5084 0.0804289 -0.106801 -0.000390885
v5085 0.0802748 -0.106814 -0.00041129
v5086 0.0799666 -0.10684 -0.000452701
v5087 0.0796526 -0.106869 -0.000507832
v5088 0.0793476 -0.106893 -0.00054268
v5089 0.0774991 -0.107052 -0.000805576
v5090 0.0773479 -0.107064 -0.000821785
v5091 0.0771959 -0.107076 -0.000839697
v5092 0.0770399 -0.107091 -0.000867363
v5093 0.0767398 -0.107113 -0.000894909
v5094 0.0764324 -0.10714 -0.000940296
v5095 0.0761371 -0.10716 -0.000957018
v5096 0.0524496 -0.117982 0.00437187
v5097 0.0523253 -0.117979 0.00442151
v5098 0.0758402 -0.10718 -0.000978088
v5099 0.0520764 -0.117972 0.00452039
v5100 0.0600835 -0.101754 0.00271683
v5101 0.0518284 -0.117964 0.00462218
v5102 0.0603326 -0.101765 0.00261074
v5103 0.0515789 -0.117958 0.00471972
v5104 0.0605791 -0.101779 0.00249795
v5105 0.051332 -0.117949 0.00482555
v5106 0.0512101 -0.117944 0.00488371
v5107 0.0510854 -0.117941 0.00493292
v5108 0.0608285 -0.10179 0.00239344
v5109 0.0612036 -0.101805 0.00224002
v5110 0.0507112 -0.117931 0.00508107
v5111 0.0502307 -0.117905 0.00533868
v5112 0.0487526 -0.117849 0.00600398
v5113 0.0614561 -0.101814 0.00214511
v5114 0.0617074 -0.101823 0.00204694
v5115 0.0420814 -0.110954 0.00836629
v5116 0.0628295 -0.10187 0.00158472
v5117 0.0630833 -0.101877 0.001495
v5118 0.0633367 -0.101885 0.00140426
v5119 0.0855968 -0.115724 0.000883368
v5120 0.0852611 -0.115758 0.000784767
v5121 0.0850965 -0.115774 0.000742453
v5122 0.0847638 -0.115807 0.000649315
v5123 0.0473623 -0.11782 0.00650749
v5124 0.0829838 -0.11597 0.000236922
v5125 0.0826657 -0.115997 0.000172253
v5126 0.0823563 -0.11602 0.000126849
v5127 0.0809606 -0.110804 -0.000376919
v5128 0.0811125 -0.110792 -0.000360669
v5129 0.0814231 -0.110767 -0.000313367
v5130 0.0464821 -0.117797 0.00684734
v5131 0.0659548 -0.118173 0.000727931
v5132 0.0817392 -0.110738 -0.000253682
v5133 0.0820464 -0.110714 -0.000215071
v5134 0.0655583 -0.118178 0.000800512
v5135 0.0654253 -0.11818 0.000822395
v5136 0.0652892 -0.118184 0.000836038
v5137 0.0818898 -0.128371 0.00319814
v5138 0.065024 -0.118187 0.000881995
v5139 0.0820353 -0.116049 5.44787e-05
v5140 0.0647651 -0.118188 0.000945018
v5141 0.0668185 -0.101937 0.000361437
v5142 0.0645043 -0.118189 0.00100281
v5143 0.0335165 -0.128385 0.0146873
v5144 0.0642396 -0.118192 0.00104979
v5145 0.0838 -0.110552 0.000133011
v5146 0.0639779 -0.118194 0.00110521
v5147 0.0841237 -0.11052 0.000205113
v5148 0.0637153 -0.118196 0.00115813
v5149 0.0818811 -0.11606 3.25185e-05
v5150 0.0634478 -0.118201 0.00119766
v5151 0.0630442 -0.11821 0.00125022
v5152 0.0629106 -0.118213 0.00127019
v5153 0.0623792 -0.118221 0.00135858
v5154 0.0815645 -0.116087 -3.07058e-05
v5155 0.062113 -0.118225 0.00140127
v5156 0.081419 -0.116363 -1.68627e-06
v5157 0.0618571 -0.118223 0.00147242
v5158 0.0687062 -0.101905 4.25908e-05
v5159 0.0616002 -0.118223 0.00154108
v5160 0.068978 -0.101899 2.1313e-06
v5161 0.0613405 -0.118223 0.00160189
v5162 0.0612104 -0.118224 0.0016317
v5163 0.0606743 -0.118234 0.0017061
v5164 0.0605409 -0.118237 0.00172659
v5165 0.0691126 -0.101897 -2.14347e-05
v5166 0.0692489 -0.101893 -4.05478e-05
v5167 0.060155 -0.118236 0.00182824
v5168 0.0695239 -0.101885 -7.27149e-05
v5169 0.0598935 -0.118237 0.00188399
v5170 0.059764 -0.118238 0.00191545
v5171 0.0596337 -0.118238 0.00194443
v5172 0.0697952 -0.10188 -0.000114615
v5173 0.0593767 -0.118237 0.00201321
v5174 0.0700761 -0.101868 -0.000132137
v5175 0.0591172 -0.118238 0.00207495
v5176 0.070353 -0.101858 -0.000159912
v5177 0.0588531 -0.118241 0.00212324
v5178 0.0706364 -0.101845 -0.00017165
v5179 0.0585934 -0.118241 0.00218414
v5180 0.0709071 -0.10184 -0.000215498
v5181 0.0583381 -0.11824 0.00225803
v5182 0.0420815 -0.110816 0.00836142
v5183 0.0580812 -0.118238 0.00232753
v5184 0.0332739 -0.124176 0.0136585
v5185 0.0578228 -0.118238 0.00239253
v5186 0.0711851 -0.10183 -0.000241045
v5187 0.0575667 -0.118237 0.00246454
v5188 0.0845027 -0.124087 0.00205316
v5189 0.0714666 -0.101818 -0.000258012
v5190 0.0571834 -0.118234 0.0025751
v5191 0.0717504 -0.101804 -0.000269268
v5192 0.0569297 -0.118231 0.00265414
v5193 0.0718862 -0.101801 -0.000290338
v5194 0.0566779 -0.118227 0.00273921
v5195 0.0720272 -0.101795 -0.000298403
v5196 0.0564295 -0.11822 0.0028348
v5197 0.0723097 -0.101782 -0.000313619
v5198 0.0561848 -0.118212 0.00294126
v5199 0.056062 -0.118208 0.00299354
v5200 0.0559392 -0.118204 0.00304553
v5201 0.0724595 -0.10177 -0.000299919
v5202 0.0805032 -0.110703 -0.000445776
v5203 0.0555608 -0.118198 0.00317255
v5204 0.0806596 -0.110689 -0.000418903
v5205 0.0553106 -0.118192 0.00326376
v5206 0.0823668 -0.110548 -0.000163051
v5207 0.0550614 -0.118186 0.00335824
v5208 0.0825226 -0.110535 -0.00013918
v5209 0.0548111 -0.118181 0.00344951
v5210 0.082838 -0.110507 -8.33397e-05
v5211 0.0545596 -0.118176 0.00353734
v5212 0.0829975 -0.110493 -5.15088e-05
v5213 0.0543067 -0.118172 0.00362131
v5214 0.0833142 -0.110464 6.57747e-06
v5215 0.0540553 -0.118167 0.00370993
v5216 0.0836372 -0.110433 7.81142e-05
v5217 0.0538028 -0.118163 0.0037955
v5218 0.0536768 -0.118161 0.00383904
v5219 0.0743535 -0.101651 -0.000263212
v5220 0.0534299 -0.118153 0.00394217
v5221 0.0746489 -0.101631 -0.000249129
v5222 0.0531843 -0.118144 0.00404956
v5223 0.0530617 -0.11814 0.00410412
v5224 0.0529383 -0.118136 0.00415601
v5225 0.0749528 -0.101605 -0.00021478
v5226 0.0752544 -0.10158 -0.000186345
v5227 0.0755523 -0.101558 -0.000167355
v5228 0.0536366 -0.101267 0.00567405
v5229 0.0538875 -0.101279 0.00556415
v5230 0.0541426 -0.101288 0.00546733
v5231 0.0543959 -0.101298 0.0053656
v5232 0.0546471 -0.10131 0.00525731
v5233 0.0549006 -0.10132 0.00515678
v5234 0.0550254 -0.101326 0.00510052
v5235 0.055148 -0.101334 0.00503764
v5236 0.0555144 -0.10136 0.00484596
v5237 0.0420892 -0.110671 0.00838477
v5238 0.0849682 -0.124191 0.00213835
v5239 0.0848165 -0.124199 0.00212334
v5240 0.0571168 -0.101456 0.00406986
v5241 0.0578672 -0.101491 0.00374944
v5242 0.0582411 -0.101509 0.00358651
v5243 0.0584925 -0.101519 0.00348449
v5244 0.0487646 -0.117977 0.00605128
v5245 0.0486361 -0.117976 0.0060898
v5246 0.0587394 -0.101532 0.00336972
v5247 0.0483762 -0.117975 0.00615729
v5248 0.0589879 -0.101545 0.00325997
v5249 0.0481169 -0.117974 0.00622683
v5250 0.0591081 -0.101554 0.00319336
v5251 0.0592302 -0.101562 0.00313241
v5252 0.047747 -0.11796 0.00639513
v5253 0.0594738 -0.101578 0.00300941
v5254 0.047493 -0.117955 0.00648279
v5255 0.047367 -0.117952 0.00653021
v5256 0.0472404 -0.11795 0.00657581
v5257 0.0596015 -0.101581 0.00296495
v5258 0.0469915 -0.117942 0.00668114
v5259 0.0598519 -0.101592 0.00286191
v5260 0.04674 -0.117935 0.00677835
v5261 0.0601022 -0.101602 0.00275879
v5262 0.0659598 -0.118304 0.000753946
v5263 0.0602254 -0.101609 0.00270196
v5264 0.0603513 -0.101614 0.0026526
v5265 0.0605965 -0.101628 0.00253579
v5266 0.0608441 -0.10164 0.00242594
v5267 0.0614707 -0.101665 0.00217439
v5268 0.0619718 -0.101685 0.00197399
v5269 0.0622196 -0.101697 0.00186642
v5270 0.0624689 -0.101708 0.0017633
v5271 0.0627153 -0.10172 0.00165276
v5272 0.0636051 -0.101744 0.00134271
v5273 0.0815217 -0.10684 -0.000203179
v5274 0.064392 -0.118313 0.00109289
v5275 0.0642575 -0.118316 0.00111078
v5276 0.081358 -0.106858 -0.000244583
v5277 0.0811993 -0.106873 -0.000274841
v5278 0.0810417 -0.106888 -0.000302689
v5279 0.0791786 -0.107051 -0.000583168
v5280 0.0788699 -0.107078 -0.000627642
v5281 0.0785625 -0.107104 -0.000669486
v5282 0.078256 -0.107129 -0.000709735
v5283 0.0781025 -0.107142 -0.000730461
v5284 0.0777959 -0.107168 -0.000771863
v5285 0.0758308 -0.107321 -0.000985769
v5286 0.0756828 -0.107331 -0.000995369
v5287 0.075385 -0.107353 -0.00101943
v5288 0.0750906 -0.107372 -0.0010356
v5289 0.0747926 -0.107394 -0.00106096
v5290 0.0831427 -0.116225 0.000300868
v5291 0.0614874 -0.118347 0.00163086
v5292 0.0833024 -0.116212 0.000334329
v5293 0.0836268 -0.116182 0.000412044
v5294 0.0839509 -0.116152 0.000488442
v5295 0.0841137 -0.116137 0.000528086
v5296 0.0332906 -0.124438 0.0137296
v5297 0.0842733 -0.116123 0.000560342
v5298 0.065265 -0.101782 0.000793046
v5299 0.0600337 -0.118365 0.00189403
v5300 0.0786778 -0.110706 -0.000673946
v5301 0.0802059 -0.110587 -0.000479636
v5302 0.080662 -0.110553 -0.00042927
v5303 0.0809715 -0.110527 -0.000383583
v5304 0.0811254 -0.110515 -0.000362927
v5305 0.0814369 -0.110489 -0.000313701
v5306 0.0817531 -0.11046 -0.000253925
v5307 0.0820584 -0.110437 -0.000219776
v5308 0.0588631 -0.118369 0.0021631
v5309 0.0836593 -0.110285 0.000111461
v5310 0.0838268 -0.110266 0.000160444
v5311 0.084149 -0.110236 0.000228893
v5312 0.0655199 -0.101788 0.000707919
v5313 0.0657826 -0.101788 0.000643818
v5314 0.0663122 -0.101786 0.000526718
v5315 0.0665709 -0.101789 0.000452057
v5316 0.0578379 -0.118363 0.00244737
v5317 0.0668345 -0.101789 0.000390517
v5318 0.0671085 -0.101781 0.000356263
v5319 0.0673766 -0.101778 0.000306515
v5320 0.0676449 -0.101774 0.000257147
v5321 0.0679137 -0.10177 0.000209253
v5322 0.068186 -0.101764 0.000170161
v5323 0.0684551 -0.10176 0.000122751
v5324 0.0568139 -0.118357 0.00273709
v5325 0.0420917 -0.110531 0.00838881
v5326 0.0719055 -0.101652 -0.000256353
v5327 0.0721896 -0.101638 -0.000267628
v5328 0.0723299 -0.101632 -0.000277593
v5329 0.0724821 -0.101618 -0.000258074
v5330 0.0727633 -0.101607 -0.000277075
v5331 0.0730478 -0.101593 -0.00028792
v5332 0.0733327 -0.101579 -0.000298075
v5333 0.0736292 -0.101557 -0.00028015
v5334 0.0849915 -0.124449 0.00222329
v5335 0.0554449 -0.118324 0.00325584
v5336 0.0848379 -0.124459 0.00220385
v5337 0.0845359 -0.124475 0.00217643
v5338 0.0843779 -0.124486 0.00214696
v5339 0.078527 -0.110582 -0.000704686
v5340 0.078839 -0.110554 -0.000649728
v5341 0.0546903 -0.11831 0.00351801
v5342 0.08005 -0.110465 -0.000521433
v5343 0.0803597 -0.110439 -0.000474478
v5344 0.0822256 -0.110283 -0.000186029
v5345 0.08254 -0.110255 -0.000132098
v5346 0.0828599 -0.110225 -6.60748e-05
v5347 0.0830215 -0.110209 -2.96052e-05
v5348 0.0833419 -0.110178 3.63663e-05
v5349 0.0737791 -0.101545 -0.000267047
v5350 0.0739297 -0.101533 -0.000252592
v5351 0.0740785 -0.101522 -0.000242583
v5352 0.0743744 -0.101501 -0.000227025
v5353 0.0544268 -0.101134 0.0054511
v5354 0.055428 -0.101184 0.00500835
v5355 0.0557904 -0.101213 0.00480429
v5356 0.056025 -0.101237 0.00464783
v5357 0.0526983 -0.118258 0.00429081
v5358 0.0525773 -0.118253 0.00435074
v5359 0.0561445 -0.101248 0.00457647
v5360 0.0523329 -0.118243 0.00446325
v5361 0.0333065 -0.124701 0.0137969
v5362 0.0520831 -0.118237 0.00455884
v5363 0.0519627 -0.118231 0.00462128
v5364 0.0518393 -0.118227 0.00467421
v5365 0.0562656 -0.101257 0.00451025
v5366 0.0515922 -0.118219 0.00477924
v5367 0.0565102 -0.101273 0.0043851
v5368 0.0513483 -0.118209 0.00489457
v5369 0.0566299 -0.101284 0.00431484
v5370 0.0568751 -0.101299 0.00419214
v5371 0.0509736 -0.118199 0.00504037
v5372 0.0571282 -0.101309 0.00409314
v5373 0.0507241 -0.118192 0.00513888
v5374 0.0502376 -0.11817 0.00537739
v5375 0.0491521 -0.118114 0.00595033
v5376 0.057257 -0.101312 0.00405041
v5377 0.0573899 -0.101311 0.00402015
v5378 0.0576422 -0.101321 0.00391939
v5379 0.0578869 -0.101337 0.00379653
v5380 0.0580117 -0.101343 0.0037424
v5381 0.0785246 -0.110448 -0.000725747
v5382 0.0794471 -0.110373 -0.000594393
v5383 0.0805165 -0.11029 -0.000462468
v5384 0.0806737 -0.110276 -0.000433824
v5385 0.0808284 -0.110263 -0.00041131
v5386 0.0811364 -0.110238 -0.000369591
v5387 0.0814497 -0.110211 -0.000316201
v5388 0.0817658 -0.110182 -0.000257181
v5389 0.0464937 -0.118061 0.00690019
v5390 0.0819173 -0.110171 -0.000242741
v5391 0.0457472 -0.118035 0.007222
v5392 0.0448779 -0.118004 0.00760724
v5393 0.0447498 -0.118002 0.00764889
v5394 0.066105 -0.118429 0.000777274
v5395 0.0831903 -0.110053 6.45391e-06
v5396 0.0658386 -0.118433 0.000820098
v5397 0.0835172 -0.110019 8.69333e-05
v5398 0.0655718 -0.118438 0.000861886
v5399 0.0836825 -0.110002 0.000130967
v5400 0.0653036 -0.118443 0.000899688
v5401 0.0838482 -0.109984 0.000175559
v5402 0.0650415 -0.118445 0.000954191
v5403 0.0841695 -0.109953 0.000241967
v5404 0.0647853 -0.118444 0.00102426
v5405 0.0581371 -0.101348 0.00369041
v5406 0.064528 -0.118443 0.00109164
v5407 0.0583948 -0.101354 0.00360625
v5408 0.0642661 -0.118445 0.00114654
v5409 0.0608718 -0.101482 0.00249285
v5410 0.0640018 -0.118448 0.00119475
v5411 0.0611235 -0.101491 0.00239475
v5412 0.0637348 -0.118453 0.00123582
v5413 0.0613685 -0.101506 0.00227802
v5414 0.0634692 -0.118457 0.00128046
v5415 0.0617471 -0.101519 0.00213455
v5416 0.0632002 -0.118462 0.00131586
v5417 0.0619902 -0.101534 0.00201349
v5418 0.0629364 -0.118465 0.00136536
v5419 0.0623651 -0.101549 0.00186066
v5420 0.0624034 -0.118474 0.00144913
v5421 0.0624899 -0.101555 0.00180971
v5422 0.0621395 -0.118477 0.00149846
v5423 0.0627445 -0.101561 0.00172123
v5424 0.0618847 -0.118475 0.00157283
v5425 0.0629926 -0.101573 0.00161534
v5426 0.0616277 -0.118474 0.00164109
v5427 0.0860981 -0.115944 0.00105827
v5428 0.0862539 -0.115932 0.00108009
v5429 0.0612349 -0.118477 0.00172353
v5430 0.0605613 -0.118493 0.00180693
v5431 0.060433 -0.118492 0.00184181
v5432 0.0864208 -0.115915 0.00112643
v5433 0.0601766 -0.118491 0.00191206
v5434 0.0865908 -0.115898 0.00117918
v5435 0.0599148 -0.118493 0.00196706
v5436 0.0352101 -0.132437 0.0165181
v5437 0.0596545 -0.118494 0.00202614
v5438 0.080722 -0.107056 -0.000353537
v5439 0.059395 -0.118494 0.00208788
v5440 0.0804089 -0.107085 -0.000405388
v5441 0.0591336 -0.118496 0.00214397
v5442 0.0590024 -0.118497 0.00217071
v5443 0.058874 -0.118496 0.00220549
v5444 0.0802543 -0.107098 -0.000427122
v5445 0.0586162 -0.118496 0.00227193
v5446 0.0799438 -0.107125 -0.000473864
v5447 0.0583613 -0.118494 0.00234707
v5448 0.079627 -0.107156 -0.000535994
v5449 0.058103 -0.118493 0.00241252
v5450 0.057973 -0.118494 0.00244271
v5451 0.0578454 -0.118493 0.00247988
v5452 0.0793232 -0.107179 -0.000568325
v5453 0.077628 -0.107325 -0.000811788
v5454 0.0574615 -0.11849 0.00258868
v5455 0.0774761 -0.107337 -0.000829484
v5456 0.0572036 -0.11849 0.00265535
v5457 0.0771725 -0.107361 -0.000864768
v5458 0.0569496 -0.118487 0.00273378
v5459 0.0770203 -0.107373 -0.000883448
v5460 0.0566978 -0.118483 0.002819
v5461 0.0767181 -0.107397 -0.000916224
v5462 0.0564495 -0.118477 0.00291446
v5463 0.0764138 -0.107422 -0.000954528
v5464 0.0562026 -0.118469 0.00301466
v5465 0.075969 -0.107452 -0.000984761
v5466 0.0559551 -0.118462 0.00311333
v5467 0.0647803 -0.101615 0.00101914
v5468 0.0648965 -0.101626 0.000945948
v5469 0.0555776 -0.118456 0.00324312
v5470 0.0554516 -0.118454 0.003286
v5471 0.0553262 -0.118451 0.00333052
v5472 0.0651604 -0.101625 0.000884336
v5473 0.0550733 -0.118447 0.00341373
v5474 0.0654187 -0.101629 0.000808177
v5475 0.0548227 -0.118442 0.00350407
v5476 0.0546964 -0.11844 0.00354628
v5477 0.0545699 -0.118438 0.00358795
v5478 0.0658101 -0.101631 0.000704405
v5479 0.054318 -0.118434 0.00367479
v5480 0.0660667 -0.101636 0.000623692
v5481 0.0663343 -0.101633 0.000572424
v5482 0.053941 -0.118427 0.00380822
v5483 0.0664652 -0.101634 0.000539165
v5484 0.0536885 -0.118422 0.0038936
v5485 0.0665966 -0.101634 0.000507139
v5486 0.0534393 -0.118416 0.00398954
v5487 0.0668653 -0.10163 0.000458717
v5488 0.0531939 -0.118407 0.00409764
v5489 0.0671306 -0.101629 0.000401372
v5490 0.0674011 -0.101624 0.000357569
v5491 0.067666 -0.101622 0.000299183
v5492 0.0679365 -0.101617 0.000255183
v5493 0.0682125 -0.101609 0.000225722
v5494 0.0684847 -0.101602 0.000186054
v5495 0.0687534 -0.101599 0.000137225
v5496 0.0420949 -0.110253 0.00839055
v5497 0.0690224 -0.101595 8.94042e-05
v5498 0.0692951 -0.101588 5.08402e-05
v5499 0.0695719 -0.101579 2.2647e-05
v5500 0.0697019 -0.10158 -1.30678e-05
v5501 0.0698416 -0.101575 -2.377e-05
v5502 0.0514779 -0.118344 0.00486989
v5503 0.0842593 -0.12475 0.00223834
v5504 0.0701257 -0.101561 -3.35287e-05
v5505 0.0704051 -0.10155 -5.55615e-05
v5506 0.0783718 -0.110325 -0.000761407
v5507 0.0788394 -0.110284 -0.000679775
v5508 0.0503693 -0.118304 0.00535832
v5509 0.0502448 -0.118301 0.00540885
v5510 0.0478841 -0.118226 0.0063994
v5511 0.0477578 -0.118223 0.00644548
v5512 0.0476316 -0.118221 0.00649224
v5513 0.0475019 -0.11822 0.00652719
v5514 0.0792866 -0.110254 -0.000647183
v5515 0.047248 -0.118215 0.00661533
v5516 0.0795979 -0.110227 -0.000595322
v5517 0.0469976 -0.118208 0.00671585
v5518 0.0468739 -0.118204 0.00677106
v5519 0.0467493 -0.1182 0.00682364
v5520 0.0798986 -0.110206 -0.000568565
v5521 0.0800526 -0.110193 -0.000546825
v5522 0.0463743 -0.118189 0.00697748
v5523 0.0457535 -0.118167 0.00724999
v5524 0.0456289 -0.118163 0.00730338
v5525 0.0448826 -0.118137 0.00762968
v5526 0.044755 -0.118135 0.00767323
v5527 0.0802067 -0.110181 -0.000525123
v5528 0.0445008 -0.11813 0.0077639
v5529 0.0820811 -0.110018 -0.000216381
v5530 0.0442472 -0.118124 0.00785677
v5531 0.0661145 -0.118557 0.000815116
v5532 0.0822381 -0.110005 -0.000189719
v5533 0.0825538 -0.109976 -0.000133077
v5534 0.0828739 -0.109946 -6.69374e-05
v5535 0.0830366 -0.109929 -2.80383e-05
v5536 0.083204 -0.10991 2.12073e-05
v5537 0.0706882 -0.101536 -6.84129e-05
v5538 0.070825 -0.101533 -8.67822e-05
v5539 0.0711046 -0.101522 -0.000108824
v5540 0.0713897 -0.101507 -0.00011708
v5541 0.071674 -0.101493 -0.000127865
v5542 0.0646663 -0.118572 0.00109632
v5543 0.0719487 -0.101486 -0.00016274
v5544 0.0727946 -0.101449 -0.000213805
v5545 0.0730738 -0.101439 -0.00023805
v5546 0.0733591 -0.101425 -0.000247631
v5547 0.0742452 -0.101362 -0.000203586
v5548 0.0743936 -0.101351 -0.000194884
v5549 0.0746901 -0.10133 -0.000178564
v5550 0.0749961 -0.101303 -0.000139374
v5551 0.0753026 -0.101275 -9.96262e-05
v5552 0.054065 -0.100965 0.00565139
v5553 0.0632111 -0.11859 0.0013578
v5554 0.0422292 -0.110113 0.0083616
v5555 0.0424801 -0.110124 0.00824977
v5556 0.0427304 -0.110135 0.00813634
v5557 0.0626819 -0.118597 0.00145232
v5558 0.0428553 -0.110141 0.00807885
v5559 0.0333198 -0.124965 0.0138535
v5560 0.0544454 -0.10098 0.00549869
v5561 0.0546936 -0.100995 0.00538075
v5562 0.0549506 -0.101002 0.00529
v5563 0.0551898 -0.101023 0.00514538
v5564 0.0617712 -0.1186 0.00166062
v5565 0.0839764 -0.124893 0.00226955
v5566 0.0553107 -0.101033 0.00507727
v5567 0.0419551 -0.125127 0.011496
v5568 0.041818 -0.12513 0.0115076
v5569 0.0554444 -0.101032 0.00504808
v5570 0.0782244 -0.110199 -0.000784208
v5571 0.0785303 -0.110175 -0.000743239
v5572 0.0805289 -0.110013 -0.000465505
v5573 0.0603145 -0.11862 0.00191562
v5574 0.0806819 -0.110001 -0.000446714
v5575 0.0808364 -0.109988 -0.00042452
v5576 0.0811456 -0.109963 -0.000380219
v5577 0.0814618 -0.109934 -0.000320511
v5578 0.0817778 -0.109905 -0.000261727
v5579 0.0833822 -0.10975 7.82642e-05
v5580 0.0835467 -0.109732 0.000120484
v5581 0.0838707 -0.1097 0.000193353
v5582 0.0558046 -0.101063 0.00483707
v5583 0.0560476 -0.101081 0.00470594
v5584 0.0574077 -0.101159 0.00406203
v5585 0.0587778 -0.101227 0.00345932
v5586 0.0590312 -0.101236 0.00336319
v5587 0.0592727 -0.101253 0.00323291
v5588 0.0595132 -0.101272 0.00310036
v5589 0.0597605 -0.101285 0.00298797
v5590 0.0598934 -0.101285 0.00295817
v5591 0.0600147 -0.101293 0.00289541
v5592 0.0603882 -0.10131 0.00273484
v5593 0.0419791 -0.125248 0.0115893
v5594 0.0418429 -0.125251 0.0116041
v5595 0.0415713 -0.125257 0.0116369
v5596 0.033337 -0.125227 0.0139264
v5597 0.06076 -0.101329 0.00257037
v5598 0.0570845 -0.118618 0.00272836
v5599 0.0869208 -0.115866 0.00126245
v5600 0.0870897 -0.115849 0.00131233
v5601 0.0612623 -0.101349 0.00237043
v5602 0.061385 -0.101356 0.00231258
v5603 0.0616352 -0.101366 0.00221055
v5604 0.0563334 -0.118603 0.0029967
v5605 0.0359824 -0.132447 0.0162352
v5606 0.0364969 -0.132454 0.0160463
v5607 0.0368833 -0.132459 0.0159079
v5608 0.0382987 -0.132476 0.0154003
v5609 0.0390716 -0.132484 0.0151305
v5610 0.0666148 -0.101484 0.000542051
v5611 0.0814935 -0.107128 -0.000235557
v5612 0.0813365 -0.107142 -0.000261881
v5613 0.0811793 -0.107157 -0.000288706
v5614 0.0810227 -0.107171 -0.000314535
v5615 0.0796148 -0.107298 -0.0005485
v5616 0.0793103 -0.107322 -0.000582653
v5617 0.0791537 -0.107337 -0.000609982
v5618 0.0788481 -0.107362 -0.000647521
v5619 0.0785391 -0.107388 -0.000693284
v5620 0.0783837 -0.107402 -0.000718514
v5621 0.0780796 -0.107426 -0.000753619
v5622 0.0540733 -0.118559 0.0037934
v5623 0.0777734 -0.107452 -0.000794084
v5624 0.0759595 -0.107593 -0.00099251
v5625 0.0756645 -0.107613 -0.00100947
v5626 0.0753649 -0.107636 -0.00103828
v5627 0.0750722 -0.107654 -0.00105049
v5628 0.0533223 -0.118543 0.00407038
v5629 0.067954 -0.101468 0.000287529
v5630 0.0418693 -0.125371 0.011706
v5631 0.052952 -0.118531 0.00422595
v5632 0.0413185 -0.125387 0.0117438
v5633 0.0527106 -0.11852 0.00434724
v5634 0.0840129 -0.12528 0.00240033
v5635 0.0416247 -0.125495 0.0118437
v5636 0.052347 -0.118504 0.00452504
v5637 0.0413438 -0.125507 0.0118423
v5638 0.0521002 -0.118496 0.00463044
v5639 0.0333551 -0.125488 0.0140027
v5640 0.0518534 -0.118487 0.00473611
v5641 0.0840237 -0.125409 0.00244101
v5642 0.051603 -0.118481 0.00483051
v5643 0.0514841 -0.118474 0.00489797
v5644 0.0513605 -0.11847 0.00495064
v5645 0.078841 -0.110013 -0.000707191
v5646 0.0791425 -0.109991 -0.000677448
v5647 0.0509866 -0.11846 0.00509884
v5648 0.0503784 -0.118433 0.00539589
v5649 0.0502498 -0.118432 0.00543303
v5650 0.0792914 -0.109981 -0.000667292
v5651 0.0796085 -0.109951 -0.00060208
v5652 0.0797602 -0.109939 -0.000585505
v5653 0.0800656 -0.109915 -0.00054823
v5654 0.080223 -0.109901 -0.000518901
v5655 0.082099 -0.109738 -0.000207837
v5656 0.0822599 -0.109722 -0.000172498
v5657 0.0825815 -0.10969 -0.000102596
v5658 0.0827439 -0.109674 -6.41892e-05
v5659 0.0830673 -0.109641 8.84745e-06
v5660 0.0698609 -0.101425 1.17645e-05
v5661 0.0820159 -0.128105 0.00312484
v5662 0.0335 -0.128123 0.0146175
v5663 0.0712658 -0.101365 -8.02018e-05
v5664 0.0714089 -0.101358 -8.30749e-05
v5665 0.0716926 -0.101344 -9.52711e-05
v5666 0.0719685 -0.101336 -0.00012752
v5667 0.0722458 -0.101327 -0.000156018
v5668 0.0725325 -0.101311 -0.000161559
v5669 0.072814 -0.101299 -0.000180143
v5670 0.0445049 -0.118263 0.00778413
v5671 0.073096 -0.101287 -0.00019768
v5672 0.0442502 -0.118258 0.00787303
v5673 0.0733814 -0.101273 -0.000207284
v5674 0.075721 -0.118347 0.000315684
v5675 0.066125 -0.118685 0.000855825
v5676 0.0736769 -0.101252 -0.000191999
v5677 0.0658613 -0.118688 0.000905885
v5678 0.0738221 -0.101243 -0.000190873
v5679 0.0655933 -0.118693 0.0009445
v5680 0.0840359 -0.125538 0.00248463
v5681 0.0653269 -0.118697 0.000987313
v5682 0.03337 -0.125751 0.0140662
v5683 0.0650664 -0.118698 0.00104616
v5684 0.0542131 -0.100814 0.0056566
v5685 0.0648067 -0.118699 0.00110677
v5686 0.0782273 -0.109928 -0.000808336
v5687 0.0645479 -0.118699 0.00117012
v5688 0.0785306 -0.109904 -0.000773391
v5689 0.0642859 -0.118701 0.00122485
v5690 0.0803837 -0.109749 -0.000497873
v5691 0.064021 -0.118705 0.00127153
v5692 0.0806918 -0.109724 -0.000455622
v5693 0.0637545 -0.118709 0.00131391
v5694 0.0808468 -0.109712 -0.000432465
v5695 0.0634899 -0.118712 0.00136122
v5696 0.081158 -0.109685 -0.000383673
v5697 0.0632239 -0.118717 0.00140479
v5698 0.0814723 -0.109657 -0.000328431
v5699 0.0629598 -0.11872 0.00145374
v5700 0.0817875 -0.109628 -0.00027171
v5701 0.0626926 -0.118724 0.0014939
v5702 0.083399 -0.109469 8.33939e-05
v5703 0.0624266 -0.118729 0.00153718
v5704 0.0835603 -0.109453 0.000118557
v5705 0.0621667 -0.118729 0.00159754
v5706 0.0620404 -0.118728 0.00163771
v5707 0.0547142 -0.100839 0.00543414
v5708 0.0617864 -0.118725 0.00171464
v5709 0.0557021 -0.1009 0.00495035
v5710 0.0615209 -0.118729 0.00175934
v5711 0.056308 -0.100946 0.00461715
v5712 0.061255 -0.118733 0.00180295
v5713 0.0564379 -0.100949 0.00457699
v5714 0.0605815 -0.118748 0.0018869
v5715 0.0604527 -0.118748 0.00192027
v5716 0.0565599 -0.100957 0.00451315
v5717 0.0601956 -0.118747 0.00198874
v5718 0.0567991 -0.100978 0.00437144
v5719 0.0599355 -0.118748 0.00204849
v5720 0.056923 -0.100985 0.00431395
v5721 0.059676 -0.118749 0.00211003
v5722 0.0570499 -0.100989 0.00426523
v5723 0.0594159 -0.11875 0.00216987
v5724 0.0574262 -0.101006 0.00410623
v5725 0.0591548 -0.118751 0.00222692
v5726 0.0576777 -0.101017 0.00400283
v5727 0.0588957 -0.118751 0.00228984
v5728 0.0579272 -0.101029 0.0038936
v5729 0.0586371 -0.118751 0.00235417
v5730 0.0581761 -0.101042 0.00378305
v5731 0.0583773 -0.118752 0.00241511
v5732 0.0582471 -0.118752 0.00244466
v5733 0.0581177 -0.118753 0.00247648
v5734 0.0584292 -0.101051 0.00368486
v5735 0.0431164 -0.109729 0.00798843
v5736 0.0577355 -0.118749 0.00259015
v5737 0.0586755 -0.101065 0.00356752
v5738 0.0574789 -0.118748 0.00266058
v5739 0.0587984 -0.101073 0.00350829
v5740 0.0572224 -0.118746 0.00273171
v5741 0.0590506 -0.101083 0.00340823
v5742 0.0569695 -0.118743 0.00281337
v5743 0.0834753 -0.125822 0.00255802
v5744 0.0567169 -0.118739 0.0028961
v5745 0.0831769 -0.125837 0.00253711
v5746 0.0564656 -0.118735 0.00298292
v5747 0.0782322 -0.10979 -0.000812097
v5748 0.0562153 -0.11873 0.0030728
v5749 0.078846 -0.109739 -0.000726566
v5750 0.0789971 -0.109728 -0.000710778
v5751 0.0558391 -0.118723 0.00320594
v5752 0.0557142 -0.11872 0.00325191
v5753 0.0555896 -0.118717 0.00329906
v5754 0.0792975 -0.109707 -0.000684175
v5755 0.055339 -0.118712 0.00338888
v5756 0.0796168 -0.109675 -0.000614035
v5757 0.0550863 -0.118708 0.00347263
v5758 0.0549602 -0.118706 0.00351536
v5759 0.0548341 -0.118704 0.00355818
v5760 0.0797675 -0.109665 -0.000599854
v5761 0.0545822 -0.118699 0.00364473
v5762 0.080083 -0.109635 -0.000539376
v5763 0.0543304 -0.118695 0.00373174
v5764 0.0819588 -0.109471 -0.000228416
v5765 0.0540795 -0.11869 0.00382197
v5766 0.053955 -0.118687 0.00387016
v5767 0.0822779 -0.109441 -0.00016383
v5768 0.0537028 -0.118682 0.00395634
v5769 0.0826021 -0.109408 -8.80906e-05
v5770 0.0534512 -0.118678 0.00404486
v5771 0.0533268 -0.118674 0.00409351
v5772 0.082762 -0.109393 -5.56257e-05
v5773 0.0592926 -0.1011 0.00327947
v5774 0.0608983 -0.101187 0.00254471
v5775 0.0611513 -0.101195 0.00244975
v5776 0.0527163 -0.118651 0.00437419
v5777 0.061899 -0.101229 0.0021349
v5778 0.0620226 -0.101235 0.00207985
v5779 0.0622691 -0.101248 0.00196822
v5780 0.0522287 -0.118631 0.00460275
v5781 0.062774 -0.101265 0.0017787
v5782 0.0630269 -0.101273 0.00168534
v5783 0.064043 -0.101302 0.00132713
v5784 0.0641715 -0.101304 0.00128678
v5785 0.0649312 -0.101327 0.00101409
v5786 0.0651923 -0.101328 0.000944697
v5787 0.0654473 -0.101334 0.000859092
v5788 0.0657108 -0.101334 0.000796423
v5789 0.0659726 -0.101336 0.00072935
v5790 0.0509967 -0.118589 0.00513977
v5791 0.066236 -0.101336 0.000666305
v5792 0.050387 -0.118563 0.0054318
v5793 0.0665009 -0.101335 0.000607616
v5794 0.0480346 -0.118484 0.00644892
v5795 0.0669051 -0.101328 0.000537274
v5796 0.0477712 -0.118485 0.00650509
v5797 0.0671684 -0.101328 0.000474262
v5798 0.0475133 -0.118483 0.00657965
v5799 0.080858 -0.107326 -0.000343154
v5800 0.0472603 -0.118478 0.00667079
v5801 0.0806987 -0.107341 -0.000375311
v5802 0.0470065 -0.118473 0.0067596
v5803 0.0805424 -0.107355 -0.000400724
v5804 0.0467567 -0.118466 0.00686255
v5805 0.0802315 -0.107382 -0.000448232
v5806 0.0799203 -0.10741 -0.000496902
v5807 0.0457652 -0.11843 0.00730342
v5808 0.0456406 -0.118426 0.00735668
v5809 0.0448922 -0.118402 0.00767547
v5810 0.07961 -0.107437 -0.000544117
v5811 0.0777587 -0.107596 -0.000813593
v5812 0.0774536 -0.107621 -0.000852213
v5813 0.0443805 -0.118394 0.00784496
v5814 0.0773028 -0.107632 -0.000867565
v5815 0.0769967 -0.107658 -0.000909276
v5816 0.0757304 -0.118477 0.000353155
v5817 0.0756005 -0.118477 0.000385058
v5818 0.0766975 -0.10768 -0.00093502
v5819 0.0763912 -0.107706 -0.000978341
v5820 0.076096 -0.107725 -0.000995358
v5821 0.0830837 -0.109361 1.33533e-05
v5822 0.0674375 -0.101324 0.000426433
v5823 0.0677069 -0.10132 0.000379312
v5824 0.0679741 -0.101317 0.000326582
v5825 0.0682474 -0.101311 0.000289513
v5826 0.0650786 -0.118825 0.00109145
v5827 0.0683833 -0.101308 0.000268844
v5828 0.06852 -0.101304 0.000250524
v5829 0.0687878 -0.101301 0.000199096
v5830 0.0690533 -0.1013 0.000141603
v5831 0.0693285 -0.101292 0.00010918
v5832 0.0696058 -0.101282 8.18256e-05
v5833 0.0698814 -0.101274 5.02556e-05
v5834 0.0700221 -0.101268 4.17133e-05
v5835 0.070302 -0.101256 2.07143e-05
v5836 0.0637642 -0.118837 0.00135242
v5837 0.0705824 -0.101245 8.4635e-07
v5838 0.0707228 -0.101239 -8.67051e-06
v5839 0.07086 -0.101235 -2.6538e-05
v5840 0.043672 -0.126069 0.0111417
v5841 0.0434204 -0.126063 0.0112463
v5842 0.0431742 -0.126054 0.0113709
v5843 0.0429283 -0.126044 0.0114968
v5844 0.0426905 -0.126029 0.0116532
v5845 0.0823015 -0.127962 0.00310204
v5846 0.0334915 -0.127992 0.0145817
v5847 0.0621745 -0.118859 0.001631
v5848 0.0420607 -0.126013 0.0119169
v5849 0.0415431 -0.126009 0.0120787
v5850 0.0412679 -0.126017 0.0120989
v5851 0.0333842 -0.126015 0.0141264
v5852 0.0738459 -0.10109 -0.000147018
v5853 0.0830424 -0.125972 0.0025759
v5854 0.0782362 -0.109652 -0.000818162
v5855 0.0783863 -0.109642 -0.000804394
v5856 0.0785387 -0.10963 -0.000785331
v5857 0.0800872 -0.109498 -0.000545505
v5858 0.0803926 -0.109474 -0.000509095
v5859 0.0807047 -0.109447 -0.000457576
v5860 0.0808623 -0.109432 -0.000428572
v5861 0.0811754 -0.109404 -0.000375622
v5862 0.0595613 -0.118874 0.00219506
v5863 0.0814874 -0.109378 -0.000325909
v5864 0.0816477 -0.109362 -0.000291319
v5865 0.0818043 -0.109348 -0.000265415
v5866 0.0832606 -0.109201 6.73091e-05
v5867 0.0741402 -0.10107 -0.000135613
v5868 0.074436 -0.10105 -0.000121027
v5869 0.0751924 -0.100987 -4.46993e-05
v5870 0.075489 -0.100966 -2.96023e-05
v5871 0.0554762 -0.100729 0.00512493
v5872 0.0559649 -0.100763 0.00486823
v5873 0.056088 -0.100771 0.00480734
v5874 0.0563287 -0.100791 0.00466888
v5875 0.0565804 -0.100802 0.00456417
v5876 0.0568193 -0.100823 0.00442131
v5877 0.0581939 -0.10089 0.00382433
v5878 0.0574931 -0.118873 0.00271285
v5879 0.0431492 -0.126204 0.0112851
v5880 0.0593117 -0.100947 0.00332333
v5881 0.0595561 -0.100963 0.00320147
v5882 0.0829049 -0.126109 0.00260792
v5883 0.0430019 -0.12635 0.0112645
v5884 0.0428727 -0.126348 0.0113045
v5885 0.0566002 -0.118866 0.00297631
v5886 0.0598025 -0.100977 0.00308597
v5887 0.0600473 -0.100992 0.00296598
v5888 0.0602908 -0.101008 0.00284272
v5889 0.0606637 -0.101026 0.00268049
v5890 0.0413568 -0.126314 0.0119159
v5891 0.033398 -0.126279 0.0141849
v5892 0.0609106 -0.10104 0.00256794
v5893 0.0780881 -0.109527 -0.000842597
v5894 0.0786969 -0.109479 -0.000768499
v5895 0.0790101 -0.109451 -0.000711509
v5896 0.0793171 -0.109426 -0.000669727
v5897 0.0796281 -0.109398 -0.000619084
v5898 0.0797836 -0.109385 -0.000594026
v5899 0.0800939 -0.109358 -0.000545717
v5900 0.0802463 -0.109347 -0.000528145
v5901 0.0818144 -0.109207 -0.000258574
v5902 0.0819779 -0.10919 -0.000216933
v5903 0.0822987 -0.109158 -0.000148771
v5904 0.0824594 -0.109142 -0.000114206
v5905 0.082782 -0.10911 -4.29075e-05
v5906 0.0829471 -0.109092 1.29091e-06
v5907 0.0831129 -0.109074 4.67545e-05
v5908 0.061164 -0.101048 0.00247378
v5909 0.0612894 -0.101053 0.00242344
v5910 0.0451953 -0.107548 0.0072622
v5911 0.0614142 -0.101058 0.00237135
v5912 0.0532109 -0.1188 0.00417799
v5913 0.0616662 -0.101068 0.00227398
v5914 0.0529687 -0.11879 0.00429617
v5915 0.052847 -0.118785 0.00435377
v5916 0.0619144 -0.10108 0.00216627
v5917 0.0526034 -0.118775 0.00446811
v5918 0.0620382 -0.101086 0.00211168
v5919 0.0523641 -0.118762 0.00459674
v5920 0.0622832 -0.1011 0.00199535
v5921 0.0521204 -0.118752 0.00471175
v5922 0.0625387 -0.101106 0.00190898
v5923 0.0518726 -0.118745 0.00481431
v5924 0.0626645 -0.101111 0.0018601
v5925 0.0516178 -0.118741 0.0048949
v5926 0.0639273 -0.101153 0.00139042
v5927 0.0644374 -0.101165 0.00121744
v5928 0.0512534 -0.118725 0.005073
v5929 0.0646912 -0.101172 0.00112792
v5930 0.0510065 -0.118717 0.00517952
v5931 0.0506448 -0.118699 0.00536764
v5932 0.050523 -0.118694 0.0054269
v5933 0.0657267 -0.101186 0.000826089
v5934 0.0502666 -0.118692 0.0055038
v5935 0.0485507 -0.118622 0.00630854
v5936 0.0667903 -0.101179 0.000600294
v5937 0.0482957 -0.118619 0.00639234
v5938 0.0670553 -0.101178 0.000541398
v5939 0.0817911 -0.107381 -0.000188457
v5940 0.0479071 -0.118617 0.00649826
v5941 0.0816303 -0.107397 -0.00022352
v5942 0.081313 -0.107428 -0.000283828
v5943 0.0794421 -0.107594 -0.00058185
v5944 0.0791307 -0.107622 -0.00063262
v5945 0.0788235 -0.107647 -0.000673996
v5946 0.0785147 -0.107674 -0.000719588
v5947 0.0783607 -0.107687 -0.000741514
v5948 0.0458942 -0.118567 0.00727162
v5949 0.0780501 -0.107715 -0.000792411
v5950 0.0759391 -0.107876 -0.00101146
v5951 0.0684005 -0.101159 0.000300172
v5952 0.0705996 -0.101096 3.03189e-05
v5953 0.0447664 -0.118534 0.00773103
v5954 0.0708786 -0.101086 6.5171e-06
v5955 0.0445118 -0.11853 0.00782006
v5956 0.0443833 -0.118528 0.00786045
v5957 0.0442551 -0.118526 0.00790226
v5958 0.0711648 -0.101071 6.70739e-07
v5959 0.0713068 -0.101064 -5.16407e-06
v5960 0.071449 -0.101057 -1.06219e-05
v5961 0.0661445 -0.118942 0.000933128
v5962 0.0717341 -0.101042 -1.97531e-05
v5963 0.0658777 -0.118946 0.000974947
v5964 0.0720071 -0.101036 -5.95328e-05
v5965 0.0656118 -0.11895 0.00101938
v5966 0.072282 -0.101029 -9.45515e-05
v5967 0.0653464 -0.118954 0.0010647
v5968 0.0652188 -0.118953 0.0011012
v5969 0.0650921 -0.118952 0.00114013
v5970 0.0725691 -0.101013 -9.94267e-05
v5971 0.0648323 -0.118952 0.00120072
v5972 0.0645652 -0.118957 0.00124177
v5973 0.0728555 -0.100998 -0.000106284
v5974 0.0643039 -0.118958 0.00129815
v5975 0.0729968 -0.100992 -0.000114323
v5976 0.064039 -0.118962 0.0013451
v5977 0.0639078 -0.118963 0.00137186
v5978 0.063773 -0.118966 0.00138877
v5979 0.0809938 -0.130721 0.00407726
v5980 0.0635114 -0.118968 0.00144433
v5981 0.0732836 -0.100976 -0.000120639
v5982 0.0632465 -0.118971 0.00149111
v5983 0.0336535 -0.129798 0.0152669
v5984 0.0629792 -0.118976 0.00153111
v5985 0.0735682 -0.100963 -0.000132665
v5986 0.0624475 -0.118984 0.00161892
v5987 0.0623168 -0.118985 0.00164696
v5988 0.0808746 -0.12983 0.00369038
v5989 0.0620636 -0.118982 0.00172598
v5990 0.0420958 -0.126479 0.0115435
v5991 0.0618114 -0.118978 0.00180775
v5992 0.0614085 -0.118987 0.00186199
v5993 0.0604775 -0.119001 0.0020133
v5994 0.0413293 -0.126467 0.0118181
v5995 0.060217 -0.119003 0.00207199
v5996 0.0410778 -0.12646 0.0119249
v5997 0.0599598 -0.119002 0.00214005
v5998 0.0598293 -0.119002 0.00216893
v5999 0.0596993 -0.119003 0.00219897
v6000 0.0829267 -0.126368 0.00268969
v6001 0.0594395 -0.119004 0.00225972
v6002 0.0780926 -0.109389 -0.000847302
v6003 0.0591806 -0.119004 0.00232326
v6004 0.0782499 -0.109374 -0.000816704
v6005 0.0589203 -0.119005 0.00238261
v6006 0.0784005 -0.109363 -0.000802053
v6007 0.0586581 -0.119007 0.00243661
v6008 0.0802554 -0.109206 -0.000523026
v6009 0.080409 -0.109194 -0.000502744
v6010 0.0582685 -0.119008 0.00252834
v6011 0.0805645 -0.109181 -0.000478434
v6012 0.058009 -0.119008 0.00259038
v6013 0.0808755 -0.109154 -0.000429875
v6014 0.0577538 -0.119006 0.00266476
v6015 0.0811909 -0.109125 -0.000372031
v6016 0.0575018 -0.119002 0.00274907
v6017 0.0815082 -0.109095 -0.000310336
v6018 0.0572455 -0.119001 0.00282044
v6019 0.081665 -0.109081 -0.000283816
v6020 0.0569915 -0.118998 0.00289914
v6021 0.0831229 -0.108932 5.29323e-05
v6022 0.0567367 -0.118996 0.00297526
v6023 0.0832827 -0.108917 8.46099e-05
v6024 0.0564839 -0.118992 0.0030576
v6025 0.0570941 -0.100677 0.0043755
v6026 0.0573496 -0.100685 0.00428274
v6027 0.0561029 -0.118988 0.00317636
v6028 0.0575926 -0.100703 0.00415339
v6029 0.0558531 -0.118982 0.0032681
v6030 0.0578405 -0.100717 0.00403859
v6031 0.055603 -0.118977 0.00335923
v6032 0.0579758 -0.100714 0.00401484
v6033 0.0553542 -0.118971 0.00345451
v6034 0.0582232 -0.100728 0.00389941
v6035 0.0551031 -0.118966 0.00354298
v6036 0.0584654 -0.100746 0.00376896
v6037 0.0548503 -0.118962 0.00362683
v6038 0.0587198 -0.100755 0.00367457
v6039 0.0545983 -0.118958 0.00371294
v6040 0.0589741 -0.100763 0.00358015
v6041 0.0543481 -0.118953 0.00380505
v6042 0.054222 -0.11895 0.00384812
v6043 0.0592178 -0.10078 0.00345534
v6044 0.0539726 -0.118944 0.00394297
v6045 0.0595888 -0.1008 0.00328455
v6046 0.0597099 -0.100809 0.00322038
v6047 0.0535933 -0.118939 0.00406971
v6048 0.0830388 -0.127795 0.00312109
v6049 0.0598329 -0.100816 0.00316177
v6050 0.0334849 -0.12786 0.0145535
v6051 0.0416887 -0.126623 0.0115968
v6052 0.033409 -0.126545 0.0142317
v6053 0.0600735 -0.100834 0.00302953
v6054 0.0829355 -0.126498 0.00272556
v6055 0.0809773 -0.130593 0.00402322
v6056 0.033755 -0.130553 0.0156956
v6057 0.0787062 -0.109203 -0.000777663
v6058 0.0790223 -0.109173 -0.000714216
v6059 0.0793284 -0.109149 -0.000674687
v6060 0.0794888 -0.109132 -0.000637967
v6061 0.0797937 -0.109109 -0.000601779
v6062 0.0517557 -0.118871 0.00489657
v6063 0.081832 -0.108926 -0.000250325
v6064 0.081997 -0.108908 -0.000205658
v6065 0.0823142 -0.108878 -0.000145913
v6066 0.0824747 -0.108862 -0.000111781
v6067 0.0511349 -0.118853 0.00515031
v6068 0.0828025 -0.108827 -2.88443e-05
v6069 0.0829664 -0.10881 1.2302e-05
v6070 0.0605711 -0.100858 0.00281293
v6071 0.061443 -0.100899 0.00244056
v6072 0.0625569 -0.100955 0.00194723
v6073 0.0628095 -0.100964 0.00185265
v6074 0.0630639 -0.100971 0.00176302
v6075 0.0482998 -0.118751 0.00641345
v6076 0.0642158 -0.100997 0.0013823
v6077 0.0479158 -0.118747 0.00653451
v6078 0.0477812 -0.118749 0.00655285
v6079 0.0643457 -0.100999 0.00134541
v6080 0.047523 -0.118748 0.00662634
v6081 0.06472 -0.101014 0.00119316
v6082 0.0472695 -0.118743 0.00671593
v6083 0.0649822 -0.101015 0.00112608
v6084 0.0470127 -0.11874 0.00679467
v6085 0.0461497 -0.118707 0.00719376
v6086 0.0652408 -0.101019 0.0010495
v6087 0.0459 -0.118699 0.00729802
v6088 0.0457745 -0.118695 0.00734816
v6089 0.0456488 -0.118692 0.00739757
v6090 0.0433977 -0.109025 0.00795821
v6091 0.043524 -0.109029 0.00790556
v6092 0.0437738 -0.109041 0.00779082
v6093 0.0438968 -0.109049 0.00772669
v6094 0.0654945 -0.101026 0.000960004
v6095 0.0829458 -0.126628 0.00276501
v6096 0.0334256 -0.126807 0.0143018
v6097 0.0657625 -0.101023 0.000908692
v6098 0.0756137 -0.118738 0.000446542
v6099 0.0779647 -0.109117 -0.000839767
v6100 0.0753496 -0.11874 0.000499737
v6101 0.045191 -0.107689 0.00725351
v6102 0.0660293 -0.101021 0.000854476
v6103 0.0662923 -0.101021 0.000789804
v6104 0.0654899 -0.11908 0.00108367
v6105 0.0665527 -0.101024 0.000718406
v6106 0.0668224 -0.101019 0.000671745
v6107 0.0670879 -0.101018 0.000613975
v6108 0.0673575 -0.101014 0.000566981
v6109 0.0676275 -0.101009 0.000520913
v6110 0.0678942 -0.101007 0.000466258
v6111 0.0681613 -0.101005 0.000412668
v6112 0.0684326 -0.100999 0.000369897
v6113 0.0687021 -0.100995 0.000322368
v6114 0.0689701 -0.100992 0.000270903
v6115 0.0691054 -0.10099 0.000248432
v6116 0.0692411 -0.100987 0.000227081
v6117 0.0695185 -0.100978 0.000199851
v6118 0.0697974 -0.100967 0.000175967
v6119 0.0700777 -0.100956 0.000155726
v6120 0.0703576 -0.100945 0.000134269
v6121 0.0714816 -0.100898 5.72901e-05
v6122 0.0717661 -0.100884 4.63047e-05
v6123 0.0719099 -0.100876 4.44971e-05
v6124 0.0721816 -0.10087 1.11755e-06
v6125 0.0809891 -0.107598 -0.000344006
v6126 0.0806806 -0.107623 -0.000385363
v6127 0.0805244 -0.107637 -0.00041069
v6128 0.0587999 -0.119133 0.00245156
v6129 0.0802118 -0.107665 -0.00046214
v6130 0.0798989 -0.107694 -0.000515028
v6131 0.0797397 -0.107709 -0.000548046
v6132 0.077889 -0.107867 -0.00081615
v6133 0.0777389 -0.107878 -0.000829583
v6134 0.0774369 -0.107902 -0.000861091
v6135 0.0772852 -0.107914 -0.000878757
v6136 0.057764 -0.119134 0.00270521
v6137 0.0769796 -0.107939 -0.000919582
v6138 0.0766797 -0.107961 -0.000947251
v6139 0.0763782 -0.107984 -0.000979164
v6140 0.0762303 -0.107994 -0.000988534
v6141 0.0782713 -0.109092 -0.000797195
v6142 0.0784211 -0.109081 -0.000784558
v6143 0.0568732 -0.119125 0.00297441
v6144 0.0801189 -0.108938 -0.000535219
v6145 0.0804266 -0.108913 -0.000493679
v6146 0.0805849 -0.108898 -0.000463089
v6147 0.0808893 -0.108875 -0.000430096
v6148 0.0812082 -0.108844 -0.000364334
v6149 0.081369 -0.108828 -0.000328515
v6150 0.0559864 -0.119114 0.00325739
v6151 0.0831474 -0.108647 7.5713e-05
v6152 0.0731672 -0.100829 -6.53957e-05
v6153 0.0733098 -0.100822 -7.0461e-05
v6154 0.0735949 -0.100808 -8.13954e-05
v6155 0.0738923 -0.100786 -6.25835e-05
v6156 0.0552375 -0.119097 0.00353541
v6157 0.0741913 -0.100763 -4.01043e-05
v6158 0.0744843 -0.100744 -3.24533e-05
v6159 0.0571169 -0.100521 0.00443281
v6160 0.0573664 -0.100533 0.00432195
v6161 0.0576134 -0.100548 0.00420397
v6162 0.0578591 -0.100563 0.00408288
v6163 0.0584867 -0.100591 0.00382025
v6164 0.0600922 -0.100682 0.00307159
v6165 0.0603375 -0.100697 0.00295312
v6166 0.0809572 -0.130467 0.00396074
v6167 0.0605885 -0.100707 0.00285115
v6168 0.053728 -0.11907 0.00406202
v6169 0.0337372 -0.130427 0.0156206
v6170 0.0534799 -0.119063 0.00416141
v6171 0.033433 -0.126939 0.0143332
v6172 0.0532298 -0.119057 0.00425483
v6173 0.0608347 -0.100721 0.00273567
v6174 0.0829661 -0.126888 0.00284346
v6175 0.0770721 -0.109043 -0.000920498
v6176 0.0526164 -0.119036 0.00452678
v6177 0.0524987 -0.119028 0.00459704
v6178 0.0523778 -0.119023 0.0046574
v6179 0.0785801 -0.10893 -0.00076582
v6180 0.0521348 -0.119012 0.00477479
v6181 0.0787308 -0.108919 -0.000751217
v6182 0.0518913 -0.119002 0.00489083
v6183 0.0790408 -0.108892 -0.000702021
v6184 0.0793522 -0.108865 -0.000650413
v6185 0.0515169 -0.118993 0.00503653
v6186 0.079506 -0.108852 -0.000629226
v6187 0.0512677 -0.118986 0.00513532
v6188 0.0511427 -0.118983 0.00518365
v6189 0.0510204 -0.118978 0.00524056
v6190 0.0798153 -0.108826 -0.000583172
v6191 0.0507764 -0.118968 0.00535695
v6192 0.0506551 -0.118962 0.00541745
v6193 0.0505314 -0.118958 0.00547015
v6194 0.0816983 -0.108656 -0.000255861
v6195 0.0820138 -0.108627 -0.000199576
v6196 0.0497958 -0.11893 0.00581078
v6197 0.049551 -0.11892 0.00592643
v6198 0.048424 -0.118891 0.00636801
v6199 0.0821778 -0.108609 -0.000157377
v6200 0.0825025 -0.108575 -8.11162e-05
v6201 0.0828295 -0.108541 -2.81467e-07
v6202 0.0609627 -0.100725 0.00269196
v6203 0.0612094 -0.100738 0.00257859
v6204 0.0614577 -0.10075 0.00246999
v6205 0.0620776 -0.100781 0.00219773
v6206 0.0622007 -0.100788 0.00214113
v6207 0.0471446 -0.118875 0.0067742
v6208 0.0624509 -0.100798 0.00203899
v6209 0.0628274 -0.100813 0.00189007
v6210 0.0630807 -0.100821 0.00179717
v6211 0.0441552 -0.108777 0.00763096
v6212 0.033441 -0.12707 0.0143671
v6213 0.0450306 -0.118804 0.00768809
v6214 0.0663055 -0.100875 0.000811904
v6215 0.0447729 -0.118801 0.00776604
v6216 0.0769205 -0.10892 -0.000953682
v6217 0.0445151 -0.118799 0.00784365
v6218 0.0770778 -0.108905 -0.00092228
v6219 0.0442602 -0.118795 0.00793154
v6220 0.0775252 -0.108873 -0.000886615
v6221 0.0776767 -0.108862 -0.00086936
v6222 0.077975 -0.108841 -0.000846081
v6223 0.0781253 -0.10883 -0.000831968
v6224 0.0782841 -0.108814 -0.000797948
v6225 0.0801382 -0.108656 -0.000521979
v6226 0.0802927 -0.108643 -0.000499902
v6227 0.0806082 -0.108614 -0.000440916
v6228 0.0809147 -0.10859 -0.000403385
v6229 0.0636595 -0.119224 0.00148806
v6230 0.0812312 -0.10856 -0.000343484
v6231 0.0633952 -0.119228 0.00153649
v6232 0.0813906 -0.108545 -0.000310963
v6233 0.0631348 -0.119229 0.00159557
v6234 0.0676466 -0.100859 0.00055763
v6235 0.0620918 -0.119234 0.00182786
v6236 0.0695369 -0.100828 0.000233259
v6237 0.0603719 -0.119255 0.00213519
v6238 0.0602399 -0.119257 0.00215953
v6239 0.0601124 -0.119256 0.00219679
v6240 0.0599815 -0.119257 0.00222427
v6241 0.0698148 -0.100818 0.000206845
v6242 0.0597197 -0.119259 0.00227961
v6243 0.0700948 -0.100807 0.000185575
v6244 0.0594579 -0.119261 0.00233473
v6245 0.0703761 -0.100795 0.000167182
v6246 0.0706582 -0.100782 0.000150982
v6247 0.0590739 -0.119258 0.0024425
v6248 0.0709381 -0.100771 0.000128767
v6249 0.0588104 -0.119261 0.00249261
v6250 0.0712183 -0.10076 0.000107328
v6251 0.0585502 -0.119262 0.00255242
v6252 0.0715005 -0.100748 9.04257e-05
v6253 0.0582904 -0.119263 0.00261368
v6254 0.071642 -0.100741 8.30856e-05
v6255 0.0580289 -0.119264 0.00266965
v6256 0.0579018 -0.119263 0.00270834
v6257 0.0577731 -0.119263 0.00274249
v6258 0.0719271 -0.100727 7.32693e-05
v6259 0.0575202 -0.119259 0.00282401
v6260 0.0722026 -0.100719 3.93265e-05
v6261 0.0572633 -0.119258 0.00289395
v6262 0.0724828 -0.100708 1.6758e-05
v6263 0.0570092 -0.119255 0.00297212
v6264 0.056882 -0.119254 0.00301072
v6265 0.0567544 -0.119253 0.00304837
v6266 0.0727651 -0.100696 -4.88065e-07
v6267 0.0743602 -0.100601 3.6819e-06
v6268 0.0563731 -0.119249 0.0031657
v6269 0.0746592 -0.100578 2.54604e-05
v6270 0.0561201 -0.119246 0.00324789
v6271 0.0573884 -0.100377 0.00437676
v6272 0.0558702 -0.11924 0.00333927
v6273 0.0578793 -0.100409 0.00413147
v6274 0.0556187 -0.119236 0.00342614
v6275 0.0581362 -0.100416 0.00404307
v6276 0.0553705 -0.119229 0.00352334
v6277 0.058505 -0.100439 0.00386289
v6278 0.0551223 -0.119223 0.00362084
v6279 0.0587559 -0.10045 0.0037578
v6280 0.0548691 -0.119219 0.00370318
v6281 0.0590062 -0.100462 0.00365121
v6282 0.0546184 -0.119214 0.00379352
v6283 0.0544929 -0.119212 0.00383838
v6284 0.0592515 -0.100477 0.00353055
v6285 0.0593737 -0.100485 0.00346913
v6286 0.0595 -0.10049 0.00341938
v6287 0.0820965 -0.10763 -0.000124037
v6288 0.053863 -0.119201 0.00405569
v6289 0.0817695 -0.107665 -0.000205664
v6290 0.0816079 -0.107682 -0.000242524
v6291 0.0814461 -0.107699 -0.000279969
v6292 0.0812918 -0.107711 -0.000300349
v6293 0.0795724 -0.107866 -0.000584361
v6294 0.0531163 -0.119182 0.00434692
v6295 0.0794189 -0.107878 -0.00060449
v6296 0.0791059 -0.107907 -0.000659236
v6297 0.0788012 -0.107931 -0.000694928
v6298 0.0786483 -0.107943 -0.000714399
v6299 0.0783414 -0.107969 -0.000755964
v6300 0.0780312 -0.107997 -0.000805953
v6301 0.076223 -0.108134 -0.000990786
v6302 0.0597429 -0.100507 0.00329283
v6303 0.052024 -0.119135 0.00487591
v6304 0.0598612 -0.100518 0.00322054
v6305 0.0601111 -0.100529 0.00311437
v6306 0.0603561 -0.100545 0.00299474
v6307 0.06048 -0.100551 0.00293893
v6308 0.0606046 -0.100557 0.00288542
v6309 0.044157 -0.108638 0.0076313
v6310 0.0829893 -0.127146 0.00292816
v6311 0.0784429 -0.108663 -0.000779585
v6312 0.0787468 -0.108639 -0.000744728
v6313 0.0790581 -0.108612 -0.000692983
v6314 0.0792125 -0.108598 -0.000670103
v6315 0.0795299 -0.108568 -0.000604836
v6316 0.0798359 -0.108543 -0.000566878
v6317 0.0815534 -0.108391 -0.000286919
v6318 0.0501731 -0.119073 0.00567901
v6319 0.0499271 -0.119064 0.00579025
v6320 0.081709 -0.108378 -0.000263508
v6321 0.0496781 -0.119057 0.00589197
v6322 0.0495569 -0.119051 0.00595384
v6323 0.0494332 -0.119047 0.00600733
v6324 0.0820294 -0.108347 -0.000196151
v6325 0.0483022 -0.11902 0.0064362
v6326 0.0481776 -0.119016 0.00648787
v6327 0.0479231 -0.119012 0.00657339
v6328 0.047789 -0.119015 0.00659359
v6329 0.0821912 -0.10833 -0.000159073
v6330 0.0475276 -0.119015 0.0066562
v6331 0.0617193 -0.100615 0.00238743
v6332 0.0472735 -0.119011 0.00674358
v6333 0.0471483 -0.119007 0.00679364
v6334 0.0464134 -0.118976 0.00715101
v6335 0.0622176 -0.100637 0.00217631
v6336 0.0461627 -0.118969 0.00725163
v6337 0.0627216 -0.100656 0.001982
v6338 0.0459085 -0.118964 0.00734027
v6339 0.0633438 -0.100684 0.00171935
v6340 0.0456587 -0.118957 0.00744442
v6341 0.0635966 -0.100693 0.00162562
v6342 0.0637233 -0.100697 0.00157959
v6343 0.0638504 -0.1007 0.00153463
v6344 0.0646186 -0.100717 0.00128191
v6345 0.0650055 -0.100724 0.00116352
v6346 0.0652657 -0.100727 0.00109087
v6347 0.0653958 -0.100728 0.00105482
v6348 0.0655263 -0.100729 0.00101946
v6349 0.065793 -0.100727 0.000964556
v6350 0.067263 -0.119297 0.000938647
v6351 0.0659114 -0.119328 0.00110291
v6352 0.0660562 -0.100727 0.000900077
v6353 0.0656476 -0.119331 0.00115281
v6354 0.0663223 -0.100726 0.000843455
v6355 0.0653861 -0.119333 0.00120908
v6356 0.0665895 -0.100723 0.000789761
v6357 0.0651341 -0.119329 0.00129066
v6358 0.0668595 -0.100719 0.000743451
v6359 0.0671221 -0.10072 0.000677558
v6360 0.0334534 -0.127335 0.01442
v6361 0.0673912 -0.100716 0.000628892
v6362 0.0631472 -0.119355 0.00164152
v6363 0.0767927 -0.108648 -0.000945417
v6364 0.062889 -0.119355 0.00170667
v6365 0.0622407 -0.119356 0.00186195
v6366 0.0770983 -0.108622 -0.000904031
v6367 0.0619803 -0.119357 0.00192127
v6368 0.0614492 -0.119365 0.00201077
v6369 0.0613149 -0.119368 0.00202894
v6370 0.077399 -0.1086 -0.000874547
v6371 0.0610503 -0.119371 0.00207621
v6372 0.0603817 -0.119384 0.00217433
v6373 0.0777016 -0.108577 -0.000841137
v6374 0.0779994 -0.108556 -0.000819375
v6375 0.0781486 -0.108546 -0.00080796
v6376 0.0800049 -0.108386 -0.000526565
v6377 0.0801579 -0.108374 -0.000507883
v6378 0.080314 -0.10836 -0.000482146
v6379 0.0806289 -0.108331 -0.000425119
v6380 0.0809373 -0.108306 -0.000383215
v6381 0.0592101 -0.119388 0.0024411
v6382 0.0812544 -0.108276 -0.000322274
v6383 0.0815723 -0.108245 -0.000259884
v6384 0.0676623 -0.100711 0.000585445
v6385 0.0679256 -0.100711 0.000521442
v6386 0.0681911 -0.10071 0.000463345
v6387 0.0684599 -0.100706 0.000413607
v6388 0.0687323 -0.1007 0.000373343
v6389 0.0690007 -0.100697 0.000322642
v6390 0.0692778 -0.100688 0.000294187
v6391 0.0725039 -0.100557 5.50087e-05
v6392 0.0727894 -0.100542 4.54462e-05
v6393 0.0730733 -0.100529 3.14817e-05
v6394 0.0733537 -0.100518 8.60099e-06
v6395 0.0736398 -0.100504 -1.73718e-07
v6396 0.0441742 -0.108347 0.00768043
v6397 0.0571475 -0.119384 0.0029766
v6398 0.08092 -0.130214 0.00384293
v6399 0.0737922 -0.10049 1.82006e-05
v6400 0.0739404 -0.100479 2.62561e-05
v6401 0.0337018 -0.130177 0.0154709
v6402 0.078312 -0.108392 -0.000778886
v6403 0.0784637 -0.10838 -0.000761901
v6404 0.0562571 -0.119375 0.00324837
v6405 0.0787707 -0.108355 -0.000719689
v6406 0.0790792 -0.108329 -0.000674762
v6407 0.0792363 -0.108314 -0.000645847
v6408 0.0795471 -0.108287 -0.000596293
v6409 0.079859 -0.108259 -0.000544656
v6410 0.0814197 -0.108121 -0.000292257
v6411 0.0815809 -0.108105 -0.000256162
v6412 0.0817416 -0.108088 -0.000221279
v6413 0.0820582 -0.108059 -0.000162749
v6414 0.0822212 -0.108042 -0.000123222
v6415 0.0740883 -0.100469 3.32975e-05
v6416 0.0743837 -0.100448 4.64877e-05
v6417 0.0449331 -0.107961 0.0073521
v6418 0.0448104 -0.107953 0.00741668
v6419 0.0445603 -0.107941 0.00753038
v6420 0.0542479 -0.119338 0.00395602
v6421 0.0582768 -0.100271 0.00402378
v6422 0.0539959 -0.119333 0.0040429
v6423 0.0538718 -0.11933 0.00409209
v6424 0.0537464 -0.119327 0.00413763
v6425 0.0587715 -0.100299 0.00379207
v6426 0.0535003 -0.119319 0.00424306
v6427 0.0608677 -0.10042 0.00280602
v6428 0.0532474 -0.119315 0.00432794
v6429 0.0611165 -0.100432 0.00269803
v6430 0.0617306 -0.100468 0.00240714
v6431 0.052872 -0.119307 0.00446773
v6432 0.062359 -0.100493 0.00215844
v6433 0.0523869 -0.119286 0.00470361
v6434 0.0812708 -0.107859 -0.000332479
v6435 0.052145 -0.119275 0.00482451
v6436 0.0520279 -0.119267 0.00489715
v6437 0.0809612 -0.107885 -0.000376049
v6438 0.0517809 -0.119259 0.00500231
v6439 0.0808101 -0.107896 -0.00038966
v6440 0.0515333 -0.119252 0.00510591
v6441 0.0514061 -0.11925 0.00514716
v6442 0.0512782 -0.119249 0.00518588
v6443 0.0510335 -0.119239 0.00529953
v6444 0.0804998 -0.107923 -0.000435582
v6445 0.0507875 -0.119231 0.00540914
v6446 0.0801926 -0.107948 -0.000475031
v6447 0.0505443 -0.11922 0.00552834
v6448 0.0798805 -0.107975 -0.000526165
v6449 0.0780208 -0.108138 -0.000815116
v6450 0.0777235 -0.108158 -0.000835349
v6451 0.0775684 -0.108172 -0.000860719
v6452 0.0772702 -0.108193 -0.000883709
v6453 0.0769591 -0.108221 -0.000937775
v6454 0.0766601 -0.108243 -0.000963653
v6455 0.0763537 -0.108269 -0.00100745
v6456 0.0631131 -0.100522 0.00186215
v6457 0.0491783 -0.119178 0.00609825
v6458 0.0637379 -0.100548 0.00160729
v6459 0.0489258 -0.119173 0.00618952
v6460 0.0487997 -0.119171 0.00623561
v6461 0.0642463 -0.100563 0.00142773
v6462 0.0643727 -0.100567 0.00138119
v6463 0.0645021 -0.100569 0.00134274
v6464 0.0666076 -0.100573 0.000824645
v6465 0.06794 -0.100564 0.000545594
v6466 0.083015 -0.127404 0.00301882
v6467 0.0336858 -0.13005 0.0154034
v6468 0.0698497 -0.10052 0.000268384
v6469 0.0460442 -0.119096 0.00733198
v6470 0.0701305 -0.100508 0.000248686
v6471 0.0704138 -0.100495 0.000235299
v6472 0.070557 -0.100487 0.000232308
v6473 0.0708417 -0.100473 0.000222028
v6474 0.045412 -0.119083 0.00756623
v6475 0.0451626 -0.119075 0.00767237
v6476 0.045037 -0.119071 0.00772252
v6477 0.0711158 -0.100466 0.000184692
v6478 0.0447772 -0.11907 0.00779287
v6479 0.0713921 -0.100457 0.000152989
v6480 0.0445187 -0.119068 0.00786819
v6481 0.0716772 -0.100443 0.00014307
v6482 0.0442645 -0.119063 0.00795831
v6483 0.0719615 -0.100429 0.000130762
v6484 0.0722427 -0.100418 0.000110729
v6485 0.0745561 -0.100284 9.82629e-05
v6486 0.0376658 -0.130106 0.0139638
v6487 0.0375377 -0.130104 0.01401
v6488 0.0374104 -0.130102 0.0140598
v6489 0.037283 -0.1301 0.0141094
v6490 0.0370279 -0.130095 0.0142071
v6491 0.0366424 -0.13009 0.0143429
v6492 0.0650208 -0.119454 0.00137822
v6493 0.036384 -0.130088 0.0144284
v6494 0.0646195 -0.119462 0.0014381
v6495 0.0644832 -0.119466 0.00145102
v6496 0.0361269 -0.130085 0.0145193
v6497 0.0642233 -0.119466 0.00151154
v6498 0.0635461 -0.119483 0.00158773
v6499 0.0634142 -0.119484 0.00161272
v6500 0.0632888 -0.119482 0.00165538
v6501 0.0631584 -0.119483 0.00168434
v6502 0.0358687 -0.130082 0.0146058
v6503 0.0628971 -0.119484 0.00174109
v6504 0.0356121 -0.130078 0.0146994
v6505 0.0626374 -0.119485 0.00180211
v6506 0.0561627 -0.108554 0.002574
v6507 0.0623771 -0.119486 0.00186138
v6508 0.06225 -0.119485 0.00189964
v6509 0.06212 -0.119485 0.00192998
v6510 0.0559086 -0.108549 0.00265963
v6511 0.0618607 -0.119486 0.00199229
v6512 0.0556544 -0.108544 0.00274498
v6513 0.0614598 -0.119493 0.00205229
v6514 0.0613261 -0.119495 0.00207203
v6515 0.0553972 -0.108541 0.00282135
v6516 0.0610628 -0.119498 0.00212296
v6517 0.0594841 -0.119513 0.0024319
v6518 0.0593541 -0.119513 0.00246218
v6519 0.0551442 -0.108534 0.00291065
v6520 0.0590942 -0.119514 0.00252285
v6521 0.0548905 -0.108529 0.00299802
v6522 0.058832 -0.119516 0.00257697
v6523 0.0547634 -0.108526 0.00304121
v6524 0.0585703 -0.119518 0.00263244
v6525 0.0545043 -0.108524 0.00311246
v6526 0.0583115 -0.119518 0.00269651
v6527 0.0581828 -0.119518 0.00273055
v6528 0.0580562 -0.119516 0.00277075
v6529 0.0542525 -0.108517 0.00320609
v6530 0.0578 -0.119515 0.00284249
v6531 0.0541264 -0.108513 0.0032523
v6532 0.0575453 -0.119512 0.00291861
v6533 0.0539998 -0.10851 0.00329718
v6534 0.0572889 -0.119511 0.00299016
v6535 0.0537501 -0.108501 0.00339805
v6536 0.0570362 -0.119507 0.00307266
v6537 0.0534996 -0.108493 0.00349655
v6538 0.0533736 -0.108489 0.00354346
v6539 0.0566501 -0.119506 0.00317574
v6540 0.053248 -0.108485 0.00359187
v6541 0.056395 -0.119504 0.00325139
v6542 0.0528757 -0.10847 0.00375128
v6543 0.05614 -0.119502 0.00332738
v6544 0.0527499 -0.108466 0.00379937
v6545 0.0558882 -0.119498 0.00341336
v6546 0.0526239 -0.108462 0.00384695
v6547 0.0556351 -0.119494 0.00349553
v6548 0.0555117 -0.119491 0.00354609
v6549 0.0553884 -0.119487 0.00359729
v6550 0.0523811 -0.108448 0.00397086
v6551 0.052135 -0.108436 0.00408505
v6552 0.0518902 -0.108423 0.00420366
v6553 0.0515152 -0.108409 0.00435749
v6554 0.0512658 -0.108399 0.0044623
v6555 0.0511406 -0.108395 0.00451331
v6556 0.0510159 -0.10839 0.00456605
v6557 0.0508935 -0.108383 0.00462616
v6558 0.0507699 -0.108377 0.00468277
v6559 0.0505242 -0.108364 0.00480054
v6560 0.0502745 -0.108354 0.00490592
v6561 0.0499022 -0.108337 0.00507221
v6562 0.0496525 -0.108327 0.00517834
v6563 0.0494031 -0.108317 0.00528614
v6564 0.0491527 -0.108307 0.00539086
v6565 0.04903 -0.1083 0.00545168
v6566 0.0532569 -0.119444 0.00436649
v6567 0.0489053 -0.108295 0.005506
v6568 0.0486559 -0.108284 0.00561476
v6569 0.0484075 -0.108273 0.00572735
v6570 0.0482832 -0.108267 0.00578346
v6571 0.0526379 -0.119426 0.00462109
v6572 0.0480366 -0.108254 0.00590251
v6573 0.0479117 -0.108249 0.00595671
v6574 0.0477858 -0.108244 0.00600797
v6575 0.0475372 -0.108232 0.00612123
v6576 0.0472902 -0.108219 0.00624014
v6577 0.0469193 -0.1082 0.00641839
v6578 0.0466684 -0.10819 0.00652526
v6579 0.0464195 -0.108178 0.00663947
v6580 0.0461682 -0.108168 0.00674603
v6581 0.0460456 -0.10816 0.00680981
v6582 0.0459208 -0.108154 0.00686601
v6583 0.0456691 -0.108145 0.00697199
v6584 0.0455444 -0.108139 0.00702896
v6585 0.0452944 -0.108127 0.00714137
v6586 0.0450462 -0.108114 0.00726026
v6587 0.0443079 -0.108069 0.00764196
v6588 0.0379196 -0.130111 0.0138618
v6589 0.0381747 -0.130115 0.0137651
v6590 0.0384284 -0.13012 0.0136633
v6591 0.050183 -0.119337 0.00572731
v6592 0.038686 -0.130123 0.013577
v6593 0.0499357 -0.119328 0.00583421
v6594 0.0389404 -0.130127 0.0134788
v6595 0.0496848 -0.119322 0.00592965
v6596 0.0495585 -0.11932 0.00597455
v6597 0.0494319 -0.119318 0.00601881
v6598 0.0393229 -0.130133 0.0133352
v6599 0.0491808 -0.119312 0.00611436
v6600 0.0395805 -0.130136 0.0132499
v6601 0.0489275 -0.119307 0.00620256
v6602 0.0488003 -0.119305 0.00624502
v6603 0.047925 -0.119282 0.00659425
v6604 0.0477963 -0.119281 0.00663239
v6605 0.0397105 -0.130136 0.0132122
v6606 0.0475374 -0.119279 0.00670342
v6607 0.0398384 -0.130138 0.0131663
v6608 0.0472837 -0.119275 0.00679183
v6609 0.0401001 -0.130138 0.0130971
v6610 0.0464257 -0.119239 0.00720637
v6611 0.0403607 -0.130139 0.0130238
v6612 0.0461724 -0.119233 0.00729815
v6613 0.0460492 -0.119229 0.00735576
v6614 0.0459228 -0.119226 0.00740259
v6615 0.0406183 -0.130141 0.0129394
v6616 0.0456701 -0.11922 0.00749683
v6617 0.0408755 -0.130144 0.0128537
v6618 0.0454161 -0.119215 0.00758653
v6619 0.0411357 -0.130145 0.0127795
v6620 0.041395 -0.130146 0.0127019
v6621 0.0828679 -0.127544 0.00302875
v6622 0.0825724 -0.127557 0.0030137
v6623 0.0446489 -0.119204 0.00783995
v6624 0.0824255 -0.127564 0.00300783
v6625 0.0821308 -0.127577 0.00299396
v6626 0.0818425 -0.127588 0.00299476
v6627 0.0816903 -0.127596 0.00297619
v6628 0.076188 -0.119246 0.000510527
v6629 0.0672815 -0.119555 0.0010132
v6630 0.0660639 -0.119583 0.0011584
v6631 0.0659362 -0.119582 0.00119461
v6632 0.0815452 -0.127602 0.00297414
v6633 0.0656723 -0.119585 0.00124434
v6634 0.0814007 -0.127608 0.00297342
v6635 0.0654095 -0.119587 0.00129694
v6636 0.0812555 -0.127614 0.00297086
v6637 0.0651574 -0.119584 0.00137839
v6638 0.0650325 -0.119582 0.00142227
v6639 0.0809691 -0.127624 0.00297498
v6640 0.0646291 -0.11959 0.00147648
v6641 0.0644929 -0.119594 0.00148974
v6642 0.080686 -0.127633 0.00298653
v6643 0.064232 -0.119595 0.00154761
v6644 0.0635586 -0.11961 0.00163406
v6645 0.0805385 -0.12764 0.00297824
v6646 0.0802508 -0.127651 0.00297879
v6647 0.0799609 -0.127663 0.00297368
v6648 0.0796747 -0.127673 0.00297703
v6649 0.0793867 -0.127684 0.00297596
v6650 0.0791027 -0.127694 0.00298397
v6651 0.0785375 -0.127712 0.0030057
v6652 0.0776881 -0.127741 0.00303315
v6653 0.0775417 -0.127748 0.00302587
v6654 0.0772542 -0.127759 0.00302391
v6655 0.0769668 -0.12777 0.00302182
v6656 0.0766876 -0.127778 0.00303911
v6657 0.0764026 -0.127789 0.00304233
v6658 0.0416578 -0.130146 0.0126378
v6659 0.0419171 -0.130147 0.0125606
v6660 0.0421777 -0.130148 0.0124883
v6661 0.0424357 -0.13015 0.0124067
v6662 0.0425653 -0.13015 0.012368
v6663 0.061074 -0.119625 0.00216611
v6664 0.0428242 -0.130152 0.0122899
v6665 0.0430814 -0.130154 0.012206
v6666 0.0763501 -0.108406 -0.0010011
v6667 0.0762012 -0.108417 -0.00101285
v6668 0.0759069 -0.108436 -0.0010288
v6669 0.07561 -0.108456 -0.00105115
v6670 0.0584529 -0.119645 0.00271
v6671 0.0753212 -0.108472 -0.00105433
v6672 0.0750277 -0.108491 -0.00106916
v6673 0.0747376 -0.108508 -0.00107617
v6674 0.0745967 -0.108514 -0.00106971
v6675 0.0744483 -0.108525 -0.00108161
v6676 0.0743027 -0.108534 -0.00108689
v6677 0.0740137 -0.10855 -0.00109208
v6678 0.0574311 -0.119637 0.00300619
v6679 0.0737271 -0.108565 -0.00109181
v6680 0.0734407 -0.10858 -0.00109123
v6681 0.073163 -0.10859 -0.00106952
v6682 0.0728799 -0.108604 -0.00106148
v6683 0.0725986 -0.108616 -0.00104899
v6684 0.0723177 -0.108628 -0.00103593
v6685 0.0565337 -0.119633 0.00325676
v6686 0.0720373 -0.10864 -0.00102197
v6687 0.0718967 -0.108646 -0.00101591
v6688 0.0353554 -0.130075 0.0147927
v6689 0.0351021 -0.130069 0.0149003
v6690 0.0348459 -0.130065 0.0149966
v6691 0.0345891 -0.130061 0.0150906
v6692 0.03433 -0.130058 0.0151755
v6693 0.0339425 -0.130054 0.0153079
v6694 0.0433412 -0.130155 0.0121317
v6695 0.0437311 -0.130156 0.0120209
v6696 0.0438608 -0.130157 0.0119832
v6697 0.0550239 -0.119607 0.00377676
v6698 0.0548992 -0.119604 0.00382398
v6699 0.0547737 -0.119601 0.00386857
v6700 0.0807584 -0.130092 0.00378638
v6701 0.0545251 -0.119595 0.00396537
v6702 0.0804734 -0.130101 0.00379355
v6703 0.054271 -0.119592 0.0040457
v6704 0.0541449 -0.11959 0.00408884
v6705 0.0540187 -0.119588 0.00413167
v6706 0.0801822 -0.130113 0.00378565
v6707 0.0537669 -0.119583 0.00421963
v6708 0.0798981 -0.130122 0.00379426
v6709 0.0535186 -0.119577 0.00431818
v6710 0.0533929 -0.119574 0.00436292
v6711 0.0796114 -0.130132 0.00379671
v6712 0.0531411 -0.11957 0.00445125
v6713 0.0794708 -0.130136 0.00380419
v6714 0.0520445 -0.119526 0.00496687
v6715 0.0791888 -0.130145 0.00381713
v6716 0.0517999 -0.119517 0.00507996
v6717 0.0516776 -0.119512 0.00513632
v6718 0.0515559 -0.119507 0.00519494
v6719 0.0788968 -0.130157 0.0038063
v6720 0.0513015 -0.119504 0.00527732
v6721 0.0786091 -0.130168 0.00380502
v6722 0.0510528 -0.119497 0.00537816
v6723 0.0509273 -0.119494 0.00542493
v6724 0.0508034 -0.11949 0.00547675
v6725 0.0783321 -0.130174 0.00382935
v6726 0.0780593 -0.130179 0.00386356
v6727 0.0777766 -0.130188 0.00387357
v6728 0.0503082 -0.119475 0.00568715
v6729 0.0773673 -0.130196 0.00392415
v6730 0.0772252 -0.130201 0.00392715
v6731 0.0769432 -0.130209 0.00393847
v6732 0.0766572 -0.13022 0.00393985
v6733 0.0763798 -0.130227 0.00396196
v6734 0.0761053 -0.130233 0.00399083
v6735 0.0758299 -0.130239 0.00401736
v6736 0.0756843 -0.130245 0.00401116
v6737 0.0754089 -0.130251 0.0040374
v6738 0.0751373 -0.130256 0.00407294
v6739 0.0489309 -0.11944 0.00622146
v6740 0.074856 -0.130265 0.00408428
v6741 0.0745753 -0.130273 0.00409703
v6742 0.0485531 -0.119432 0.00636139
v6743 0.0699439 -0.130366 0.00464102
v6744 0.0696603 -0.130376 0.00464287
v6745 0.0693775 -0.130386 0.00464635
v6746 0.0474179 -0.119408 0.00677947
v6747 0.0691024 -0.130393 0.00466965
v6748 0.0688234 -0.130401 0.0046828
v6749 0.0685398 -0.130411 0.00468352
v6750 0.0783871 -0.127587 0.00297439
v6751 0.0785284 -0.127583 0.00296905
v6752 0.079093 -0.127565 0.00294581
v6753 0.0792354 -0.12756 0.00294261
v6754 0.0795245 -0.127548 0.00294655
v6755 0.0798129 -0.127537 0.00294854
v6756 0.0452928 -0.119346 0.00765071
v6757 0.0800985 -0.127526 0.00294348
v6758 0.0450393 -0.119341 0.00774267
v6759 0.0803875 -0.127515 0.00294632
v6760 0.0447811 -0.119339 0.00781854
v6761 0.0446513 -0.119338 0.00785413
v6762 0.0445235 -0.119336 0.00789684
v6763 0.0806749 -0.127504 0.00294521
v6764 0.076326 -0.119376 0.000512944
v6765 0.0809598 -0.127494 0.00293774
v6766 0.0811036 -0.127489 0.00293717
v6767 0.0813898 -0.127479 0.0029324
v6768 0.0816806 -0.127467 0.00293816
v6769 0.0819745 -0.127454 0.00295056
v6770 0.0822653 -0.127442 0.00295577
v6771 0.0441175 -0.130159 0.011898
v6772 0.044246 -0.13016 0.0118561
v6773 0.0443751 -0.130161 0.0118166
v6774 0.0520326 -0.130378 0.00923162
v6775 0.0517869 -0.130371 0.0093457
v6776 0.0501491 -0.130345 0.00996251
v6777 0.0500232 -0.130343 0.010011
v6778 0.0559005 -0.108691 0.00264537
v6779 0.0556413 -0.108689 0.00271571
v6780 0.0553877 -0.108683 0.00280272
v6781 0.0625293 -0.119741 0.00191668
v6782 0.0551363 -0.108676 0.00289676
v6783 0.0548818 -0.108671 0.0029814
v6784 0.0498929 -0.130343 0.0100446
v6785 0.0486072 -0.130334 0.0104415
v6786 0.0510105 -0.10853 0.00455757
v6787 0.0508879 -0.108524 0.00461682
v6788 0.0507638 -0.108519 0.00467152
v6789 0.0505174 -0.108506 0.00478717
v6790 0.061352 -0.119748 0.00216767
v6791 0.050267 -0.108497 0.00489006
v6792 0.0610836 -0.119754 0.00220442
v6793 0.0498951 -0.10848 0.00505721
v6794 0.0599038 -0.119763 0.00244843
v6795 0.0592497 -0.119767 0.002588
v6796 0.0591163 -0.119769 0.00260848
v6797 0.049646 -0.108469 0.00516552
v6798 0.058854 -0.119771 0.00266235
v6799 0.0493981 -0.108458 0.00527773
v6800 0.058592 -0.119773 0.00271692
v6801 0.0491485 -0.108448 0.00538494
v6802 0.0583344 -0.119773 0.00278464
v6803 0.0490243 -0.108442 0.00544076
v6804 0.0580814 -0.119769 0.00286565
v6805 0.0488999 -0.108436 0.00549605
v6806 0.0578271 -0.119767 0.00294298
v6807 0.0576997 -0.119766 0.00298093
v6808 0.0575731 -0.119764 0.00302144
v6809 0.0486497 -0.108426 0.00560196
v6810 0.0571891 -0.119762 0.0031304
v6811 0.048402 -0.108414 0.00571661
v6812 0.0569336 -0.11976 0.00320498
v6813 0.0482773 -0.108409 0.00577143
v6814 0.056676 -0.119759 0.00327303
v6815 0.0452916 -0.108267 0.00713784
v6816 0.0564177 -0.119759 0.00333948
v6817 0.045043 -0.108255 0.00725538
v6818 0.0561604 -0.119758 0.00340877
v6819 0.0449207 -0.108247 0.00732102
v6820 0.0559062 -0.119755 0.0034874
v6821 0.0557796 -0.119753 0.00352838
v6822 0.0447963 -0.108241 0.00737974
v6823 0.0445488 -0.108227 0.00750207
v6824 0.0446342 -0.130162 0.0117405
v6825 0.0448924 -0.130164 0.0116612
v6826 0.04502 -0.130166 0.0116165
v6827 0.0451491 -0.130167 0.0115767
v6828 0.0733089 -0.108446 -0.00107746
v6829 0.0743055 -0.108397 -0.00109483
v6830 0.074452 -0.108388 -0.00108737
v6831 0.0745996 -0.108378 -0.00107748
v6832 0.0747412 -0.108371 -0.00108226
v6833 0.0748855 -0.108363 -0.00108052
v6834 0.0751764 -0.108346 -0.00107176
v6835 0.0754689 -0.108327 -0.00105953
v6836 0.0757582 -0.108311 -0.00105542
v6837 0.045429 -0.107987 0.00711199
v6838 0.0456806 -0.107997 0.00700499
v6839 0.0535264 -0.119706 0.00435158
v6840 0.0458061 -0.108003 0.00695066
v6841 0.0460559 -0.108014 0.00683837
v6842 0.0463069 -0.108024 0.00673054
v6843 0.046561 -0.108032 0.00663353
v6844 0.0468107 -0.108044 0.00652192
v6845 0.0469363 -0.108049 0.00646882
v6846 0.0470624 -0.108053 0.00641779
v6847 0.0473112 -0.108065 0.00630385
v6848 0.0475595 -0.108077 0.0061889
v6849 0.0476768 -0.108089 0.00610844
v6850 0.047927 -0.108099 0.00600036
v6851 0.0480521 -0.108104 0.00594678
v6852 0.0481755 -0.108111 0.00588727
v6853 0.0484236 -0.108123 0.00577297
v6854 0.0497926 -0.108184 0.00516678
v6855 0.0502915 -0.108204 0.00495264
v6856 0.0504345 -0.119612 0.00565078
v6857 0.050309 -0.119609 0.00569794
v6858 0.0501843 -0.119605 0.00574773
v6859 0.0766473 -0.108521 -0.000963943
v6860 0.0499398 -0.119596 0.00586356
v6861 0.0743024 -0.108669 -0.00107299
v6862 0.0496912 -0.119588 0.00596629
v6863 0.0741544 -0.108679 -0.00108398
v6864 0.0494372 -0.119584 0.00605175
v6865 0.0740089 -0.108688 -0.00108928
v6866 0.0491858 -0.119579 0.00614615
v6867 0.0737185 -0.108705 -0.00109823
v6868 0.0489363 -0.119572 0.00624695
v6869 0.0488087 -0.11957 0.00628795
v6870 0.073434 -0.108719 -0.00109307
v6871 0.0485541 -0.119566 0.00637247
v6872 0.0731582 -0.108728 -0.00106682
v6873 0.0482986 -0.119563 0.006454
v6874 0.0478025 -0.119547 0.00666753
v6875 0.072872 -0.108743 -0.0010666
v6876 0.0475544 -0.119539 0.00677474
v6877 0.0725928 -0.108754 -0.00104916
v6878 0.0472989 -0.119535 0.00685727
v6879 0.0469608 -0.13031 0.0110501
v6880 0.0468334 -0.130308 0.011095
v6881 0.0465551 -0.11951 0.00718372
v6882 0.0464303 -0.119506 0.00723571
v6883 0.0459333 -0.11949 0.00745157
v6884 0.0467076 -0.130306 0.0111453
v6885 0.0456805 -0.119484 0.00754531
v6886 0.0455477 -0.119486 0.00757022
v6887 0.0720362 -0.108775 -0.00101035
v6888 0.0464523 -0.130303 0.0112334
v6889 0.0461959 -0.1303 0.0113178
v6890 0.0460664 -0.1303 0.0113553
v6891 0.0459408 -0.130297 0.0114069
v6892 0.0456821 -0.130296 0.0114836
v6893 0.0454247 -0.130294 0.0115653
v6894 0.0451669 -0.130292 0.0116455
v6895 0.0763334 -0.119506 0.000545665
v6896 0.0762022 -0.119507 0.000574284
v6897 0.0654354 -0.119841 0.00139138
v6898 0.0653091 -0.119839 0.00143156
v6899 0.043359 -0.13028 0.0122013
v6900 0.0650557 -0.119836 0.00150954
v6901 0.0626613 -0.119873 0.00190387
v6902 0.0425836 -0.130275 0.0124398
v6903 0.0624063 -0.119871 0.00197792
v6904 0.0416764 -0.130271 0.012711
v6905 0.062148 -0.119871 0.00204298
v6906 0.0415444 -0.130271 0.012741
v6907 0.0618869 -0.119872 0.00210038
v6908 0.0406347 -0.130268 0.0130051
v6909 0.0616265 -0.119873 0.00215968
v6910 0.0614954 -0.119874 0.00218689
v6911 0.0389587 -0.130252 0.0135526
v6912 0.0610974 -0.11988 0.00225482
v6913 0.03832 -0.130243 0.0137891
v6914 0.0367864 -0.130219 0.0143617
v6915 0.0607057 -0.119882 0.00234066
v6916 0.0360133 -0.13021 0.014627
v6917 0.0601786 -0.119887 0.00244144
v6918 0.0352446 -0.130198 0.0149126
v6919 0.0346054 -0.130187 0.0151589
v6920 0.0344759 -0.130186 0.0152017
v6921 0.0596591 -0.119889 0.00256381
v6922 0.033829 -0.130179 0.0154184
v6923 0.0578029 -0.108867 0.00201137
v6924 0.0784903 -0.130297 0.00387936
v6925 0.0783496 -0.130301 0.00388631
v6926 0.0780738 -0.130307 0.00391317
v6927 0.0588692 -0.119896 0.00271703
v6928 0.0556305 -0.108833 0.00269307
v6929 0.0548726 -0.108814 0.00296352
v6930 0.0777935 -0.130315 0.00392915
v6931 0.0775176 -0.130321 0.00395566
v6932 0.0772346 -0.13033 0.00396476
v6933 0.0769569 -0.130337 0.00398653
v6934 0.0537353 -0.108785 0.00337152
v6935 0.0534866 -0.108775 0.00347511
v6936 0.0533599 -0.108772 0.00351972
v6937 0.053235 -0.108768 0.00357014
v6938 0.0528599 -0.108754 0.00372059
v6939 0.0526104 -0.108745 0.00382288
v6940 0.0523667 -0.108732 0.00394376
v6941 0.0556646 -0.119879 0.00361414
v6942 0.0521207 -0.10872 0.00405791
v6943 0.0518756 -0.108707 0.0041753
v6944 0.0552961 -0.119867 0.00377135
v6945 0.055174 -0.119863 0.00382627
v6946 0.0550497 -0.11986 0.00387451
v6947 0.0516276 -0.108696 0.00428373
v6948 0.0547985 -0.119855 0.00396349
v6949 0.0515041 -0.108691 0.0043396
v6950 0.0545521 -0.119847 0.00406706
v6951 0.0512538 -0.108682 0.00444137
v6952 0.0542992 -0.119844 0.00415115
v6953 0.0510048 -0.108672 0.00454787
v6954 0.0540454 -0.11984 0.00423264
v6955 0.048024 -0.108539 0.00587548
v6956 0.0537916 -0.119837 0.00431436
v6957 0.0536633 -0.119836 0.00435079
v6958 0.0534176 -0.119828 0.00445812
v6959 0.0477765 -0.108526 0.00599171
v6960 0.053167 -0.119823 0.0045501
v6961 0.0521875 -0.119787 0.00499355
v6962 0.0520649 -0.119783 0.005049
v6963 0.0475307 -0.108512 0.00611403
v6964 0.0518187 -0.119775 0.00515658
v6965 0.0472807 -0.108502 0.00622275
v6966 0.0514521 -0.11976 0.00532762
v6967 0.0513253 -0.119758 0.00537021
v6968 0.0511995 -0.119756 0.00541588
v6969 0.0510744 -0.119753 0.0054639
v6970 0.0470335 -0.108489 0.00634129
v6971 0.0466596 -0.108472 0.00650924
v6972 0.0464078 -0.108463 0.0066133
v6973 0.0461575 -0.108452 0.00672285
v6974 0.0460345 -0.108445 0.00678506
v6975 0.0459098 -0.108439 0.00684137
v6976 0.0456599 -0.108428 0.00695312
v6977 0.045412 -0.108415 0.00707233
v6978 0.0514106 -0.108252 0.00446517
v6979 0.0516545 -0.108266 0.00434254
v6980 0.0517794 -0.108271 0.00429096
v6981 0.0519049 -0.108275 0.00424123
v6982 0.0522714 -0.108295 0.00406085
v6983 0.0523949 -0.108301 0.00400521
v6984 0.0525192 -0.108306 0.0039521
v6985 0.0527648 -0.108319 0.00383675
v6986 0.0530212 -0.108323 0.00375551
v6987 0.0532664 -0.108335 0.00363966
v6988 0.0536458 -0.108345 0.00350222
v6989 0.053892 -0.108357 0.00339053
v6990 0.0541445 -0.108364 0.00329822
v6991 0.0543949 -0.108372 0.00320001
v6992 0.054648 -0.108378 0.00311002
v6993 0.054903 -0.108383 0.00302613
v6994 0.0551587 -0.108388 0.00294456
v6995 0.0555368 -0.108398 0.0028061
v6996 0.0557919 -0.108403 0.00272328
v6997 0.0563006 -0.108413 0.00255336
v6998 0.0457934 -0.130171 0.0113761
v6999 0.0459234 -0.130171 0.0113399
v7000 0.0460498 -0.130174 0.0112913
v7001 0.0463072 -0.130175 0.0112105
v7002 0.0465637 -0.130178 0.0111265
v7003 0.0452971 -0.119614 0.00767824
v7004 0.0466898 -0.13018 0.0110773
v7005 0.0450426 -0.11961 0.00776671
v7006 0.0468164 -0.130182 0.0110301
v7007 0.044786 -0.119607 0.00784771
v7008 0.0470732 -0.130184 0.0109475
v7009 0.0496165 -0.130217 0.0100521
v7010 0.0497457 -0.130217 0.0100148
v7011 0.0756721 -0.119646 0.00069113
v7012 0.0498754 -0.130217 0.00997912
v7013 0.0587066 -0.108467 0.00172767
v7014 0.0501324 -0.130219 0.00989977
v7015 0.0503898 -0.13022 0.00982212
v7016 0.0515252 -0.130238 0.00940003
v7017 0.0637328 -0.119986 0.00176139
v7018 0.0516413 -0.130245 0.00932097
v7019 0.0685225 -0.130285 0.00462486
v7020 0.0688013 -0.130277 0.0046117
v7021 0.0689416 -0.130272 0.0046073
v7022 0.069221 -0.130264 0.00459529
v7023 0.0695039 -0.130254 0.00459232
v7024 0.069784 -0.130245 0.00458152
v7025 0.0617693 -0.119999 0.0021768
v7026 0.0764934 -0.108669 -0.000972324
v7027 0.0761945 -0.108691 -0.0009988
v7028 0.0758994 -0.10871 -0.00101667
v7029 0.0756053 -0.108729 -0.00103243
v7030 0.0753145 -0.108747 -0.00104072
v7031 0.0750233 -0.108764 -0.00105033
v7032 0.0604555 -0.120011 0.00244041
v7033 0.0748766 -0.108773 -0.00105768
v7034 0.0745925 -0.108787 -0.00105057
v7035 0.0742992 -0.108806 -0.00106602
v7036 0.0766757 -0.130346 0.00399952
v7037 0.0763984 -0.130353 0.00402174
v7038 0.0718952 -0.108916 -0.000991287
v7039 0.0761206 -0.13036 0.00404283
v7040 0.0758434 -0.130367 0.00406503
v7041 0.0755663 -0.130374 0.00408724
v7042 0.0591419 -0.120022 0.00270397
v7043 0.0590106 -0.120023 0.00273062
v7044 0.0752916 -0.13038 0.00411526
v7045 0.0560567 -0.120011 0.00353818
v7046 0.0750132 -0.130387 0.00413386
v7047 0.0748733 -0.130391 0.0041414
v7048 0.0745942 -0.130399 0.00415819
v7049 0.0755355 -0.127559 0.00299148
v7050 0.0759576 -0.127545 0.00297485
v7051 0.0760975 -0.127541 0.00296702
v7052 0.0762395 -0.127536 0.00296446
v7053 0.0765225 -0.127526 0.00295664
v7054 0.0769489 -0.127511 0.00294883
v7055 0.0770913 -0.127506 0.00294696
v7056 0.0773828 -0.127493 0.00295875
v7057 0.0776749 -0.12748 0.00297169
v7058 0.0821079 -0.127319 0.00290982
v7059 0.082254 -0.127312 0.00291378
v7060 0.082553 -0.127297 0.00293745
v7061 0.0538027 -0.119965 0.00435789
v7062 0.0828498 -0.127283 0.00295551
v7063 0.0700536 -0.130241 0.00454335
v7064 0.0530523 -0.119948 0.0046386
v7065 0.0529304 -0.119943 0.0046953
v7066 0.0733154 -0.130178 0.00414534
v7067 0.0507915 -0.130483 0.00977249
v7068 0.0492623 -0.130467 0.0102908
v7069 0.0519502 -0.119908 0.00513789
v7070 0.0491322 -0.130467 0.0103253
v7071 0.0488792 -0.130463 0.010419
v7072 0.0485016 -0.130456 0.0105659
v7073 0.0483753 -0.130454 0.0106138
v7074 0.0454444 -0.130418 0.0116404
v7075 0.0453149 -0.130418 0.0116787
v7076 0.0450561 -0.130416 0.0117557
v7077 0.0448012 -0.130413 0.0118465
v7078 0.0445435 -0.130411 0.0119278
v7079 0.0506995 -0.119878 0.00561807
v7080 0.0442839 -0.13041 0.0120024
v7081 0.0504486 -0.119872 0.00571268
v7082 0.0440217 -0.130411 0.0120681
v7083 0.0501942 -0.119869 0.00579592
v7084 0.0435001 -0.13041 0.0122095
v7085 0.049946 -0.119861 0.00589948
v7086 0.0498221 -0.119858 0.00595211
v7087 0.0496976 -0.119854 0.00600308
v7088 0.0759447 -0.127417 0.00292863
v7089 0.0494451 -0.119849 0.00609332
v7090 0.0574223 -0.108995 0.00214968
v7091 0.0491946 -0.119843 0.00619038
v7092 0.0490714 -0.119839 0.00624601
v7093 0.0572986 -0.10899 0.00220141
v7094 0.0488147 -0.119836 0.00632289
v7095 0.0792117 -0.127302 0.00285614
v7096 0.0485605 -0.119832 0.00640851
v7097 0.0795036 -0.127289 0.00286677
v7098 0.0483079 -0.119827 0.0064996
v7099 0.0797923 -0.127278 0.00286934
v7100 0.0475702 -0.119799 0.00684218
v7101 0.0553686 -0.108969 0.00276508
v7102 0.0551203 -0.10896 0.00286799
v7103 0.0471882 -0.119793 0.00697032
v7104 0.054865 -0.108955 0.00295016
v7105 0.0468148 -0.119782 0.00712827
v7106 0.0466907 -0.119778 0.00718227
v7107 0.0459434 -0.119754 0.00749923
v7108 0.0547421 -0.10895 0.00300561
v7109 0.0456883 -0.11975 0.00758501
v7110 0.0544939 -0.10894 0.00310971
v7111 0.0800787 -0.127267 0.0028664
v7112 0.0803677 -0.127256 0.0028692
v7113 0.0521146 -0.108861 0.00404771
v7114 0.0507514 -0.108802 0.0046486
v7115 0.0505037 -0.10879 0.0047597
v7116 0.0502507 -0.108783 0.00485386
v7117 0.0501248 -0.108779 0.00490331
v7118 0.0758113 -0.119775 0.000696392
v7119 0.0756772 -0.119777 0.00071798
v7120 0.050004 -0.108771 0.00496906
v7121 0.0754144 -0.119779 0.000774438
v7122 0.0496317 -0.108754 0.00513486
v7123 0.0653371 -0.120091 0.00153188
v7124 0.0495096 -0.108747 0.00519694
v7125 0.0650789 -0.120091 0.00159702
v7126 0.0637461 -0.120112 0.00180984
v7127 0.0493856 -0.108742 0.00525277
v7128 0.0634874 -0.120113 0.00187389
v7129 0.0619072 -0.120128 0.00218031
v7130 0.0617816 -0.120126 0.00222298
v7131 0.0491374 -0.10873 0.00536427
v7132 0.0615193 -0.120128 0.00227686
v7133 0.0609882 -0.120136 0.00236672
v7134 0.0490152 -0.108723 0.00542661
v7135 0.0607317 -0.120135 0.00243706
v7136 0.0488888 -0.108719 0.00547502
v7137 0.0604671 -0.120138 0.00248464
v7138 0.0486381 -0.10871 0.0055791
v7139 0.0592857 -0.120148 0.00272462
v7140 0.048391 -0.108698 0.00569524
v7141 0.0482657 -0.108693 0.0057479
v7142 0.0588938 -0.12015 0.00280997
v7143 0.0480192 -0.10868 0.00586676
v7144 0.0562012 -0.120136 0.00356088
v7145 0.047275 -0.108644 0.00621066
v7146 0.0559429 -0.120136 0.00362736
v7147 0.0450366 -0.108536 0.00724535
v7148 0.0449117 -0.10853 0.00730212
v7149 0.0555682 -0.120128 0.00376582
v7150 0.0554443 -0.120124 0.00381518
v7151 0.0553213 -0.120121 0.00386716
v7152 0.0447871 -0.108524 0.00735994
v7153 0.0550718 -0.120115 0.00396111
v7154 0.0445388 -0.108511 0.00747896
v7155 0.0548212 -0.12011 0.0040518
v7156 0.0546952 -0.120108 0.00409513
v7157 0.054577 -0.120101 0.00416224
v7158 0.0735907 -0.130171 0.0041201
v7159 0.0543234 -0.120098 0.00424435
v7160 0.0738699 -0.130163 0.0041046
v7161 0.074562 -0.130145 0.00404994
v7162 0.0539419 -0.120093 0.00436414
v7163 0.0747017 -0.130141 0.00404193
v7164 0.0536872 -0.120091 0.00444323
v7165 0.0749809 -0.130134 0.00402547
v7166 0.0534414 -0.120082 0.00455016
v7167 0.0828782 -0.127673 0.00306817
v7168 0.0531901 -0.120078 0.00464012
v7169 0.0825817 -0.127687 0.00305092
v7170 0.0529407 -0.120072 0.00473644
v7171 0.0824341 -0.127694 0.00304338
v7172 0.052694 -0.120064 0.00484142
v7173 0.0525761 -0.120057 0.00491117
v7174 0.0821386 -0.127708 0.00302776
v7175 0.0523288 -0.120049 0.00501486
v7176 0.0812657 -0.127743 0.00301027
v7177 0.0520825 -0.120041 0.00512199
v7178 0.0519591 -0.120037 0.00517483
v7179 0.0518345 -0.120034 0.00522395
v7180 0.077839 -0.127866 0.00306609
v7181 0.0515924 -0.120023 0.00534519
v7182 0.0775526 -0.127876 0.00306707
v7183 0.0772657 -0.127887 0.00306631
v7184 0.0769808 -0.127898 0.00307043
v7185 0.0767 -0.127906 0.00308398
v7186 0.0764154 -0.127917 0.00308811
v7187 0.0761351 -0.127925 0.00310244
v7188 0.0783182 -0.130046 0.00378115
v7189 0.0505834 -0.120004 0.00570379
v7190 0.0784587 -0.130042 0.0037739
v7191 0.0719034 -0.108372 -0.00102762
v7192 0.0720442 -0.108365 -0.00103308
v7193 0.0721869 -0.108358 -0.00103397
v7194 0.0724716 -0.108344 -0.00103786
v7195 0.0727546 -0.10833 -0.00104595
v7196 0.0730362 -0.108318 -0.00105799
v7197 0.0733141 -0.108308 -0.00107922
v7198 0.0766296 -0.108801 -0.00097592
v7199 0.0742885 -0.108947 -0.00107747
v7200 0.0741405 -0.108957 -0.00108876
v7201 0.0739914 -0.108968 -0.00110259
v7202 0.0737013 -0.108985 -0.00111136
v7203 0.0734148 -0.109 -0.00111122
v7204 0.0806539 -0.127245 0.00286516
v7205 0.073144 -0.109006 -0.00107296
v7206 0.0728677 -0.109016 -0.00104829
v7207 0.0725878 -0.109027 -0.00103284
v7208 0.0723081 -0.109038 -0.00101711
v7209 0.0475768 -0.11993 0.00687147
v7210 0.0721677 -0.109044 -0.00101057
v7211 0.0718895 -0.109055 -0.000991429
v7212 0.0809371 -0.127236 0.00285377
v7213 0.081222 -0.127226 0.00284619
v7214 0.0458221 -0.119884 0.00757013
v7215 0.0813675 -0.12722 0.00284957
v7216 0.0455636 -0.119882 0.0076441
v7217 0.0816586 -0.127208 0.00285596
v7218 0.0453073 -0.119879 0.00772607
v7219 0.0734525 -0.108303 -0.00109131
v7220 0.0450563 -0.119872 0.00782643
v7221 0.0449276 -0.119871 0.0078657
v7222 0.0447997 -0.119869 0.00790789
v7223 0.0736004 -0.108293 -0.00108009
v7224 0.0737413 -0.108287 -0.00108597
v7225 0.0738811 -0.108281 -0.0010949
v7226 0.0432437 -0.130407 0.0122964
v7227 0.0428607 -0.130402 0.0124329
v7228 0.0752856 -0.119912 0.000823588
v7229 0.042731 -0.130401 0.0124712
v7230 0.0635013 -0.120239 0.00192405
v7231 0.0426009 -0.130401 0.012508
v7232 0.0423436 -0.130399 0.0125922
v7233 0.0420815 -0.130399 0.0126593
v7234 0.0418215 -0.130398 0.012734
v7235 0.0608695 -0.120264 0.00244036
v7236 0.0415579 -0.130399 0.0127953
v7237 0.0412993 -0.130397 0.0128757
v7238 0.0410381 -0.130397 0.0129464
v7239 0.0409082 -0.130396 0.0129842
v7240 0.0407808 -0.130394 0.0130318
v7241 0.0405251 -0.130391 0.0131237
v7242 0.0402702 -0.130387 0.0132185
v7243 0.0401403 -0.130386 0.0132569
v7244 0.0398801 -0.130385 0.0133324
v7245 0.0396214 -0.130384 0.0134135
v7246 0.0393622 -0.130382 0.0134928
v7247 0.0392325 -0.130381 0.0135323
v7248 0.0391045 -0.130379 0.0135785
v7249 0.0388498 -0.130375 0.0136757
v7250 0.0385936 -0.130372 0.0137675
v7251 0.0384652 -0.13037 0.0138124
v7252 0.0383375 -0.130368 0.01386
v7253 0.038084 -0.130363 0.0139632
v7254 0.0378288 -0.130359 0.0140596
v7255 0.0542126 -0.120221 0.00434384
v7256 0.0374473 -0.130352 0.0142108
v7257 0.0371927 -0.130347 0.0143105
v7258 0.0533289 -0.120206 0.00464536
v7259 0.0370632 -0.130346 0.0143519
v7260 0.0369334 -0.130345 0.0143921
v7261 0.0366755 -0.130343 0.0144795
v7262 0.0364159 -0.130341 0.0145603
v7263 0.0362864 -0.13034 0.0146022
v7264 0.0361598 -0.130337 0.0146556
v7265 0.0359012 -0.130334 0.0147409
v7266 0.0356463 -0.13033 0.0148416
v7267 0.0355183 -0.130328 0.0148899
v7268 0.0353904 -0.130325 0.0149385
v7269 0.035137 -0.13032 0.015046
v7270 0.0348799 -0.130316 0.015139
v7271 0.0347516 -0.130314 0.0151864
v7272 0.034493 -0.130312 0.0152732
v7273 0.0514744 -0.12015 0.00542443
v7274 0.0513488 -0.120148 0.00547053
v7275 0.0342323 -0.13031 0.015352
v7276 0.033976 -0.130306 0.0154491
v7277 0.0509683 -0.120142 0.00559815
v7278 0.0807944 -0.130346 0.00390147
v7279 0.0507151 -0.120138 0.00568493
v7280 0.080506 -0.130356 0.00390069
v7281 0.0504643 -0.120132 0.00577977
v7282 0.0802152 -0.130368 0.00389406
v7283 0.0502075 -0.12013 0.00585511
v7284 0.0799293 -0.130377 0.00389845
v7285 0.0499543 -0.120126 0.00594272
v7286 0.0498286 -0.120123 0.00598925
v7287 0.0497045 -0.120119 0.00604144
v7288 0.0796429 -0.130387 0.00390151
v7289 0.0494567 -0.120112 0.00614688
v7290 0.0793598 -0.130396 0.00391217
v7291 0.0492069 -0.120105 0.00624619
v7292 0.0490816 -0.120102 0.00629475
v7293 0.0790718 -0.130407 0.00391105
v7294 0.048824 -0.1201 0.00636903
v7295 0.0789305 -0.130411 0.00391659
v7296 0.048573 -0.120094 0.00646507
v7297 0.0484471 -0.120092 0.00651196
v7298 0.0483224 -0.120088 0.0065627
v7299 0.0766945 -0.130472 0.00405997
v7300 0.0475841 -0.12006 0.00690314
v7301 0.0474581 -0.120058 0.00695024
v7302 0.0764156 -0.130479 0.00407836
v7303 0.0460844 -0.120018 0.00751579
v7304 0.0761365 -0.130487 0.00409626
v7305 0.0534647 -0.109064 0.0034262
v7306 0.0532128 -0.109056 0.00351996
v7307 0.052966 -0.109045 0.00362976
v7308 0.0525936 -0.10903 0.00378862
v7309 0.0523472 -0.109019 0.00390057
v7310 0.0521009 -0.109007 0.00401332
v7311 0.0519797 -0.109 0.00407605
v7312 0.0518553 -0.108995 0.00412878
v7313 0.0516073 -0.108985 0.00423698
v7314 0.051361 -0.108973 0.00435089
v7315 0.075823 -0.120037 0.000754296
v7316 0.0509873 -0.108958 0.00450899
v7317 0.0755611 -0.120038 0.00081269
v7318 0.0507371 -0.108949 0.00461115
v7319 0.0752946 -0.120041 0.000860205
v7320 0.0618053 -0.12038 0.0023126
v7321 0.0483791 -0.108844 0.00566342
v7322 0.0615449 -0.120381 0.00237192
v7323 0.0610135 -0.120389 0.00246085
v7324 0.0477607 -0.108813 0.00595345
v7325 0.0607535 -0.12039 0.00252162
v7326 0.0475185 -0.108797 0.00608744
v7327 0.0604913 -0.120392 0.00257582
v7328 0.057521 -0.120389 0.00333357
v7329 0.0472659 -0.108789 0.006187
v7330 0.0555941 -0.120381 0.00386365
v7331 0.04714 -0.108784 0.00623837
v7332 0.0553448 -0.120375 0.00395814
v7333 0.0470149 -0.108779 0.00629243
v7334 0.0550936 -0.12037 0.0040468
v7335 0.0549693 -0.120367 0.00409517
v7336 0.0545991 -0.120356 0.00424883
v7337 0.0466431 -0.10876 0.00646694
v7338 0.0543455 -0.120353 0.00433092
v7339 0.0465191 -0.108754 0.00652506
v7340 0.0463935 -0.108749 0.00657806
v7341 0.0461404 -0.108741 0.00667765
v7342 0.0458923 -0.108729 0.0067947
v7343 0.0456445 -0.108716 0.00691315
v7344 0.0453992 -0.108701 0.00704068
v7345 0.0508509 -0.120269 0.0056795
v7346 0.045029 -0.10868 0.00722527
v7347 0.044778 -0.10867 0.0073343
v7348 0.0442804 -0.108645 0.00756888
v7349 0.0747503 -0.108231 -0.00107499
v7350 0.0454344 -0.107845 0.00712407
v7351 0.0456861 -0.107855 0.0070176
v7352 0.0486743 -0.107995 0.00566024
v7353 0.0490511 -0.108009 0.00550533
v7354 0.0493011 -0.10802 0.00539869
v7355 0.0495514 -0.10803 0.00529323
v7356 0.049801 -0.10804 0.00518585
v7357 0.0499259 -0.108045 0.0051326
v7358 0.0500505 -0.10805 0.0050788
v7359 0.0502989 -0.108062 0.00496811
v7360 0.0505483 -0.108072 0.00486137
v7361 0.050672 -0.108078 0.00480478
v7362 0.0509206 -0.108088 0.00469593
v7363 0.051172 -0.108097 0.00459653
v7364 0.0512957 -0.108103 0.00454033
v7365 0.0514186 -0.108109 0.00448179
v7366 0.0516643 -0.108122 0.00436476
v7367 0.0480825 -0.12021 0.00670374
v7368 0.0517885 -0.108127 0.00431073
v7369 0.0535273 -0.1082 0.00356327
v7370 0.076624 -0.10894 -0.000974021
v7371 0.0460934 -0.120148 0.00755333
v7372 0.0459629 -0.120148 0.00758575
v7373 0.0458331 -0.120147 0.00762086
v7374 0.076476 -0.10895 -0.000983765
v7375 0.0455745 -0.120146 0.00769455
v7376 0.076183 -0.108968 -0.000996273
v7377 0.0453193 -0.120142 0.0077803
v7378 0.0450679 -0.120135 0.00787939
v7379 0.0758887 -0.108987 -0.00101234
v7380 0.0448126 -0.120132 0.00796483
v7381 0.0755865 -0.10901 -0.00104793
v7382 0.0756993 -0.120167 0.000815819
v7383 0.0752959 -0.109027 -0.00105598
v7384 0.0750072 -0.109043 -0.00105949
v7385 0.0748624 -0.109052 -0.00106267
v7386 0.0745746 -0.109067 -0.00106457
v7387 0.0696941 -0.130628 0.0047574
v7388 0.0694143 -0.130637 0.00476867
v7389 0.0691346 -0.130645 0.00478035
v7390 0.0688541 -0.130654 0.00478962
v7391 0.0685733 -0.130663 0.00479765
v7392 0.0682999 -0.130669 0.00482495
v7393 0.0759329 -0.127289 0.00288531
v7394 0.076076 -0.127283 0.0028854
v7395 0.0763601 -0.127273 0.00288037
v7396 0.0572778 -0.120514 0.00345481
v7397 0.0765035 -0.127267 0.00288113
v7398 0.0570191 -0.120514 0.00351994
v7399 0.0767924 -0.127255 0.00288725
v7400 0.0770781 -0.127244 0.00288542
v7401 0.07737 -0.127231 0.00289815
v7402 0.0776574 -0.12722 0.0028997
v7403 0.0552361 -0.120497 0.00406317
v7404 0.0514956 -0.120407 0.00550881
v7405 0.0785009 -0.127194 0.00285839
v7406 0.0512409 -0.120404 0.00559033
v7407 0.0792015 -0.127173 0.00281672
v7408 0.0509877 -0.120399 0.0056769
v7409 0.0823823 -0.127046 0.00284539
v7410 0.0507346 -0.120395 0.00576415
v7411 0.0825293 -0.127039 0.00285149
v7412 0.0504818 -0.120391 0.0058525
v7413 0.0511833 -0.130617 0.00968313
v7414 0.050226 -0.120388 0.00593135
v7415 0.050098 -0.120387 0.00597063
v7416 0.0499714 -0.120385 0.00601414
v7417 0.0510588 -0.130614 0.0097353
v7418 0.0497183 -0.12038 0.00610211
v7419 0.0508111 -0.130608 0.00984455
v7420 0.049408 -0.130594 0.0103156
v7421 0.0493452 -0.12037 0.00625607
v7422 0.0491505 -0.130592 0.0103939
v7423 0.0490982 -0.120361 0.00636492
v7424 0.0488983 -0.130588 0.0104902
v7425 0.048844 -0.120358 0.00645012
v7426 0.0487167 -0.120356 0.00649223
v7427 0.0485944 -0.120351 0.00655081
v7428 0.0486443 -0.130585 0.0105807
v7429 0.0483403 -0.120347 0.00663688
v7430 0.0482645 -0.130579 0.0107209
v7431 0.048089 -0.120341 0.00673265
v7432 0.0475969 -0.120323 0.00696013
v7433 0.0474728 -0.120319 0.00701386
v7434 0.0448173 -0.130539 0.0119091
v7435 0.0439077 -0.130537 0.0121675
v7436 0.0437774 -0.130536 0.0122032
v7437 0.0430038 -0.130531 0.0124485
v7438 0.0420983 -0.130525 0.0127257
v7439 0.0758388 -0.120296 0.000822104
v7440 0.0411873 -0.130522 0.0129847
v7441 0.0755757 -0.120298 0.000877509
v7442 0.0402882 -0.130512 0.0132907
v7443 0.0753095 -0.120302 0.000925603
v7444 0.039512 -0.130507 0.0135339
v7445 0.0750458 -0.120304 0.000979622
v7446 0.038743 -0.130497 0.0138072
v7447 0.0747816 -0.120306 0.00103253
v7448 0.0379738 -0.130487 0.0140823
v7449 0.0627595 -0.120621 0.00224692
v7450 0.0626268 -0.120623 0.00226969
v7451 0.0504832 -0.109079 0.00471041
v7452 0.0616998 -0.120635 0.00243451
v7453 0.0603908 -0.120643 0.00271268
v7454 0.0602571 -0.120646 0.00273247
v7455 0.0502321 -0.109071 0.00481037
v7456 0.0600027 -0.120643 0.00280929
v7457 0.0575463 -0.120642 0.00342903
v7458 0.0499821 -0.109061 0.00491444
v7459 0.0572885 -0.120642 0.00349682
v7460 0.0571595 -0.120642 0.00353031
v7461 0.0570307 -0.120641 0.00356468
v7462 0.0497361 -0.109049 0.00503154
v7463 0.0494907 -0.109036 0.00515117
v7464 0.0493682 -0.109029 0.00521185
v7465 0.0511253 -0.120529 0.00567733
v7466 0.0491222 -0.109016 0.0053302
v7467 0.0488726 -0.109006 0.00543725
v7468 0.04862 -0.108998 0.00553438
v7469 0.0483751 -0.108984 0.00565764
v7470 0.0482511 -0.108978 0.00571444
v7471 0.0479998 -0.108969 0.00581706
v7472 0.0477554 -0.108955 0.00594291
v7473 0.047633 -0.108948 0.00600537
v7474 0.0445255 -0.108798 0.00744427
v7475 0.0442786 -0.108784 0.0075685
v7476 0.0558077 -0.108255 0.0027604
v7477 0.0560562 -0.108265 0.00265787
v7478 0.049479 -0.120502 0.00624351
v7479 0.0563136 -0.108268 0.00258207
v7480 0.078742 -0.130033 0.00376454
v7481 0.0790279 -0.130023 0.00376112
v7482 0.0793148 -0.130013 0.00375996
v7483 0.0795962 -0.130005 0.00374542
v7484 0.0798815 -0.129995 0.00373981
v7485 0.0800243 -0.12999 0.00373733
v7486 0.0803146 -0.129979 0.00374327
v7487 0.0806009 -0.129969 0.00373948
v7488 0.033798 -0.129926 0.0152875
v7489 0.0480963 -0.120471 0.00676425
v7490 0.0341851 -0.129931 0.0151532
v7491 0.0343141 -0.129932 0.0151084
v7492 0.0344436 -0.129933 0.015066
v7493 0.0347011 -0.129937 0.014975
v7494 0.0349565 -0.129941 0.0148754
v7495 0.0350845 -0.129943 0.0148272
v7496 0.0352106 -0.129947 0.0147709
v7497 0.0354671 -0.12995 0.0146768
v7498 0.0746603 -0.120436 0.00110004
v7499 0.0357239 -0.129954 0.0145842
v7500 0.0359821 -0.129957 0.0144972
v7501 0.0362395 -0.12996 0.0144079
v7502 0.0364969 -0.129963 0.0143183
v7503 0.0368821 -0.129968 0.0141813
v7504 0.0371408 -0.12997 0.0140979
v7505 0.0372663 -0.129974 0.0140408
v7506 0.0513907 -0.120661 0.00563815
v7507 0.0512629 -0.120659 0.00567777
v7508 0.0373936 -0.129976 0.0139912
v7509 0.0510102 -0.120655 0.00576586
v7510 0.03765 -0.12998 0.0138992
v7511 0.0507563 -0.120651 0.00585049
v7512 0.0379026 -0.129985 0.0137922
v7513 0.0505019 -0.120648 0.0059338
v7514 0.0503747 -0.120646 0.00597536
v7515 0.0502484 -0.120644 0.00602018
v7516 0.0380296 -0.129988 0.0137419
v7517 0.0499939 -0.12064 0.00610331
v7518 0.0381568 -0.12999 0.0136923
v7519 0.0491139 -0.120621 0.00643195
v7520 0.038411 -0.129995 0.0135928
v7521 0.0488632 -0.120615 0.00652873
v7522 0.0386693 -0.129997 0.0135095
v7523 0.0486144 -0.120608 0.00663234
v7524 0.0778189 -0.10899 -0.000858595
v7525 0.0483558 -0.120607 0.00670329
v7526 0.0775198 -0.109012 -0.000884014
v7527 0.0390497 -0.130004 0.0133577
v7528 0.0769147 -0.109058 -0.000952321
v7529 0.0744192 -0.109217 -0.00107909
v7530 0.0742708 -0.109227 -0.0010912
v7531 0.0739848 -0.109242 -0.0010895
v7532 0.0749275 -0.120566 0.00106909
v7533 0.0747966 -0.120566 0.00109837
v7534 0.0736961 -0.109258 -0.00109479
v7535 0.0514042 -0.120787 0.00568988
v7536 0.0734052 -0.109276 -0.001106
v7537 0.0729964 -0.109286 -0.00105511
v7538 0.0728569 -0.109292 -0.0010462
v7539 0.0727151 -0.109299 -0.00104311
v7540 0.0724347 -0.10931 -0.00102918
v7541 0.0721555 -0.109321 -0.00101255
v7542 0.0718756 -0.109333 -0.000997698
v7543 0.0791955 -0.127042 0.00278749
v7544 0.0793347 -0.127038 0.00277682
v7545 0.0794845 -0.12703 0.00279118
v7546 0.0755977 -0.120689 0.000975121
v7547 0.0797722 -0.127019 0.0027915
v7548 0.0753354 -0.12069 0.00103263
v7549 0.0800548 -0.12701 0.00277958
v7550 0.0750746 -0.120691 0.00109369
v7551 0.0803483 -0.126996 0.00279279
v7552 0.0806352 -0.126986 0.00279038
v7553 0.080918 -0.126977 0.00277816
v7554 0.0515436 -0.120916 0.00569603
v7555 0.0812018 -0.126967 0.00276818
v7556 0.0512873 -0.120914 0.00577249
v7557 0.0814929 -0.126955 0.00277477
v7558 0.051034 -0.12091 0.00585901
v7559 0.0816385 -0.126949 0.00277796
v7560 0.050777 -0.120908 0.00593382
v7561 0.0506479 -0.120907 0.00596922
v7562 0.0505217 -0.120905 0.00601412
v7563 0.0819297 -0.126936 0.00278442
v7564 0.0502699 -0.1209 0.00610593
v7565 0.0393038 -0.130009 0.0132585
v7566 0.0394317 -0.130011 0.0132127
v7567 0.0395608 -0.130012 0.0131714
v7568 0.0591547 -0.121147 0.00324499
v7569 0.037337 -0.130475 0.0143301
v7570 0.0588976 -0.121146 0.00331483
v7571 0.0342499 -0.130436 0.015426
v7572 0.0538054 -0.121095 0.00488304
v7573 0.0536807 -0.121092 0.00493109
v7574 0.039819 -0.130014 0.0130886
v7575 0.0534273 -0.121088 0.00501497
v7576 0.0400818 -0.130013 0.013024
v7577 0.0531757 -0.121084 0.00510478
v7578 0.0779623 -0.130567 0.00401999
v7579 0.0778241 -0.13057 0.00403251
v7580 0.0775505 -0.130576 0.00406461
v7581 0.0772712 -0.130583 0.00408271
v7582 0.075357 -0.120947 0.00111446
v7583 0.0769958 -0.130589 0.00411022
v7584 0.076715 -0.130597 0.00412432
v7585 0.0764339 -0.130606 0.00413748
v7586 0.0607337 -0.121399 0.00295504
v7587 0.0606031 -0.1214 0.00298372
v7588 0.0604749 -0.121399 0.00301955
v7589 0.0761538 -0.130614 0.00415292
v7590 0.0589213 -0.1214 0.00340516
v7591 0.0758754 -0.130621 0.00417246
v7592 0.0643144 -0.121486 0.00233983
v7593 0.0633843 -0.121499 0.0024983
v7594 0.0755987 -0.130628 0.00419579
v7595 0.0620654 -0.121513 0.00275064
v7596 0.0753245 -0.130634 0.00422507
v7597 0.061802 -0.121515 0.00280235
v7598 0.0750442 -0.130642 0.00423922
v7599 0.07476 -0.130651 0.00424343
v7600 0.0684546 -0.130792 0.00487173
v7601 0.0683184 -0.130795 0.00488696
v7602 0.0602309 -0.121525 0.00313731
v7603 0.0680463 -0.1308 0.00491774
v7604 0.0599769 -0.121523 0.00321566
v7605 0.0598497 -0.121522 0.00325462
v7606 0.0757891 -0.121328 0.00116582
v7607 0.0748533 -0.121341 0.00132425
v7608 0.0759107 -0.127031 0.00280203
v7609 0.064985 -0.121607 0.00225559
v7610 0.064588 -0.121612 0.00232815
v7611 0.0760554 -0.127025 0.00280593
v7612 0.076338 -0.127015 0.00279749
v7613 0.0766282 -0.127003 0.002807
v7614 0.0767727 -0.126997 0.00281015
v7615 0.0770635 -0.126984 0.00282046
v7616 0.0773504 -0.126973 0.00282129
v7617 0.060496 -0.121655 0.00310214
v7618 0.0776349 -0.126962 0.0028159
v7619 0.0602388 -0.121655 0.00317126
v7620 0.0783369 -0.126941 0.00277943
v7621 0.0599834 -0.121653 0.00324552
v7622 0.0784792 -0.126936 0.00277649
v7623 0.0597289 -0.121651 0.00332248
v7624 0.0758019 -0.121456 0.00121173
v7625 0.0649992 -0.121733 0.00230632
v7626 0.064469 -0.12174 0.0024007
v7627 0.0504776 -0.10922 0.00470072
v7628 0.064206 -0.121742 0.00245357
v7629 0.0618244 -0.12177 0.00288835
v7630 0.0502265 -0.109212 0.00480057
v7631 0.0475082 -0.10908 0.00606747
v7632 0.0472573 -0.10907 0.00617245
v7633 0.0471325 -0.109065 0.00622715
v7634 0.0470082 -0.109059 0.00628396
v7635 0.0467579 -0.109049 0.00639153
v7636 0.046511 -0.109036 0.00651138
v7637 0.0463858 -0.109031 0.00656524
v7638 0.0461356 -0.10902 0.00667447
v7639 0.0647461 -0.121864 0.00239845
v7640 0.0458873 -0.109008 0.00679043
v7641 0.0644812 -0.121867 0.0024461
v7642 0.0456412 -0.108994 0.0069146
v7643 0.0453953 -0.10898 0.00704004
v7644 0.0450241 -0.10896 0.00722075
v7645 0.0447751 -0.108948 0.00733638
v7646 0.0758214 -0.121714 0.00128837
v7647 0.0650216 -0.121989 0.00239178
v7648 0.0403438 -0.130013 0.0129561
v7649 0.0647587 -0.121991 0.00244502
v7650 0.0644923 -0.121995 0.00248861
v7651 0.0406023 -0.130015 0.0128752
v7652 0.0642285 -0.121998 0.00253951
v7653 0.0408605 -0.130017 0.0127933
v7654 0.0639691 -0.121998 0.00260232
v7655 0.0618538 -0.122022 0.00299395
v7656 0.0411204 -0.130018 0.0127179
v7657 0.0412505 -0.130019 0.0126812
v7658 0.0413784 -0.13002 0.012636
v7659 0.0416405 -0.13002 0.0125691
v7660 0.0637187 -0.122127 0.00270178
v7661 0.0635865 -0.122129 0.0027263
v7662 0.0634554 -0.12213 0.00275387
v7663 0.0621262 -0.122148 0.00297885
v7664 0.042029 -0.130022 0.012452
v7665 0.0421597 -0.130022 0.0124174
v7666 0.0422902 -0.130022 0.0123822
v7667 0.061209 -0.122155 0.00317298
v7668 0.0610774 -0.122156 0.00319904
v7669 0.0430643 -0.130028 0.0121389
v7670 0.0608169 -0.122157 0.00325911
v7671 0.0439711 -0.130033 0.0118706
v7672 0.0639895 -0.122255 0.00268236
v7673 0.0638602 -0.122255 0.00271475
v7674 0.0637314 -0.122254 0.00274873
v7675 0.0456469 -0.130045 0.0113483
v7676 0.0620115 -0.122274 0.00306412
v7677 0.0618804 -0.122275 0.00309172
v7678 0.0741728 -0.108128 -0.00109773
v7679 0.0616214 -0.122275 0.00315561
v7680 0.0744642 -0.10811 -0.00108708
v7681 0.0612237 -0.12228 0.00322596
v7682 0.0610918 -0.122282 0.00325117
v7683 0.0746092 -0.108102 -0.00108369
v7684 0.0748998 -0.108084 -0.00107557
v7685 0.0606932 -0.122287 0.00331901
v7686 0.0751888 -0.108068 -0.00107149
v7687 0.060433 -0.122288 0.00337979
v7688 0.0754853 -0.108047 -0.00104978
v7689 0.0766151 -0.109215 -0.000965078
v7690 0.0764668 -0.109225 -0.000975687
v7691 0.0761788 -0.10924 -0.000976458
v7692 0.0758845 -0.109259 -0.000992582
v7693 0.0755831 -0.109282 -0.00102626
v7694 0.0612316 -0.12241 0.00325981
v7695 0.075288 -0.109302 -0.00104521
v7696 0.0750026 -0.109316 -0.00104116
v7697 0.0620298 -0.122532 0.00313841
v7698 0.0618996 -0.122532 0.00316875
v7699 0.0748525 -0.109327 -0.00105709
v7700 0.0745549 -0.109349 -0.00108297
v7701 0.0615082 -0.122534 0.00325672
v7702 0.0739841 -0.109377 -0.00107667
v7703 0.0604563 -0.122543 0.00346849
v7704 0.0736962 -0.109393 -0.00108016
v7705 0.0602075 -0.122538 0.00356204
v7706 0.0825097 -0.12678 0.00277464
v7707 0.0731551 -0.122549 0.00184318
v7708 0.0732986 -0.122676 0.00185933
v7709 0.0538509 -0.13078 0.00877963
v7710 0.0615482 -0.122914 0.00340389
v7711 0.0537251 -0.130778 0.0088265
v7712 0.0733013 -0.122809 0.00188037
v7713 0.0731695 -0.12281 0.00190722
v7714 0.0534793 -0.130772 0.00893816
v7715 0.0615585 -0.123042 0.00344449
v7716 0.0527254 -0.13076 0.00922393
v7717 0.0613001 -0.123042 0.00351048
v7718 0.0611726 -0.123041 0.00354836
v7719 0.0733039 -0.122941 0.00190104
v7720 0.0525999 -0.130758 0.00927233
v7721 0.0512024 -0.130742 0.00975337
v7722 0.0489181 -0.130713 0.0105637
v7723 0.0614399 -0.12317 0.00351878
v7724 0.0481544 -0.130703 0.0108307
v7725 0.0480296 -0.130701 0.0108837
v7726 0.0610515 -0.12317 0.00361581
v7727 0.0477738 -0.130698 0.0109693
v7728 0.060792 -0.123171 0.00367878
v7729 0.0462444 -0.130679 0.0115051
v7730 0.0605405 -0.123167 0.00376485
v7731 0.0604103 -0.123167 0.00379505
v7732 0.0733074 -0.123073 0.00192401
v7733 0.0731792 -0.123072 0.00195983
v7734 0.0461169 -0.130678 0.0115498
v7735 0.0729191 -0.123073 0.00202238
v7736 0.0666211 -0.123235 0.00263495
v7737 0.0664882 -0.123237 0.00265796
v7738 0.0614516 -0.123297 0.00356328
v7739 0.0613237 -0.123297 0.0035999
v7740 0.0458632 -0.130674 0.0116445
v7741 0.0456064 -0.130672 0.0117284
v7742 0.0453528 -0.130668 0.0118236
v7743 0.045094 -0.130666 0.0119008
v7744 0.0448341 -0.130666 0.0119746
v7745 0.0666294 -0.123364 0.00266967
v7746 0.0664976 -0.123365 0.00269572
v7747 0.066366 -0.123367 0.00272214
v7748 0.0445764 -0.130664 0.012056
v7749 0.0733283 -0.12333 0.00200432
v7750 0.0731973 -0.123331 0.00203329
v7751 0.0443167 -0.130663 0.0121306
v7752 0.0729359 -0.123332 0.00209259
v7753 0.0440535 -0.130664 0.0121929
v7754 0.0666415 -0.123492 0.00271462
v7755 0.0436644 -0.130662 0.0123068
v7756 0.0434068 -0.13066 0.0123894
v7757 0.0431496 -0.130658 0.0124738
v7758 0.0661303 -0.123489 0.00286169
v7759 0.0428936 -0.130655 0.0125627
v7760 0.0426329 -0.130654 0.0126346
v7761 0.042376 -0.130651 0.0127207
v7762 0.0421155 -0.130651 0.0127937
v7763 0.0726771 -0.123465 0.00217277
v7764 0.0665233 -0.12362 0.00278958
v7765 0.0593654 -0.12364 0.00447977
v7766 0.0729482 -0.123593 0.00215156
v7767 0.0728165 -0.123594 0.00217883
v7768 0.0726855 -0.123595 0.00220774
v7769 0.0418562 -0.130649 0.0128714
v7770 0.0415938 -0.13065 0.0129374
v7771 0.0413372 -0.130647 0.0130256
v7772 0.0664058 -0.123747 0.00286653
v7773 0.0410761 -0.130646 0.0130969
v7774 0.0408166 -0.130645 0.0131745
v7775 0.0405615 -0.130641 0.0132685
v7776 0.07243 -0.123727 0.0022961
v7777 0.0404337 -0.13064 0.0133151
v7778 0.072168 -0.123728 0.00235404
v7779 0.0666797 -0.123873 0.00285462
v7780 0.0401769 -0.130637 0.0134033
v7781 0.066426 -0.123871 0.0029333
v7782 0.0663027 -0.123868 0.00298215
v7783 0.0661781 -0.123866 0.00302758
v7784 0.0724394 -0.123856 0.00233372
v7785 0.0399176 -0.130635 0.0134822
v7786 0.0397898 -0.130633 0.0135291
v7787 0.0668196 -0.124002 0.00286281
v7788 0.0396614 -0.130632 0.0135734
v7789 0.0394059 -0.130628 0.0136676
v7790 0.0391475 -0.130626 0.0137505
v7791 0.0390197 -0.130624 0.0137977
v7792 0.0388927 -0.130622 0.0138478
v7793 0.0386353 -0.130619 0.0139355
v7794 0.065935 -0.123992 0.00314763
v7795 0.0743244 -0.123957 0.00206865
v7796 0.0383781 -0.130616 0.014024
v7797 0.0740578 -0.12396 0.00211522
v7798 0.072448 -0.123985 0.00236919
v7799 0.0382495 -0.130615 0.0140686
v7800 0.0721884 -0.123986 0.00243309
v7801 0.0720579 -0.123986 0.00246346
v7802 0.0666994 -0.12413 0.00293272
v7803 0.037993 -0.130611 0.0141604
v7804 0.0664428 -0.12413 0.00300337
v7805 0.0377392 -0.130606 0.0142632
v7806 0.0661954 -0.124124 0.00309912
v7807 0.0374822 -0.130603 0.0143536
v7808 0.0659463 -0.12412 0.00319046
v7809 0.0372255 -0.1306 0.0144455
v7810 0.0743325 -0.124087 0.00210287
v7811 0.0369682 -0.130597 0.014535
v7812 0.0740664 -0.12409 0.00215089
v7813 0.0739354 -0.12409 0.00217992
v7814 0.0750539 -0.126931 0.00278952
v7815 0.0724569 -0.124115 0.00240557
v7816 0.0723279 -0.124114 0.00243948
v7817 0.0751954 -0.126926 0.00278606
v7818 0.0720685 -0.124115 0.0025042
v7819 0.0665787 -0.12426 0.00300103
v7820 0.0787535 -0.126796 0.00273075
v7821 0.079317 -0.126778 0.00270438
v7822 0.0794589 -0.126773 0.00270007
v7823 0.0796001 -0.126769 0.00269406
v7824 0.0798899 -0.126757 0.00269934
v7825 0.0658285 -0.124247 0.0032669
v7826 0.0743392 -0.124217 0.0021337
v7827 0.0800316 -0.126752 0.0026942
v7828 0.0740729 -0.12422 0.00218125
v7829 0.0803234 -0.126739 0.00270368
v7830 0.0806119 -0.126728 0.00270498
v7831 0.0807549 -0.126723 0.00270276
v7832 0.0808978 -0.126717 0.00270015
v7833 0.0811835 -0.126707 0.00269438
v7834 0.0814708 -0.126696 0.0026922
v7835 0.081761 -0.126684 0.00269655
v7836 0.0663434 -0.124382 0.0031416
v7837 0.0662183 -0.12438 0.00318561
v7838 0.0820525 -0.126672 0.0027034
v7839 0.065967 -0.124376 0.0032712
v7840 0.0658392 -0.124376 0.00330811
v7841 0.0821996 -0.126665 0.00270978
v7842 0.074345 -0.124348 0.00216247
v7843 0.0742107 -0.12435 0.00218327
v7844 0.0460639 -0.107732 0.00685257
v7845 0.0739473 -0.124352 0.00223788
v7846 0.0463169 -0.107741 0.00675114
v7847 0.0736878 -0.124352 0.00230215
v7848 0.0407931 -0.126746 0.0119158
v7849 0.0732805 -0.124361 0.00235384
v7850 0.0731449 -0.124363 0.00237139
v7851 0.0723398 -0.124376 0.0024974
v7852 0.0409212 -0.126747 0.0118714
v7853 0.072083 -0.124375 0.00256845
v7854 0.0411782 -0.12675 0.0117855
v7855 0.071822 -0.124376 0.00262904
v7856 0.0367118 -0.130593 0.0146289
v7857 0.0364519 -0.130591 0.0147086
v7858 0.0361943 -0.130588 0.0147983
v7859 0.0359341 -0.130587 0.0148772
v7860 0.035677 -0.130583 0.0149693
v7861 0.0499749 -0.10934 0.0049073
v7862 0.0497262 -0.10933 0.0050156
v7863 0.0493563 -0.109312 0.00518897
v7864 0.0491115 -0.109298 0.00531084
v7865 0.0488631 -0.109287 0.00542135
v7866 0.0486106 -0.10928 0.00551865
v7867 0.0483648 -0.109266 0.00563869
v7868 0.0482411 -0.10926 0.00569627
v7869 0.0701973 -0.124541 0.0028554
v7870 0.048117 -0.109255 0.00575257
v7871 0.0477438 -0.109238 0.00591885
v7872 0.047621 -0.109232 0.00597979
v7873 0.0475048 -0.10922 0.00606329
v7874 0.0732912 -0.124622 0.0024088
v7875 0.0731559 -0.124625 0.00242707
v7876 0.0724768 -0.124639 0.00251159
v7877 0.0723494 -0.124638 0.0025494
v7878 0.0472535 -0.10921 0.00616668
v7879 0.072095 -0.124636 0.00262648
v7880 0.0445238 -0.109076 0.00745046
v7881 0.0718373 -0.124636 0.00269533
v7882 0.0702069 -0.12467 0.00289351
v7883 0.0740918 -0.124745 0.00228533
v7884 0.0739605 -0.124746 0.0023135
v7885 0.0442746 -0.109064 0.00756627
v7886 0.0441512 -0.109057 0.00762842
v7887 0.0731549 -0.124759 0.00243868
v7888 0.0465691 -0.10775 0.00664735
v7889 0.0728915 -0.124761 0.00249308
v7890 0.0468203 -0.10776 0.00654078
v7891 0.047072 -0.10777 0.00643602
v7892 0.047323 -0.10778 0.00632927
v7893 0.0475705 -0.107793 0.00621124
v7894 0.0718362 -0.12477 0.0027065
v7895 0.0476909 -0.107802 0.00614097
v7896 0.047938 -0.107815 0.00602256
v7897 0.048185 -0.107828 0.00590385
v7898 0.0484365 -0.107838 0.00580067
v7899 0.0486818 -0.107852 0.00567711
v7900 0.0732912 -0.124889 0.00243701
v7901 0.0731552 -0.124892 0.00245358
v7902 0.0488076 -0.107857 0.00562596
v7903 0.0728899 -0.124895 0.00250321
v7904 0.0723517 -0.124904 0.00258313
v7905 0.0493079 -0.107877 0.0054129
v7906 0.072095 -0.124903 0.00265431
v7907 0.0505554 -0.107929 0.00487579
v7908 0.0718368 -0.124903 0.00272176
v7909 0.0519221 -0.107989 0.00427779
v7910 0.0715709 -0.124906 0.00276971
v7911 0.0522885 -0.108009 0.00409654
v7912 0.0713003 -0.124911 0.00280582
v7913 0.052413 -0.108014 0.00404401
v7914 0.0702167 -0.124933 0.00294581
v7915 0.0695426 -0.124945 0.00304039
v7916 0.0694085 -0.124947 0.00306115
v7917 0.0739706 -0.125008 0.00236703
v7918 0.0525377 -0.108019 0.00399188
v7919 0.0527849 -0.10803 0.00388119
v7920 0.0530392 -0.108036 0.00379297
v7921 0.0724818 -0.125037 0.00256597
v7922 0.0531585 -0.108045 0.00372447
v7923 0.0532842 -0.108049 0.00367626
v7924 0.0535369 -0.108056 0.00358351
v7925 0.0719688 -0.125035 0.00270923
v7926 0.0537856 -0.108066 0.00347876
v7927 0.0539091 -0.108072 0.00342393
v7928 0.0541608 -0.108079 0.00332897
v7929 0.0544122 -0.108087 0.00323328
v7930 0.0546659 -0.108093 0.003145
v7931 0.0549217 -0.108097 0.0030631
v7932 0.0710378 -0.125046 0.00287621
v7933 0.0551776 -0.108102 0.00298174
v7934 0.0553062 -0.108103 0.0029431
v7935 0.0684706 -0.125095 0.00322096
v7936 0.0683393 -0.125096 0.00324882
v7937 0.0730229 -0.12516 0.00250736
v7938 0.0728879 -0.125162 0.00252623
v7939 0.072621 -0.125166 0.00257168
v7940 0.0554333 -0.108106 0.00290005
v7941 0.0723542 -0.125169 0.00261739
v7942 0.0556958 -0.108106 0.00283894
v7943 0.0720962 -0.125169 0.00268511
v7944 0.0719679 -0.125168 0.00272089
v7945 0.0718353 -0.12517 0.00274578
v7946 0.0560701 -0.108119 0.00268921
v7947 0.0715702 -0.125173 0.00279553
v7948 0.0563255 -0.108123 0.00260699
v7949 0.0713076 -0.125174 0.00285176
v7950 0.0778008 -0.109271 -0.000870632
v7951 0.0710428 -0.125177 0.00290251
v7952 0.0774961 -0.109295 -0.000909407
v7953 0.0702325 -0.125192 0.00301337
v7954 0.0695605 -0.125203 0.00311352
v7955 0.0694265 -0.125205 0.0031346
v7956 0.0686147 -0.125222 0.00323979
v7957 0.0684826 -0.125223 0.00326555
v7958 0.0683511 -0.125224 0.00329279
v7959 0.0772035 -0.109313 -0.000920133
v7960 0.0769037 -0.109335 -0.000948067
v7961 0.0745428 -0.109491 -0.00109776
v7962 0.0742564 -0.109505 -0.00109706
v7963 0.073971 -0.10952 -0.0010941
v7964 0.0736867 -0.109533 -0.00108897
v7965 0.0734002 -0.109548 -0.00108924
v7966 0.0352939 -0.130577 0.0151185
v7967 0.0351661 -0.130574 0.0151678
v7968 0.072702 -0.109576 -0.00104693
v7969 0.0724235 -0.109586 -0.00102852
v7970 0.0350383 -0.130572 0.0152173
v7971 0.0347812 -0.130569 0.0153104
v7972 0.0345253 -0.130564 0.015409
v7973 0.0565788 -0.108129 0.00251889
v7974 0.0473136 -0.13006 0.0108024
v7975 0.0806893 -0.130604 0.00402357
v7976 0.0705098 -0.125317 0.00300854
v7977 0.0805451 -0.130609 0.00402324
v7978 0.0802487 -0.130622 0.00400349
v7979 0.0799628 -0.130632 0.0040081
v7980 0.0796775 -0.130641 0.00401378
v7981 0.079399 -0.130648 0.00403549
v7982 0.0791131 -0.130658 0.00403946
v7983 0.0788362 -0.130665 0.00406438
v7984 0.0785537 -0.130673 0.00407597
v7985 0.068094 -0.125356 0.00337609
v7986 0.0782629 -0.130685 0.00406718
v7987 0.0781196 -0.13069 0.00406783
v7988 0.0726262 -0.12543 0.00261278
v7989 0.0778428 -0.130696 0.00409258
v7990 0.0723605 -0.125433 0.0026611
v7991 0.0744952 -0.130787 0.00430994
v7992 0.0721003 -0.125434 0.00272321
v7993 0.0742166 -0.130794 0.0043277
v7994 0.0718383 -0.125435 0.00278085
v7995 0.0695928 -0.130883 0.00489017
v7996 0.071577 -0.125436 0.00284048
v7997 0.0694572 -0.130886 0.00490717
v7998 0.0713133 -0.125438 0.00289394
v7999 0.0691725 -0.130896 0.0049059
v8000 0.0710485 -0.125441 0.00294427
v8001 0.0688893 -0.130906 0.00490802
v8002 0.0707817 -0.125445 0.00298984
v8003 0.0686102 -0.130914 0.00492073
v8004 0.0705126 -0.125449 0.00302924
v8005 0.0683382 -0.13092 0.00495217
v8006 0.070245 -0.125453 0.00307243
v8007 0.0761725 -0.126764 0.00271352
v8008 0.0695693 -0.125466 0.00316289
v8009 0.0694329 -0.125469 0.00317769
v8010 0.0763145 -0.126759 0.00271094
v8011 0.0691629 -0.125474 0.00321431
v8012 0.0687558 -0.125483 0.00326381
v8013 0.0686278 -0.125482 0.00330032
v8014 0.0766064 -0.126745 0.00272451
v8015 0.0683656 -0.125484 0.00335721
v8016 0.0768977 -0.126732 0.00273654
v8017 0.0680992 -0.125487 0.00340291
v8018 0.0728963 -0.125558 0.00258945
v8019 0.0770459 -0.126724 0.00274847
v8020 0.0773313 -0.126714 0.00274559
v8021 0.0776118 -0.126705 0.00273069
v8022 0.0784551 -0.126678 0.00268898
v8023 0.0722318 -0.125566 0.0027096
v8024 0.0787431 -0.126667 0.00269092
v8025 0.0790253 -0.126658 0.00267885
v8026 0.0803104 -0.126611 0.00265787
v8027 0.082043 -0.126542 0.00266564
v8028 0.0821902 -0.126535 0.00267244
v8029 0.082491 -0.126519 0.00270019
v8030 0.0476961 -0.130065 0.0106705
v8031 0.0405465 -0.1266 0.0120376
v8032 0.0409322 -0.126605 0.0119083
v8033 0.0709187 -0.125575 0.00298994
v8034 0.0414373 -0.126616 0.011703
v8035 0.0479503 -0.130068 0.0105801
v8036 0.0419499 -0.126623 0.0115269
v8037 0.0422023 -0.126629 0.0114246
v8038 0.0424618 -0.12663 0.0113492
v8039 0.0427224 -0.126631 0.0112774
v8040 0.0699834 -0.125588 0.00314472
v8041 0.0541155 -0.130912 0.0087359
v8042 0.0539905 -0.13091 0.00878505
v8043 0.0537433 -0.130904 0.00889242
v8044 0.0536174 -0.130902 0.00893913
v8045 0.0534949 -0.130899 0.00899628
v8046 0.0513473 -0.130869 0.00977533
v8047 0.0509769 -0.130859 0.00994252
v8048 0.0678432 -0.125619 0.00348903
v8049 0.0494434 -0.130845 0.0104481
v8050 0.0491891 -0.130842 0.0105375
v8051 0.0490661 -0.130838 0.0105959
v8052 0.0488096 -0.130836 0.0106784
v8053 0.0475325 -0.130823 0.011111
v8054 0.0466383 -0.130813 0.0114166
v8055 0.0502113 -0.109497 0.00476817
v8056 0.0719722 -0.1257 0.00278714
v8057 0.0718419 -0.1257 0.00281772
v8058 0.0499658 -0.109484 0.00488595
v8059 0.0715824 -0.1257 0.00288156
v8060 0.0494684 -0.109463 0.00510228
v8061 0.0713186 -0.125703 0.00293485
v8062 0.046007 -0.130802 0.0116624
v8063 0.0710523 -0.125706 0.00298145
v8064 0.0469965 -0.109343 0.00625838
v8065 0.0707872 -0.125709 0.00303113
v8066 0.0467437 -0.109335 0.0063574
v8067 0.0705192 -0.125713 0.00307325
v8068 0.0464946 -0.109324 0.00646903
v8069 0.0702525 -0.125716 0.00311881
v8070 0.0463719 -0.109317 0.00653158
v8071 0.069988 -0.125719 0.0031698
v8072 0.0695771 -0.125729 0.00320984
v8073 0.0693121 -0.125732 0.00325944
v8074 0.0686322 -0.125747 0.00333791
v8075 0.0461256 -0.109303 0.00665379
v8076 0.0683735 -0.125747 0.00340404
v8077 0.0458787 -0.10929 0.00677414
v8078 0.0681175 -0.125746 0.00347707
v8079 0.0456296 -0.109278 0.0068876
v8080 0.067855 -0.125747 0.00353307
v8081 0.0677276 -0.125746 0.00357139
v8082 0.0727669 -0.125825 0.00265024
v8083 0.0726327 -0.125827 0.00267113
v8084 0.045382 -0.109266 0.00700674
v8085 0.0723671 -0.12583 0.00271953
v8086 0.0452566 -0.109261 0.00706077
v8087 0.0451313 -0.109255 0.00711548
v8088 0.0447598 -0.109236 0.00729527
v8089 0.0446347 -0.10923 0.00735089
v8090 0.0445128 -0.109222 0.00741787
v8091 0.0442633 -0.109211 0.00753242
v8092 0.0815616 -0.127863 0.00304344
v8093 0.0812752 -0.127873 0.00304782
v8094 0.0711869 -0.125837 0.00297554
v8095 0.080986 -0.127885 0.00304545
v8096 0.080699 -0.127895 0.00304778
v8097 0.0804131 -0.127905 0.00305265
v8098 0.0802704 -0.12791 0.00305538
v8099 0.0799812 -0.127922 0.00305209
v8100 0.079695 -0.127932 0.00305551
v8101 0.0794116 -0.127942 0.00306523
v8102 0.079123 -0.127953 0.00306232
v8103 0.0788393 -0.127962 0.00307094
v8104 0.074333 -0.128107 0.00325388
v8105 0.0686435 -0.130156 0.00455692
v8106 0.0687824 -0.130152 0.00454889
v8107 0.0690629 -0.130143 0.00453999
v8108 0.0748256 -0.130011 0.00398047
v8109 0.0687754 -0.125874 0.00335426
v8110 0.074965 -0.130007 0.00397191
v8111 0.0759321 -0.129983 0.00388821
v8112 0.0760693 -0.12998 0.0038737
v8113 0.0763482 -0.129972 0.00385562
v8114 0.076629 -0.129964 0.00384196
v8115 0.076915 -0.129954 0.00384063
v8116 0.0770554 -0.12995 0.00383361
v8117 0.0778796 -0.129932 0.00374663
v8118 0.0781639 -0.129922 0.0037403
v8119 0.0557302 -0.12585 0.00683715
v8120 0.0556023 -0.125849 0.00687667
v8121 0.0784454 -0.129914 0.00372686
v8122 0.0553466 -0.125847 0.00695601
v8123 0.0528132 -0.125811 0.00783394
v8124 0.0520592 -0.125797 0.00812108
v8125 0.0767522 -0.109481 -0.000950995
v8126 0.0518065 -0.125792 0.00821311
v8127 0.0513042 -0.125782 0.00840738
v8128 0.0764571 -0.109501 -0.000968708
v8129 0.0761675 -0.109517 -0.00097334
v8130 0.072504 -0.12596 0.00271957
v8131 0.0758746 -0.109535 -0.000986431
v8132 0.0755769 -0.109556 -0.00101135
v8133 0.0752826 -0.109575 -0.00102848
v8134 0.0751371 -0.109584 -0.0010332
v8135 0.074839 -0.109605 -0.00106029
v8136 0.074544 -0.109625 -0.00108018
v8137 0.0739711 -0.109654 -0.0010793
v8138 0.0736885 -0.109667 -0.00106985
v8139 0.0734003 -0.109683 -0.00107452
v8140 0.0453731 -0.130792 0.011901
v8141 0.0443331 -0.130789 0.0121948
v8142 0.0709266 -0.125971 0.00305105
v8143 0.0707933 -0.125972 0.00307397
v8144 0.0442006 -0.13079 0.0122226
v8145 0.0705256 -0.125976 0.00311689
v8146 0.0750326 -0.126674 0.0027082
v8147 0.0702598 -0.12598 0.00316454
v8148 0.0751763 -0.126668 0.00271023
v8149 0.0699935 -0.125983 0.00321085
v8150 0.0763074 -0.126628 0.00267899
v8151 0.0697228 -0.125988 0.00324598
v8152 0.0765977 -0.126615 0.00268887
v8153 0.069457 -0.125991 0.00329356
v8154 0.0687825 -0.126004 0.003386
v8155 0.0686527 -0.126004 0.00341798
v8156 0.0768886 -0.126602 0.00269962
v8157 0.0774612 -0.12658 0.00269839
v8158 0.0682625 -0.126005 0.00351125
v8159 0.068135 -0.126004 0.00354919
v8160 0.068006 -0.126004 0.0035831
v8161 0.0776019 -0.126576 0.00269191
v8162 0.0677519 -0.126002 0.00366144
v8163 0.0778852 -0.126566 0.00268359
v8164 0.0674926 -0.126002 0.00372606
v8165 0.0783043 -0.126554 0.00265639
v8166 0.0665875 -0.126002 0.00395955
v8167 0.0575196 -0.125999 0.00629446
v8168 0.079724 -0.126504 0.00261678
v8169 0.057261 -0.125999 0.00636428
v8170 0.0798655 -0.1265 0.0026112
v8171 0.0570049 -0.125997 0.00644121
v8172 0.0568837 -0.125993 0.00650037
v8173 0.056756 -0.125991 0.00654006
v8174 0.0801589 -0.126486 0.00262456
v8175 0.080304 -0.12648 0.00262738
v8176 0.0563691 -0.12599 0.0066481
v8177 0.0805882 -0.12647 0.00261881
v8178 0.056119 -0.125985 0.00674402
v8179 0.0559913 -0.125984 0.00678409
v8180 0.0558659 -0.125982 0.00683095
v8181 0.0808782 -0.126458 0.0026233
v8182 0.0556064 -0.125981 0.00689883
v8183 0.0811669 -0.126447 0.00262466
v8184 0.0553486 -0.12598 0.00697157
v8185 0.0814544 -0.126436 0.00262288
v8186 0.055099 -0.125975 0.00706998
v8187 0.0817425 -0.126425 0.00262227
v8188 0.0548492 -0.12597 0.00716789
v8189 0.0547248 -0.125967 0.00721836
v8190 0.0545992 -0.125964 0.0072656
v8191 0.0820349 -0.126412 0.00263138
v8192 0.0528138 -0.125945 0.00784477
v8193 0.0526897 -0.125942 0.00789717
v8194 0.0521865 -0.125933 0.00808698
v8195 0.0821808 -0.126405 0.0026349
v8196 0.0824802 -0.12639 0.00265948
v8197 0.0787315 -0.129904 0.00372432
v8198 0.040553 -0.126461 0.012058
v8199 0.0515603 -0.125919 0.00833425
v8200 0.0514374 -0.125915 0.00839161
v8201 0.0433712 -0.126499 0.0110843
v8202 0.0460644 -0.12653 0.0101926
v8203 0.0510546 -0.125911 0.0085181
v8204 0.0726468 -0.126087 0.00273441
v8205 0.0463199 -0.126533 0.0101055
v8206 0.0723775 -0.126091 0.00277362
v8207 0.0465803 -0.126533 0.0100354
v8208 0.0721129 -0.126094 0.0028246
v8209 0.0467105 -0.126534 0.0100004
v8210 0.07185 -0.126096 0.00287977
v8211 0.0468341 -0.126538 0.00994276
v8212 0.0715866 -0.126098 0.00293355
v8213 0.043423 -0.130786 0.0124532
v8214 0.071321 -0.126101 0.00298199
v8215 0.0425187 -0.13078 0.0127345
v8216 0.0416106 -0.130776 0.0130044
v8217 0.0408355 -0.13077 0.0132495
v8218 0.0400679 -0.13076 0.0135251
v8219 0.039299 -0.13075 0.013798
v8220 0.0385276 -0.130741 0.0140642
v8221 0.037758 -0.130731 0.0143395
v8222 0.0369862 -0.130722 0.014609
v8223 0.0362121 -0.130714 0.0148718
v8224 0.0346717 -0.130691 0.0154371
v8225 0.0698597 -0.126118 0.00324581
v8226 0.034543 -0.13069 0.0154833
v8227 0.0342885 -0.130685 0.0155881
v8228 0.034029 -0.130682 0.0156725
v8229 0.0339008 -0.13068 0.0157212
v8230 0.0340419 -0.129802 0.015138
v8231 0.080704 -0.130732 0.00407364
v8232 0.0804177 -0.130741 0.00407767
v8233 0.0802706 -0.130748 0.0040703
v8234 0.0684023 -0.126134 0.0035188
v8235 0.0799831 -0.130758 0.00407142
v8236 0.0492205 -0.109589 0.00522158
v8237 0.0490973 -0.109583 0.00527976
v8238 0.0796963 -0.130768 0.00407355
v8239 0.079415 -0.130776 0.00408854
v8240 0.0791274 -0.130786 0.00408862
v8241 0.0477337 -0.10952 0.00589987
v8242 0.067374 -0.126131 0.00380059
v8243 0.0672445 -0.126131 0.00383359
v8244 0.047611 -0.109514 0.00596087
v8245 0.0669878 -0.12613 0.00390511
v8246 0.0474886 -0.109507 0.00602328
v8247 0.0472403 -0.109495 0.00613654
v8248 0.0469935 -0.109483 0.00625518
v8249 0.0664697 -0.12613 0.00403632
v8250 0.0663413 -0.126129 0.00407233
v8251 0.0576607 -0.126128 0.00630508
v8252 0.0441361 -0.109345 0.00758718
v8253 0.0440102 -0.10934 0.00764029
v8254 0.0437627 -0.109326 0.00776286
v8255 0.0435106 -0.109317 0.00786908
v8256 0.034811 -0.129814 0.0148508
v8257 0.0717684 -0.108104 -0.00103582
v8258 0.0719133 -0.108096 -0.00103123
v8259 0.0721968 -0.108082 -0.001038
v8260 0.0727522 -0.108062 -0.00108062
v8261 0.0728916 -0.108056 -0.00109004
v8262 0.0730386 -0.108046 -0.00108076
v8263 0.03558 -0.129826 0.0145659
v8264 0.073454 -0.108032 -0.00111651
v8265 0.0735976 -0.108024 -0.00111594
v8266 0.073882 -0.10801 -0.00112178
v8267 0.0749028 -0.107947 -0.00108301
v8268 0.0454452 -0.10756 0.00714876
v8269 0.0456933 -0.107573 0.00702951
v8270 0.0552247 -0.126111 0.00703316
v8271 0.0458187 -0.107578 0.00697459
v8272 0.0520579 -0.126066 0.00813377
v8273 0.0475771 -0.10765 0.00622602
v8274 0.0511832 -0.126046 0.00848721
v8275 0.0489399 -0.107719 0.00558877
v8276 0.0493154 -0.107734 0.00542949
v8277 0.0494409 -0.107739 0.00537798
v8278 0.0495656 -0.107744 0.00532364
v8279 0.0498149 -0.107755 0.00521483
v8280 0.0777906 -0.109547 -0.000864228
v8281 0.077487 -0.109571 -0.00090047
v8282 0.0771924 -0.109589 -0.000916097
v8283 0.0768978 -0.109608 -0.00093189
v8284 0.0745448 -0.109759 -0.00106342
v8285 0.0742557 -0.109775 -0.00106953
v8286 0.0739696 -0.10979 -0.00106849
v8287 0.0771716 -0.130838 0.00421831
v8288 0.0770352 -0.130841 0.0042352
v8289 0.0767529 -0.13085 0.00424591
v8290 0.0764689 -0.130859 0.00425205
v8291 0.0704026 -0.12624 0.0031932
v8292 0.0702684 -0.126242 0.0032137
v8293 0.0750252 -0.126544 0.00267573
v8294 0.0700008 -0.126246 0.00325656
v8295 0.0764435 -0.126492 0.00264718
v8296 0.0697338 -0.12625 0.00330114
v8297 0.0765861 -0.126487 0.00264586
v8298 0.0694722 -0.126251 0.00335961
v8299 0.0768738 -0.126475 0.00264908
v8300 0.0690661 -0.126259 0.00341158
v8301 0.0689302 -0.126262 0.00342737
v8302 0.0771651 -0.126462 0.00266057
v8303 0.077446 -0.126453 0.00264679
v8304 0.0685431 -0.126262 0.00352893
v8305 0.077586 -0.126449 0.00263872
v8306 0.0682791 -0.126264 0.00358104
v8307 0.0778687 -0.126439 0.00262895
v8308 0.0680271 -0.126261 0.00366473
v8309 0.0781514 -0.12643 0.0026189
v8310 0.0677732 -0.126259 0.00374355
v8311 0.0784308 -0.126422 0.00260083
v8312 0.067512 -0.12626 0.00380318
v8313 0.0787106 -0.126413 0.00258355
v8314 0.0672571 -0.126258 0.00387964
v8315 0.0789981 -0.126402 0.00258418
v8316 0.0670002 -0.126257 0.00395103
v8317 0.0792872 -0.12639 0.00258832
v8318 0.0667372 -0.126259 0.00400596
v8319 0.0500653 -0.107765 0.00511033
v8320 0.0664797 -0.126259 0.00407585
v8321 0.0503133 -0.107776 0.00499819
v8322 0.0662248 -0.126257 0.00415275
v8323 0.0584408 -0.126261 0.00612028
v8324 0.0583146 -0.126259 0.00616398
v8325 0.050562 -0.107787 0.0048888
v8326 0.0580567 -0.126258 0.0062354
v8327 0.0578022 -0.126256 0.00631698
v8328 0.0506884 -0.107791 0.00484071
v8329 0.0575377 -0.126258 0.006369
v8330 0.0509402 -0.1078 0.00474159
v8331 0.0572797 -0.126257 0.00644021
v8332 0.05119 -0.107809 0.00463649
v8333 0.0570187 -0.126258 0.0065029
v8334 0.0513132 -0.107816 0.00457883
v8335 0.0567626 -0.126256 0.00658006
v8336 0.0514363 -0.107822 0.0045209
v8337 0.0516809 -0.107836 0.00439991
v8338 0.0563822 -0.126251 0.00670746
v8339 0.0725237 -0.12635 0.00281103
v8340 0.0723901 -0.126352 0.00283309
v8341 0.0519297 -0.107846 0.00429281
v8342 0.0721241 -0.126356 0.00288055
v8343 0.0435076 -0.12636 0.0110652
v8344 0.0718597 -0.126358 0.00293203
v8345 0.0436356 -0.126362 0.0110212
v8346 0.0715959 -0.12636 0.00298483
v8347 0.0441477 -0.126369 0.0108464
v8348 0.0713317 -0.126363 0.00303659
v8349 0.0442756 -0.12637 0.0108023
v8350 0.0710702 -0.126364 0.00309533
v8351 0.0444031 -0.126372 0.010757
v8352 0.0708055 -0.126367 0.003146
v8353 0.0446561 -0.126377 0.0106596
v8354 0.0449194 -0.126376 0.0105985
v8355 0.0451709 -0.126382 0.0104959
v8356 0.0454325 -0.126382 0.0104292
v8357 0.0701415 -0.126374 0.00326627
v8358 0.0456858 -0.126387 0.0103337
v8359 0.0459463 -0.126387 0.0102635
v8360 0.046074 -0.126389 0.0102195
v8361 0.04633 -0.126392 0.0101339
v8362 0.0465911 -0.126392 0.0100661
v8363 0.0468408 -0.126399 0.00995949
v8364 0.0761885 -0.130867 0.00426681
v8365 0.0759117 -0.130874 0.00429041
v8366 0.075632 -0.130882 0.00430643
v8367 0.0686778 -0.126392 0.00352301
v8368 0.0753557 -0.130888 0.00433084
v8369 0.0750726 -0.130897 0.00433806
v8370 0.0747882 -0.130907 0.00434182
v8371 0.0745075 -0.130915 0.00435477
v8372 0.0742322 -0.130922 0.00438055
v8373 0.0739536 -0.130929 0.00439819
v8374 0.0799917 -0.126234 0.00253921
v8375 0.0676517 -0.126389 0.00381054
v8376 0.0801376 -0.126228 0.00254395
v8377 0.0804295 -0.126215 0.00255348
v8378 0.0805713 -0.12621 0.0025484
v8379 0.0808602 -0.126198 0.00255038
v8380 0.0811506 -0.126186 0.00255563
v8381 0.0814389 -0.126175 0.0025557
v8382 0.0817278 -0.126163 0.00255699
v8383 0.0666207 -0.126387 0.00408652
v8384 0.082017 -0.126151 0.00255862
v8385 0.0823135 -0.126137 0.00257656
v8386 0.0824594 -0.126131 0.00258
v8387 0.0407048 -0.126176 0.0120941
v8388 0.0408409 -0.126173 0.0120791
v8389 0.0658426 -0.126388 0.00428116
v8390 0.0544211 -0.107944 0.00325096
v8391 0.059846 -0.126405 0.00570269
v8392 0.0597202 -0.126403 0.00574704
v8393 0.0463663 -0.109596 0.00652599
v8394 0.0594697 -0.126399 0.00583922
v8395 0.0590909 -0.126394 0.00596897
v8396 0.046118 -0.109584 0.00664093
v8397 0.0588345 -0.126392 0.00604429
v8398 0.0458709 -0.109571 0.00676056
v8399 0.0456248 -0.109557 0.00688398
v8400 0.0453777 -0.109544 0.0070047
v8401 0.0452532 -0.109539 0.00706172
v8402 0.0581979 -0.126386 0.00624639
v8403 0.045129 -0.109533 0.00711991
v8404 0.0447569 -0.109514 0.00729735
v8405 0.0446326 -0.109508 0.00735584
v8406 0.0571523 -0.12639 0.00649099
v8407 0.0445077 -0.109502 0.00741218
v8408 0.0442588 -0.10949 0.00752824
v8409 0.0441347 -0.109484 0.00758791
v8410 0.044007 -0.10948 0.00763503
v8411 0.0560796 -0.107976 0.00270727
v8412 0.0565843 -0.107989 0.00252511
v8413 0.0568369 -0.107996 0.00243485
v8414 0.0569646 -0.107998 0.00239414
v8415 0.0570926 -0.108 0.0023541
v8416 0.0573458 -0.108006 0.00226626
v8417 0.0575924 -0.108016 0.00215924
v8418 0.0363527 -0.129835 0.0142987
v8419 0.0717323 -0.12649 0.00298352
v8420 0.037761 -0.129856 0.0137829
v8421 0.0385245 -0.129869 0.0134872
v8422 0.0391601 -0.129881 0.0132409
v8423 0.0400636 -0.129888 0.012951
v8424 0.0409756 -0.129891 0.0126959
v8425 0.0418812 -0.129896 0.0124187
v8426 0.0767477 -0.109754 -0.000931427
v8427 0.0764555 -0.109772 -0.000942245
v8428 0.0761679 -0.109787 -0.000942466
v8429 0.0758638 -0.109811 -0.000982395
v8430 0.0755687 -0.10983 -0.00100127
v8431 0.0754191 -0.109841 -0.00101586
v8432 0.0751223 -0.109862 -0.00103944
v8433 0.0698753 -0.126511 0.00332628
v8434 0.0748306 -0.10988 -0.00105114
v8435 0.0696129 -0.126512 0.00338254
v8436 0.0425289 -0.1299 0.0122254
v8437 0.0693495 -0.126515 0.00343638
v8438 0.043646 -0.12622 0.0110534
v8439 0.069083 -0.126518 0.00348199
v8440 0.0438991 -0.126225 0.0109552
v8441 0.0688217 -0.126519 0.00354107
v8442 0.0441535 -0.12623 0.0108619
v8443 0.0685614 -0.12652 0.0036031
v8444 0.0444114 -0.126232 0.0107809
v8445 0.0683017 -0.12652 0.0036665
v8446 0.0725602 -0.109987 -0.00100115
v8447 0.0680459 -0.126519 0.00374014
v8448 0.0724177 -0.109994 -0.00100002
v8449 0.0677884 -0.126519 0.00380969
v8450 0.0446624 -0.126238 0.010676
v8451 0.0675299 -0.126519 0.00387644
v8452 0.0449277 -0.126236 0.010622
v8453 0.0672722 -0.126518 0.00394564
v8454 0.0453147 -0.126239 0.0105023
v8455 0.0670152 -0.126517 0.0040165
v8456 0.045956 -0.126246 0.0102912
v8457 0.0667555 -0.126518 0.00408047
v8458 0.0471143 -0.126257 0.00992766
v8459 0.0664985 -0.126517 0.00415162
v8460 0.0473666 -0.126262 0.00982986
v8461 0.0476235 -0.126264 0.00974809
v8462 0.0661116 -0.126516 0.00425456
v8463 0.047752 -0.126266 0.00970744
v8464 0.0658527 -0.126516 0.00432087
v8465 0.0657214 -0.126517 0.00434908
v8466 0.0655901 -0.126518 0.0043771
v8467 0.0478829 -0.126265 0.0096751
v8468 0.0653281 -0.126519 0.00443494
v8469 0.0481391 -0.126268 0.00959149
v8470 0.0650673 -0.12652 0.00449626
v8471 0.0483898 -0.126274 0.00948942
v8472 0.0648075 -0.126521 0.00456019
v8473 0.0603699 -0.126536 0.00559608
v8474 0.060241 -0.126536 0.00563156
v8475 0.0485146 -0.126277 0.00943666
v8476 0.0599827 -0.126535 0.00570075
v8477 0.0487636 -0.126284 0.00932946
v8478 0.0597292 -0.126533 0.00578391
v8479 0.0493858 -0.1263 0.00906204
v8480 0.049516 -0.126301 0.00902783
v8481 0.0593503 -0.126528 0.00591317
v8482 0.0592239 -0.126526 0.00595604
v8483 0.0590963 -0.126525 0.00599541
v8484 0.0586737 -0.131094 0.00719396
v8485 0.058843 -0.126522 0.00607969
v8486 0.058545 -0.131094 0.00723026
v8487 0.0585889 -0.126519 0.00616226
v8488 0.0768461 -0.12622 0.00255275
v8489 0.0583321 -0.126518 0.0062365
v8490 0.077132 -0.126209 0.00255129
v8491 0.058073 -0.126518 0.0063046
v8492 0.0570199 -0.126525 0.00652645
v8493 0.077413 -0.1262 0.00253789
v8494 0.0567581 -0.126526 0.00658647
v8495 0.0520511 -0.126473 0.00813773
v8496 0.0726721 -0.126609 0.00285395
v8497 0.0776964 -0.12619 0.00252987
v8498 0.0724054 -0.126612 0.00289965
v8499 0.0779799 -0.12618 0.00252206
v8500 0.0721382 -0.126616 0.00294398
v8501 0.0782626 -0.12617 0.00251181
v8502 0.0718695 -0.12662 0.00298448
v8503 0.0786784 -0.126159 0.00247672
v8504 0.0716039 -0.126623 0.00303274
v8505 0.0789674 -0.126147 0.00248102
v8506 0.0713398 -0.126625 0.00308472
v8507 0.0792607 -0.126134 0.00249516
v8508 0.0710746 -0.126628 0.00313384
v8509 0.0795487 -0.126122 0.00249643
v8510 0.0708082 -0.126632 0.00317991
v8511 0.0427896 -0.1299 0.0121543
v8512 0.0705444 -0.126634 0.00323272
v8513 0.070413 -0.126635 0.00326039
v8514 0.0702801 -0.126637 0.00328405
v8515 0.0430479 -0.129902 0.0120744
v8516 0.043308 -0.129903 0.0120011
v8517 0.0435677 -0.129904 0.0119267
v8518 0.0436976 -0.129904 0.01189
v8519 0.0438283 -0.129904 0.0118557
v8520 0.0440836 -0.129907 0.0117661
v8521 0.0443422 -0.129909 0.0116883
v8522 0.0445996 -0.129911 0.0116062
v8523 0.0690964 -0.126645 0.00353009
v8524 0.0447283 -0.129912 0.0115653
v8525 0.0449857 -0.129914 0.0114837
v8526 0.0818612 -0.127981 0.00308506
v8527 0.0444253 -0.126088 0.0108249
v8528 0.0451932 -0.126099 0.0105626
v8529 0.0454514 -0.126101 0.0104835
v8530 0.046094 -0.126107 0.0102764
v8531 0.0462224 -0.126108 0.0102348
v8532 0.0679249 -0.126649 0.0038083
v8533 0.0463462 -0.126112 0.0101772
v8534 0.0466086 -0.126112 0.0101136
v8535 0.0468658 -0.126114 0.0100321
v8536 0.0469949 -0.126115 0.00999289
v8537 0.0471251 -0.126116 0.00995802
v8538 0.0473824 -0.126118 0.00987719
v8539 0.0476384 -0.126121 0.00979207
v8540 0.0668917 -0.126648 0.00407806
v8541 0.0478938 -0.126124 0.00970491
v8542 0.048152 -0.126126 0.00962776
v8543 0.0484037 -0.126131 0.00952884
v8544 0.0486533 -0.126138 0.00942315
v8545 0.0487755 -0.126142 0.00936189
v8546 0.0490276 -0.126147 0.00926527
v8547 0.0492811 -0.126151 0.0091733
v8548 0.0495306 -0.126158 0.00906845
v8549 0.0497897 -0.126159 0.00899572
v8550 0.0538976 -0.131026 0.008944
v8551 0.0514879 -0.130998 0.00978322
v8552 0.050995 -0.130985 0.0100095
v8553 0.0495856 -0.130973 0.0104611
v8554 0.0493329 -0.13097 0.0105557
v8555 0.0485648 -0.130963 0.0108074
v8556 0.0648163 -0.12665 0.00459636
v8557 0.0484392 -0.13096 0.0108575
v8558 0.0645543 -0.126651 0.00465457
v8559 0.0623074 -0.126673 0.00509238
v8560 0.0494613 -0.109879 0.00510305
v8561 0.0620495 -0.126672 0.00516206
v8562 0.0493369 -0.109874 0.0051573
v8563 0.0606386 -0.126665 0.00556808
v8564 0.0490904 -0.109862 0.00527298
v8565 0.0488443 -0.109849 0.00539043
v8566 0.048719 -0.109845 0.0054421
v8567 0.0601228 -0.126664 0.0057086
v8568 0.0485941 -0.10984 0.00549502
v8569 0.0483135 -0.130958 0.0109074
v8570 0.0480659 -0.130951 0.0110207
v8571 0.0478112 -0.130948 0.01111
v8572 0.047604 -0.109793 0.00595187
v8573 0.0474813 -0.109787 0.00601327
v8574 0.0761357 -0.126113 0.00255088
v8575 0.0472314 -0.109777 0.00612087
v8576 0.0469878 -0.109762 0.00625008
v8577 0.0464892 -0.10974 0.00647138
v8578 0.0458681 -0.109711 0.00675737
v8579 0.0437537 -0.10961 0.00774211
v8580 0.0435012 -0.1096 0.00784683
v8581 0.0705283 -0.10801 -0.000933994
v8582 0.0543104 -0.12665 0.00728902
v8583 0.0541825 -0.126649 0.00732886
v8584 0.0540568 -0.126647 0.00737531
v8585 0.0706681 -0.108004 -0.000941604
v8586 0.0778598 -0.128124 0.00314581
v8587 0.0536761 -0.126642 0.00750402
v8588 0.0730365 -0.107913 -0.0011005
v8589 0.0534221 -0.126639 0.00758955
v8590 0.0741836 -0.107851 -0.00110076
v8591 0.0531725 -0.126634 0.00768874
v8592 0.0744713 -0.107836 -0.00109925
v8593 0.0529192 -0.12663 0.00777688
v8594 0.0746154 -0.107828 -0.00109812
v8595 0.0526699 -0.126624 0.00787809
v8596 0.0749059 -0.10781 -0.00109043
v8597 0.0522993 -0.126614 0.00804065
v8598 0.075197 -0.107793 -0.00108146
v8599 0.0520493 -0.126609 0.00814023
v8600 0.0459591 -0.107433 0.00696473
v8601 0.0517983 -0.126604 0.00823711
v8602 0.0505342 -0.126583 0.00869503
v8603 0.046338 -0.107447 0.00680979
v8604 0.0500281 -0.126575 0.00887821
v8605 0.0499026 -0.126573 0.00892778
v8606 0.0465903 -0.107457 0.00670596
v8607 0.0496415 -0.126573 0.00899355
v8608 0.0468427 -0.107466 0.00660274
v8609 0.0470973 -0.107474 0.00650731
v8610 0.0720077 -0.126749 0.00298764
v8611 0.0472162 -0.107484 0.00643157
v8612 0.047341 -0.10749 0.0063754
v8613 0.047593 -0.1075 0.00627207
v8614 0.0477172 -0.107506 0.0062144
v8615 0.0479649 -0.107519 0.00609738
v8616 0.0482067 -0.107536 0.00596087
v8617 0.0483335 -0.10754 0.00591252
v8618 0.0484615 -0.107543 0.00586811
v8619 0.0487127 -0.107553 0.00576384
v8620 0.0489602 -0.107565 0.00564759
v8621 0.078075 -0.109804 -0.000842729
v8622 0.0777769 -0.109825 -0.000865927
v8623 0.0774751 -0.109847 -0.000898242
v8624 0.0771806 -0.109866 -0.000913683
v8625 0.0770341 -0.109875 -0.000919704
v8626 0.0745483 -0.110027 -0.00102558
v8627 0.074262 -0.110041 -0.00102481
v8628 0.0739718 -0.110058 -0.00103379
v8629 0.072707 -0.110112 -0.000977304
v8630 0.0802629 -0.125962 0.00246937
v8631 0.0692345 -0.126775 0.00353311
v8632 0.0804094 -0.125956 0.00247544
v8633 0.0807 -0.125943 0.00248164
v8634 0.0808453 -0.125937 0.00248453
v8635 0.0811332 -0.125926 0.00248405
v8636 0.0814252 -0.125913 0.00249279
v8637 0.0817146 -0.125901 0.00249506
v8638 0.0820046 -0.125889 0.00249851
v8639 0.0822969 -0.125876 0.00250678
v8640 0.0825908 -0.125863 0.00251851
v8641 0.0827365 -0.125857 0.00252132
v8642 0.0492053 -0.10758 0.00552408
v8643 0.0500843 -0.107613 0.00516363
v8644 0.0406887 -0.125914 0.0120258
v8645 0.0408337 -0.125906 0.0120441
v8646 0.0411226 -0.125889 0.0120757
v8647 0.0414063 -0.125876 0.0120873
v8648 0.0416768 -0.125871 0.0120499
v8649 0.041941 -0.12587 0.0119887
v8650 0.042189 -0.125879 0.0118678
v8651 0.0424452 -0.125883 0.0117778
v8652 0.0428132 -0.125898 0.0115838
v8653 0.0430601 -0.125908 0.0114609
v8654 0.0433093 -0.125916 0.0113466
v8655 0.0435603 -0.125922 0.0112394
v8656 0.0659935 -0.126778 0.00434333
v8657 0.0438033 -0.125934 0.0111041
v8658 0.0439291 -0.125937 0.0110517
v8659 0.0441799 -0.125943 0.0109449
v8660 0.044436 -0.125947 0.0108573
v8661 0.0445637 -0.125949 0.0108123
v8662 0.0446913 -0.125951 0.010767
v8663 0.0449441 -0.125956 0.0106683
v8664 0.0492923 -0.12601 0.00920299
v8665 0.0500468 -0.126026 0.00890892
v8666 0.0469147 -0.13094 0.0114074
v8667 0.0466574 -0.130938 0.0114889
v8668 0.0464063 -0.130933 0.0115922
v8669 0.0643082 -0.126779 0.00476825
v8670 0.0625809 -0.126799 0.00507818
v8671 0.0462793 -0.130931 0.0116388
v8672 0.0623195 -0.1268 0.00513808
v8673 0.0461523 -0.130929 0.0116854
v8674 0.0620615 -0.1268 0.00520739
v8675 0.0458997 -0.130925 0.011784
v8676 0.0618045 -0.126799 0.00527952
v8677 0.0456431 -0.130922 0.0118689
v8678 0.0615473 -0.126798 0.00535127
v8679 0.0455191 -0.130919 0.0119268
v8680 0.0612933 -0.126796 0.00543236
v8681 0.0453896 -0.130918 0.011965
v8682 0.0610381 -0.126794 0.00551008
v8683 0.0451307 -0.130917 0.0120423
v8684 0.0607806 -0.126793 0.0055814
v8685 0.044869 -0.130917 0.0121098
v8686 0.0605202 -0.126794 0.00564449
v8687 0.0603904 -0.126794 0.00567721
v8688 0.060261 -0.126794 0.00571114
v8689 0.0446074 -0.130917 0.0121774
v8690 0.0600039 -0.126792 0.00578392
v8691 0.0444776 -0.130917 0.012215
v8692 0.0442165 -0.130917 0.0122848
v8693 0.0596198 -0.12679 0.00589776
v8694 0.0439611 -0.130913 0.0123753
v8695 0.0593627 -0.126789 0.00597082
v8696 0.0437024 -0.130912 0.0124542
v8697 0.0591111 -0.126785 0.00606006
v8698 0.0434426 -0.130911 0.0125291
v8699 0.0588522 -0.126785 0.00612813
v8700 0.0431833 -0.13091 0.0126062
v8701 0.0585898 -0.126787 0.00618573
v8702 0.0584606 -0.126786 0.00622073
v8703 0.0554519 -0.126798 0.00691457
v8704 0.0553252 -0.126797 0.00695736
v8705 0.0429257 -0.130908 0.0126894
v8706 0.0550697 -0.126794 0.00703685
v8707 0.0427952 -0.130907 0.0127249
v8708 0.0548184 -0.12679 0.00712914
v8709 0.0426646 -0.130907 0.0127602
v8710 0.0545627 -0.126788 0.00720837
v8711 0.0424101 -0.130903 0.0128552
v8712 0.0543094 -0.126785 0.00729536
v8713 0.054182 -0.126784 0.0073363
v8714 0.054056 -0.126782 0.00738196
v8715 0.0421513 -0.130902 0.0129346
v8716 0.0420223 -0.130901 0.0129762
v8717 0.0418924 -0.1309 0.0130141
v8718 0.041499 -0.130901 0.0131146
v8719 0.0412424 -0.130898 0.0132032
v8720 0.0409821 -0.130897 0.0132779
v8721 0.0407253 -0.130894 0.0133658
v8722 0.0404709 -0.13089 0.0134633
v8723 0.0403452 -0.130887 0.0135178
v8724 0.0402153 -0.130886 0.0135563
v8725 0.0399565 -0.130884 0.0136376
v8726 0.0397006 -0.130881 0.0137302
v8727 0.0394467 -0.130876 0.0138307
v8728 0.0391916 -0.130872 0.0139272
v8729 0.0388107 -0.130865 0.0140791
v8730 0.0385493 -0.130865 0.0141514
v8731 0.0382897 -0.130863 0.0142313
v8732 0.07753 -0.125938 0.00244484
v8733 0.0515426 -0.126736 0.00832695
v8734 0.0512904 -0.126731 0.00842036
v8735 0.0776684 -0.125935 0.00243298
v8736 0.0510387 -0.126727 0.00851553
v8737 0.0779562 -0.125923 0.00243534
v8738 0.0507865 -0.126722 0.00860909
v8739 0.0506593 -0.126721 0.00865263
v8740 0.0782447 -0.125911 0.00243901
v8741 0.0790916 -0.125883 0.00240458
v8742 0.0792315 -0.125879 0.00239584
v8743 0.0795211 -0.125866 0.00240082
v8744 0.0798068 -0.125856 0.00239651
v8745 0.0801054 -0.12584 0.00242219
v8746 0.0496982 -0.110035 0.00496471
v8747 0.0494512 -0.110023 0.00507828
v8748 0.0483386 -0.109971 0.00558954
v8749 0.0490119 -0.126695 0.00924231
v8750 0.0718818 -0.126881 0.00304318
v8751 0.0463569 -0.109878 0.00650754
v8752 0.0716143 -0.126885 0.00308665
v8753 0.0461049 -0.109869 0.00660941
v8754 0.0713503 -0.126887 0.00313868
v8755 0.0458578 -0.109856 0.00672875
v8756 0.0710853 -0.12689 0.00318839
v8757 0.0457351 -0.109849 0.00679153
v8758 0.0626282 -0.130984 0.00597832
v8759 0.0627571 -0.130984 0.00594365
v8760 0.0708179 -0.126894 0.00323199
v8761 0.070686 -0.126895 0.00325828
v8762 0.0456121 -0.109843 0.0068532
v8763 0.0704247 -0.126896 0.00331753
v8764 0.0453652 -0.109829 0.0069742
v8765 0.0701561 -0.1269 0.00335765
v8766 0.0452407 -0.109824 0.00703105
v8767 0.0698877 -0.126905 0.00339864
v8768 0.0451158 -0.109818 0.00708651
v8769 0.0696291 -0.126905 0.00346452
v8770 0.0448679 -0.109806 0.00720484
v8771 0.0693695 -0.126905 0.0035282
v8772 0.0446169 -0.109796 0.00731291
v8773 0.069111 -0.126905 0.00359468
v8774 0.0444917 -0.109791 0.00736806
v8775 0.0688499 -0.126906 0.00365446
v8776 0.0442421 -0.109779 0.00748156
v8777 0.0685858 -0.126909 0.0037062
v8778 0.0439935 -0.109767 0.00759874
v8779 0.0683234 -0.12691 0.00376263
v8780 0.0681931 -0.126911 0.00379321
v8781 0.0680642 -0.126911 0.00382733
v8782 0.0437419 -0.109757 0.00770596
v8783 0.0678071 -0.12691 0.00389769
v8784 0.0434911 -0.109746 0.00781655
v8785 0.0675496 -0.12691 0.00396714
v8786 0.0519489 -0.107695 0.00434469
v8787 0.0672868 -0.126911 0.00402257
v8788 0.0671575 -0.126911 0.00405599
v8789 0.0670281 -0.126911 0.00408911
v8790 0.0521903 -0.107711 0.00421432
v8791 0.0525672 -0.107724 0.0040659
v8792 0.066642 -0.12691 0.00419405
v8793 0.0526927 -0.107728 0.00401619
v8794 0.0663846 -0.12691 0.00426403
v8795 0.052815 -0.107735 0.00395679
v8796 0.0661283 -0.126909 0.00433704
v8797 0.053067 -0.107742 0.00386101
v8798 0.0658693 -0.126909 0.00440305
v8799 0.0533151 -0.107753 0.00375313
v8800 0.0656089 -0.12691 0.00446535
v8801 0.0535659 -0.107762 0.00365421
v8802 0.0653483 -0.12691 0.00452697
v8803 0.0538112 -0.107774 0.00353859
v8804 0.0650887 -0.126911 0.00459141
v8805 0.0649577 -0.126911 0.00462039
v8806 0.0648274 -0.126912 0.0046513
v8807 0.0539343 -0.10778 0.00348248
v8808 0.0645696 -0.126911 0.00472059
v8809 0.0541848 -0.107789 0.0033833
v8810 0.0643138 -0.12691 0.00479587
v8811 0.054435 -0.107797 0.00328373
v8812 0.0640517 -0.126911 0.00485372
v8813 0.0639203 -0.126912 0.0048816
v8814 0.0637891 -0.126913 0.0049099
v8815 0.0633858 -0.12692 0.00496858
v8816 0.0632511 -0.126922 0.00498737
v8817 0.0545611 -0.107801 0.00323703
v8818 0.0546899 -0.107803 0.00319838
v8819 0.062855 -0.126926 0.00506563
v8820 0.0549455 -0.107807 0.00311574
v8821 0.0552026 -0.107811 0.0030375
v8822 0.0624572 -0.12693 0.00513927
v8823 0.0554587 -0.107815 0.00295649
v8824 0.0557164 -0.107818 0.00288063
v8825 0.0559645 -0.107828 0.0027761
v8826 0.0562221 -0.107831 0.00270004
v8827 0.0563448 -0.107837 0.00264415
v8828 0.0565961 -0.107845 0.00254982
v8829 0.0568507 -0.10785 0.00246528
v8830 0.0614278 -0.126927 0.0054245
v8831 0.0569792 -0.107851 0.00242684
v8832 0.0571085 -0.107853 0.00239051
v8833 0.0576097 -0.107868 0.00219929
v8834 0.077575 -0.128134 0.00315072
v8835 0.0772915 -0.128144 0.00315828
v8836 0.0770098 -0.128153 0.00316989
v8837 0.0767291 -0.128161 0.00318383
v8838 0.0764437 -0.128172 0.00318617
v8839 0.0761615 -0.128181 0.00319614
v8840 0.0767456 -0.110025 -0.000906301
v8841 0.076452 -0.110043 -0.000920459
v8842 0.0761559 -0.110063 -0.000941219
v8843 0.0758568 -0.110085 -0.000969354
v8844 0.0755589 -0.110106 -0.000995085
v8845 0.0594964 -0.126921 0.00596009
v8846 0.0754137 -0.110114 -0.000999003
v8847 0.0751269 -0.110129 -0.000998691
v8848 0.0748389 -0.110144 -0.00100145
v8849 0.0834638 -0.125693 0.00251596
v8850 0.0728489 -0.11024 -0.000965651
v8851 0.0836081 -0.125687 0.00251512
v8852 0.0573941 -0.126934 0.00641185
v8853 0.057263 -0.126935 0.00644096
v8854 0.0756035 -0.128197 0.00323068
v8855 0.0570014 -0.126936 0.0065011
v8856 0.0753204 -0.128207 0.00323744
v8857 0.0567418 -0.126936 0.00656723
v8858 0.0743463 -0.128234 0.00330108
v8859 0.0564805 -0.126937 0.00662837
v8860 0.0405359 -0.125792 0.0119742
v8861 0.0562263 -0.126934 0.00671099
v8862 0.0696544 -0.110358 -0.000745732
v8863 0.0559656 -0.126935 0.006774
v8864 0.0558331 -0.126936 0.00679919
v8865 0.0692431 -0.110371 -0.0007053
v8866 0.0691065 -0.110375 -0.000690608
v8867 0.0688254 -0.110388 -0.000681557
v8868 0.0489299 -0.125859 0.00939334
v8869 0.0493058 -0.125868 0.00924032
v8870 0.0495628 -0.12587 0.00915981
v8871 0.0498164 -0.125874 0.00906841
v8872 0.0380309 -0.130861 0.0143145
v8873 0.0379022 -0.130859 0.0143587
v8874 0.0377766 -0.130856 0.0144153
v8875 0.0375185 -0.130854 0.0145019
v8876 0.0372625 -0.13085 0.0145969
v8877 0.0371341 -0.130848 0.0146428
v8878 0.0370054 -0.130847 0.0146877
v8879 0.0367489 -0.130843 0.0147817
v8880 0.0364874 -0.130842 0.0148553
v8881 0.0536765 -0.12691 0.00752332
v8882 0.0363572 -0.130842 0.0148947
v8883 0.0534223 -0.126907 0.00760791
v8884 0.036098 -0.130839 0.0149777
v8885 0.0531777 -0.126899 0.00772285
v8886 0.0358383 -0.130838 0.0150593
v8887 0.0529244 -0.126896 0.00781082
v8888 0.0527973 -0.126894 0.00785373
v8889 0.0526734 -0.126891 0.00790627
v8890 0.0355821 -0.130834 0.0151557
v8891 0.0524217 -0.126887 0.00800001
v8892 0.0341751 -0.13081 0.0156992
v8893 0.073655 -0.128252 0.00335637
v8894 0.0520467 -0.126879 0.008149
v8895 0.0735142 -0.128257 0.00336093
v8896 0.0517963 -0.126874 0.00824715
v8897 0.0452448 -0.129915 0.0114083
v8898 0.0515444 -0.126869 0.00834103
v8899 0.0514178 -0.126867 0.00838617
v8900 0.0512957 -0.126863 0.00844548
v8901 0.0635422 -0.126033 0.00453474
v8902 0.0510426 -0.126859 0.00853601
v8903 0.0455011 -0.129918 0.0113228
v8904 0.0507881 -0.126856 0.0086224
v8905 0.0506603 -0.126855 0.0086637
v8906 0.0505319 -0.126854 0.00870318
v8907 0.080439 -0.130867 0.00414315
v8908 0.0801475 -0.130879 0.00413477
v8909 0.0501555 -0.126846 0.00885082
v8910 0.0800031 -0.130884 0.00413388
v8911 0.0499022 -0.126842 0.00894181
v8912 0.0797155 -0.130894 0.00413423
v8913 0.0496432 -0.126841 0.00901435
v8914 0.0794332 -0.130902 0.00414709
v8915 0.0493884 -0.126838 0.00910056
v8916 0.0791473 -0.130912 0.00415094
v8917 0.0491391 -0.126832 0.00920561
v8918 0.0788657 -0.13092 0.00416499
v8919 0.0488825 -0.126829 0.00928646
v8920 0.0785827 -0.130929 0.00417529
v8921 0.0782971 -0.130939 0.00417919
v8922 0.0780129 -0.130948 0.00418631
v8923 0.0777392 -0.130953 0.00421816
v8924 0.0774652 -0.130959 0.00424936
v8925 0.0762066 -0.130993 0.00432584
v8926 0.0759295 -0.131 0.00434846
v8927 0.0708247 -0.127024 0.00326309
v8928 0.0775162 -0.125811 0.00239673
v8929 0.0776562 -0.125806 0.00238882
v8930 0.0779448 -0.125794 0.00239309
v8931 0.0782355 -0.125781 0.00240212
v8932 0.0803918 -0.125696 0.00240349
v8933 0.0806783 -0.125685 0.00240009
v8934 0.0809665 -0.125673 0.00240039
v8935 0.0811142 -0.125666 0.00240864
v8936 0.0814052 -0.125654 0.00241517
v8937 0.0695034 -0.127036 0.00352026
v8938 0.0816941 -0.125642 0.00241624
v8939 0.0819848 -0.12563 0.00242137
v8940 0.0822804 -0.125615 0.00243716
v8941 0.0825699 -0.125604 0.00243893
v8942 0.0828602 -0.125592 0.00244206
v8943 0.083007 -0.125585 0.00244732
v8944 0.0457604 -0.129919 0.0112486
v8945 0.0460158 -0.129922 0.0111607
v8946 0.0405228 -0.125664 0.0119211
v8947 0.0406578 -0.125661 0.0119021
v8948 0.0409449 -0.125646 0.0119274
v8949 0.041092 -0.125636 0.0119532
v8950 0.0413646 -0.12563 0.011924
v8951 0.0416462 -0.125618 0.0119277
v8952 0.0419119 -0.125616 0.0118724
v8953 0.0756491 -0.131008 0.00436283
v8954 0.0490753 -0.110147 0.00523898
v8955 0.0635254 -0.125908 0.00447623
v8956 0.0636609 -0.125905 0.00445992
v8957 0.0639291 -0.125901 0.00441934
v8958 0.0736948 -0.131062 0.00447924
v8959 0.0775042 -0.125682 0.002353
v8960 0.0776458 -0.125677 0.00234895
v8961 0.0779346 -0.125665 0.00235371
v8962 0.0782258 -0.125652 0.00236399
v8963 0.0792072 -0.125622 0.002308
v8964 0.079496 -0.12561 0.00231112
v8965 0.0797856 -0.125597 0.0023161
v8966 0.0434886 -0.109886 0.00781337
v8967 0.043364 -0.10988 0.00787144
v8968 0.0462716 -0.129925 0.0110745
v8969 0.0465274 -0.129927 0.0109884
v8970 0.0467836 -0.12993 0.0109038
v8971 0.0475528 -0.129937 0.0106537
v8972 0.0476797 -0.129938 0.0106079
v8973 0.0479346 -0.129942 0.01052
v8974 0.0689068 -0.130021 0.00448991
v8975 0.0690476 -0.130016 0.00448696
v8976 0.0693285 -0.130007 0.0044788
v8977 0.0696057 -0.129999 0.00446086
v8978 0.0697443 -0.129995 0.0044519
v8979 0.0700182 -0.129989 0.00442509
v8980 0.0812952 -0.128133 0.00312556
v8981 0.0810024 -0.128145 0.00311467
v8982 0.0807142 -0.128156 0.00311434
v8983 0.0804268 -0.128167 0.00311569
v8984 0.0633892 -0.127052 0.00498975
v8985 0.0632551 -0.127054 0.00501031
v8986 0.0801457 -0.128175 0.00313121
v8987 0.0799998 -0.128181 0.00312649
v8988 0.0628589 -0.127057 0.00508831
v8989 0.0676986 -0.107932 -0.000523301
v8990 0.0625934 -0.12706 0.00513647
v8991 0.0797169 -0.12819 0.00313773
v8992 0.0623321 -0.127061 0.00519642
v8993 0.0794302 -0.128201 0.00313953
v8994 0.0620736 -0.127061 0.00526441
v8995 0.0791447 -0.128211 0.00314404
v8996 0.0618179 -0.12706 0.00534021
v8997 0.0788555 -0.128223 0.00313969
v8998 0.0615604 -0.127059 0.0054112
v8999 0.077874 -0.128252 0.00319495
v9000 0.0613063 -0.127057 0.00549185
v9001 0.0777287 -0.128258 0.00319039
v9002 0.0610514 -0.127055 0.00557058
v9003 0.0761755 -0.128309 0.00324464
v9004 0.0607931 -0.127054 0.00563959
v9005 0.0757546 -0.128322 0.00326486
v9006 0.0605328 -0.127055 0.0057028
v9007 0.0756153 -0.128326 0.00327404
v9008 0.0602764 -0.127053 0.00577763
v9009 0.0753329 -0.128335 0.00328266
v9010 0.0738054 -0.128377 0.00338977
v9011 0.0598895 -0.127053 0.00588306
v9012 0.0716378 -0.107834 -0.0010333
v9013 0.0596288 -0.127053 0.00594557
v9014 0.0595021 -0.127052 0.00598739
v9015 0.059373 -0.127051 0.00602235
v9016 0.0719205 -0.107821 -0.00104185
v9017 0.0780668 -0.110079 -0.000831299
v9018 0.0589758 -0.127056 0.00609795
v9019 0.0576513 -0.127069 0.00634909
v9020 0.057521 -0.127069 0.00638049
v9021 0.0777717 -0.110098 -0.000847444
v9022 0.0572618 -0.127069 0.00644749
v9023 0.0774739 -0.110118 -0.000870544
v9024 0.0570006 -0.12707 0.00650878
v9025 0.0771809 -0.110136 -0.000882509
v9026 0.0567419 -0.12707 0.00657746
v9027 0.0770347 -0.110145 -0.000887804
v9028 0.0564804 -0.127071 0.00663814
v9029 0.0745551 -0.110292 -0.000979583
v9030 0.056224 -0.127069 0.00671402
v9031 0.074268 -0.110307 -0.000980778
v9032 0.0559652 -0.127069 0.00678266
v9033 0.0558342 -0.12707 0.00681215
v9034 0.0739804 -0.110323 -0.000983643
v9035 0.0555761 -0.127069 0.00688323
v9036 0.0736951 -0.110337 -0.000981209
v9037 0.0553231 -0.127066 0.00696988
v9038 0.073411 -0.110351 -0.000975915
v9039 0.0550681 -0.127063 0.00705059
v9040 0.0800855 -0.125581 0.00234478
v9041 0.0548103 -0.127062 0.00712297
v9042 0.0729861 -0.11037 -0.000965557
v9043 0.0545611 -0.127057 0.00722196
v9044 0.0727042 -0.110383 -0.000955427
v9045 0.0822727 -0.125485 0.0024037
v9046 0.0825596 -0.125474 0.00239939
v9047 0.0828502 -0.125462 0.00240326
v9048 0.0829965 -0.125455 0.00240735
v9049 0.0832892 -0.125442 0.00241573
v9050 0.083583 -0.125429 0.00242602
v9051 0.0535516 -0.127042 0.00758135
v9052 0.0837261 -0.125424 0.00242251
v9053 0.0722029 -0.107808 -0.00105125
v9054 0.0732496 -0.128393 0.00342653
v9055 0.0398218 -0.125556 0.0119143
v9056 0.040099 -0.125547 0.0119034
v9057 0.0405094 -0.125536 0.011867
v9058 0.0406515 -0.125529 0.0118742
v9059 0.0409336 -0.125517 0.0118813
v9060 0.0727564 -0.107789 -0.00109911
v9061 0.0417628 -0.125491 0.0118353
v9062 0.0521734 -0.127015 0.00811323
v9063 0.0422906 -0.12549 0.0117116
v9064 0.0425451 -0.125494 0.0116156
v9065 0.0641737 -0.125774 0.00430189
v9066 0.0644407 -0.12577 0.00425802
v9067 0.0690619 -0.131155 0.00501453
v9068 0.0689229 -0.131159 0.0050224
v9069 0.0686434 -0.131167 0.00503434
v9070 0.0670033 -0.131203 0.00519889
v9071 0.076238 -0.125591 0.00239301
v9072 0.0791998 -0.125491 0.00227516
v9073 0.0806573 -0.125426 0.0023201
v9074 0.0809448 -0.125415 0.0023187
v9075 0.0812414 -0.1254 0.00233812
v9076 0.0813883 -0.125393 0.00234466
v9077 0.0816724 -0.125383 0.00233482
v9078 0.0819632 -0.125371 0.00233996
v9079 0.0822596 -0.125356 0.00235784
v9080 0.0825478 -0.125345 0.00235653
v9081 0.0828353 -0.125334 0.00235347
v9082 0.0831329 -0.125319 0.00237293
v9083 0.0832787 -0.125313 0.00237581
v9084 0.0730453 -0.107772 -0.00109311
v9085 0.0733271 -0.10776 -0.00110513
v9086 0.0398069 -0.12543 0.0118541
v9087 0.0399438 -0.125426 0.0118423
v9088 0.0400846 -0.12542 0.0118453
v9089 0.0403589 -0.125412 0.0118238
v9090 0.0486231 -0.126963 0.00936565
v9091 0.0406332 -0.125405 0.0118018
v9092 0.0483675 -0.126961 0.00944997
v9093 0.0709642 -0.127153 0.00326978
v9094 0.0409101 -0.125396 0.011789
v9095 0.0706985 -0.127156 0.00331758
v9096 0.0736119 -0.107746 -0.00111002
v9097 0.0704355 -0.127158 0.00337212
v9098 0.0738978 -0.107731 -0.00111255
v9099 0.0701693 -0.127161 0.00341865
v9100 0.0420049 -0.125368 0.0116888
v9101 0.069903 -0.127164 0.00346478
v9102 0.0422683 -0.125367 0.0116251
v9103 0.0696402 -0.127166 0.00352008
v9104 0.0423975 -0.125368 0.0115843
v9105 0.0693767 -0.127168 0.00357338
v9106 0.0425262 -0.12537 0.0115416
v9107 0.0691148 -0.12717 0.00363095
v9108 0.0427821 -0.125374 0.0114512
v9109 0.0688536 -0.127171 0.00369028
v9110 0.0634833 -0.125661 0.00433568
v9111 0.0685928 -0.127172 0.00375082
v9112 0.0636204 -0.125657 0.00432399
v9113 0.0683306 -0.127174 0.00380766
v9114 0.0638843 -0.125655 0.00427196
v9115 0.0680678 -0.127175 0.00386279
v9116 0.0641538 -0.12565 0.00423504
v9117 0.0678049 -0.127177 0.00391778
v9118 0.0644205 -0.125646 0.0041905
v9119 0.0623581 -0.130856 0.00600125
v9120 0.0762244 -0.125463 0.00234526
v9121 0.0626162 -0.130856 0.00593301
v9122 0.077487 -0.125423 0.00228179
v9123 0.0776321 -0.125416 0.00228611
v9124 0.0630026 -0.130857 0.00582857
v9125 0.0779216 -0.125404 0.00229255
v9126 0.0632623 -0.130856 0.00576484
v9127 0.0675472 -0.127177 0.0039866
v9128 0.0793355 -0.125355 0.00224114
v9129 0.0672867 -0.127178 0.00404805
v9130 0.0671565 -0.127178 0.00407886
v9131 0.0670287 -0.127178 0.00411602
v9132 0.0794794 -0.12535 0.00224136
v9133 0.0667687 -0.127178 0.00417893
v9134 0.07977 -0.125337 0.00224868
v9135 0.0800652 -0.125322 0.00226624
v9136 0.066379 -0.127179 0.00427413
v9137 0.0803582 -0.125309 0.00227853
v9138 0.0661209 -0.127179 0.00434228
v9139 0.0453428 -0.107259 0.00727072
v9140 0.0658634 -0.127178 0.00441192
v9141 0.0454653 -0.107267 0.00720535
v9142 0.0656027 -0.127179 0.00447311
v9143 0.0457148 -0.107279 0.0070906
v9144 0.0653429 -0.127179 0.00453672
v9145 0.0459674 -0.107288 0.00698663
v9146 0.0650859 -0.127179 0.00460819
v9147 0.0456086 -0.11012 0.00685407
v9148 0.0648267 -0.127179 0.00467378
v9149 0.0453605 -0.110108 0.00697038
v9150 0.0645687 -0.127178 0.00474249
v9151 0.0452365 -0.110102 0.00702915
v9152 0.0643112 -0.127178 0.00481265
v9153 0.0451119 -0.110097 0.00708562
v9154 0.0640513 -0.127178 0.00487648
v9155 0.0448641 -0.110084 0.00720417
v9156 0.0637906 -0.127179 0.00493792
v9157 0.0446149 -0.110073 0.00731803
v9158 0.0444894 -0.110068 0.00737186
v9159 0.0442402 -0.110056 0.00748668
v9160 0.043991 -0.110045 0.00760144
v9161 0.0437387 -0.110035 0.00770611
v9162 0.0434859 -0.110026 0.00780916
v9163 0.0433607 -0.110021 0.00786501
v9164 0.0627309 -0.12719 0.00513729
v9165 0.0463455 -0.107303 0.00682858
v9166 0.0465965 -0.107314 0.00672016
v9167 0.0495901 -0.10745 0.00538755
v9168 0.0498404 -0.10746 0.00528143
v9169 0.0500916 -0.10747 0.00517893
v9170 0.050213 -0.107478 0.00511418
v9171 0.050336 -0.107484 0.00505469
v9172 0.0505835 -0.107496 0.00494097
v9173 0.0508374 -0.107503 0.00484835
v9174 0.0512111 -0.107519 0.0046867
v9175 0.0514595 -0.10753 0.00457726
v9176 0.0517103 -0.107539 0.00447565
v9177 0.0519575 -0.107551 0.004363
v9178 0.0520823 -0.107556 0.00431053
v9179 0.0521992 -0.107567 0.00423335
v9180 0.060667 -0.127186 0.00569394
v9181 0.0524498 -0.107576 0.0041322
v9182 0.0527017 -0.107584 0.00403527
v9183 0.0791391 -0.110128 -0.000669927
v9184 0.0554683 -0.107672 0.00297561
v9185 0.0767469 -0.110294 -0.000872956
v9186 0.0764394 -0.11032 -0.000920364
v9187 0.0761485 -0.110337 -0.000928777
v9188 0.0758566 -0.110355 -0.000939929
v9189 0.0755633 -0.110373 -0.000954755
v9190 0.0752773 -0.110387 -0.000952175
v9191 0.0751394 -0.110391 -0.000938735
v9192 0.0748495 -0.110408 -0.000946305
v9193 0.0731274 -0.110499 -0.000955386
v9194 0.0428951 -0.125249 0.0113465
v9195 0.0430261 -0.125249 0.0113124
v9196 0.0432825 -0.125253 0.0112245
v9197 0.057132 -0.127203 0.00649066
v9198 0.0435419 -0.125255 0.0111471
v9199 0.0494172 -0.125339 0.00911319
v9200 0.0495417 -0.125342 0.00905965
v9201 0.0497905 -0.125349 0.0089524
v9202 0.0499186 -0.12535 0.0089111
v9203 0.066386 -0.125502 0.00374878
v9204 0.0586922 -0.13122 0.00725908
v9205 0.0762109 -0.125336 0.00229776
v9206 0.0763508 -0.125331 0.00229005
v9207 0.0809203 -0.125158 0.00223069
v9208 0.0812137 -0.125144 0.00224267
v9209 0.0815071 -0.12513 0.00225457
v9210 0.0816483 -0.125126 0.00224762
v9211 0.0819359 -0.125114 0.00224567
v9212 0.0822312 -0.1251 0.00226102
v9213 0.0825203 -0.125089 0.00226169
v9214 0.0828124 -0.125076 0.00226912
v9215 0.0831045 -0.125063 0.00227625
v9216 0.0833999 -0.125049 0.00229041
v9217 0.0835451 -0.125043 0.00229188
v9218 0.0404692 -0.125154 0.0117038
v9219 0.0543188 -0.127182 0.00735216
v9220 0.0406038 -0.125152 0.0116835
v9221 0.0408716 -0.125148 0.0116372
v9222 0.0539378 -0.127178 0.00747921
v9223 0.0410056 -0.125146 0.0116141
v9224 0.0536824 -0.127175 0.00755987
v9225 0.053555 -0.127174 0.00760114
v9226 0.0534271 -0.127173 0.00764086
v9227 0.041139 -0.125145 0.0115889
v9228 0.0531804 -0.127166 0.00774902
v9229 0.04141 -0.12514 0.0115544
v9230 0.0529271 -0.127163 0.00783705
v9231 0.0527999 -0.127161 0.00787934
v9232 0.0526753 -0.127159 0.00792992
v9233 0.0562299 -0.107689 0.00271306
v9234 0.0524255 -0.127153 0.00802923
v9235 0.0422254 -0.125122 0.0114586
v9236 0.052175 -0.127148 0.00812676
v9237 0.0520501 -0.127146 0.00817674
v9238 0.0424863 -0.125123 0.0113863
v9239 0.0517977 -0.127142 0.00826839
v9240 0.0426156 -0.125124 0.011346
v9241 0.0515466 -0.127137 0.00836477
v9242 0.0514208 -0.127135 0.0084121
v9243 0.0512979 -0.127131 0.00846922
v9244 0.0427478 -0.125123 0.0113166
v9245 0.0510434 -0.127128 0.00855508
v9246 0.04301 -0.125123 0.011249
v9247 0.0507892 -0.127124 0.0086419
v9248 0.0506613 -0.127123 0.00868297
v9249 0.050534 -0.127122 0.008726
v9250 0.0432658 -0.125127 0.0111588
v9251 0.0435256 -0.125129 0.0110834
v9252 0.050154 -0.127116 0.0088617
v9253 0.0436544 -0.12513 0.0110416
v9254 0.0499004 -0.127112 0.00895135
v9255 0.0439064 -0.125136 0.0109383
v9256 0.0496454 -0.127109 0.00903686
v9257 0.0467128 -0.12518 0.0099433
v9258 0.0493929 -0.127105 0.00913056
v9259 0.0468414 -0.125182 0.00990221
v9260 0.0491405 -0.1271 0.00922507
v9261 0.0470984 -0.125184 0.00981975
v9262 0.0488852 -0.127097 0.00931014
v9263 0.0474799 -0.125191 0.00968287
v9264 0.048626 -0.127097 0.00938249
v9265 0.047607 -0.125193 0.00963715
v9266 0.0483694 -0.127094 0.00946353
v9267 0.0478596 -0.125198 0.0095407
v9268 0.0481129 -0.127092 0.00954544
v9269 0.0481155 -0.125201 0.00945516
v9270 0.0482431 -0.125203 0.00941154
v9271 0.0477248 -0.12709 0.00965666
v9272 0.0484962 -0.125207 0.00931717
v9273 0.0474655 -0.127089 0.00972944
v9274 0.0473359 -0.127089 0.00976591
v9275 0.0472093 -0.127087 0.0098127
v9276 0.0487544 -0.125209 0.00924011
v9277 0.0469517 -0.127085 0.00989117
v9278 0.0490124 -0.125211 0.00916278
v9279 0.046695 -0.127082 0.00997317
v9280 0.0465666 -0.127081 0.0100142
v9281 0.0464374 -0.12708 0.0100523
v9282 0.0500229 -0.12523 0.00878355
v9283 0.0461813 -0.127078 0.0101366
v9284 0.0536559 -0.12531 0.00735047
v9285 0.0459219 -0.127077 0.0102096
v9286 0.0539085 -0.125314 0.00726025
v9287 0.0456628 -0.127075 0.0102841
v9288 0.0664956 -0.125377 0.0036501
v9289 0.0666261 -0.125377 0.00362025
v9290 0.0668915 -0.125374 0.00357191
v9291 0.0540344 -0.131157 0.00894071
v9292 0.0537875 -0.131151 0.00904922
v9293 0.0766223 -0.125193 0.00223954
v9294 0.0776206 -0.125154 0.00222866
v9295 0.0779047 -0.125144 0.00222211
v9296 0.0793191 -0.125095 0.00217186
v9297 0.0697772 -0.127296 0.0035204
v9298 0.0796065 -0.125084 0.00217163
v9299 0.0797516 -0.125077 0.00217477
v9300 0.0800406 -0.125065 0.00217786
v9301 0.0803317 -0.125052 0.00218556
v9302 0.0806208 -0.12504 0.00218843
v9303 0.057368 -0.107718 0.00231033
v9304 0.0576151 -0.107728 0.00220447
v9305 0.0577397 -0.107733 0.00215479
v9306 0.04018 -0.125035 0.0116655
v9307 0.0684644 -0.127305 0.00379922
v9308 0.0405871 -0.125026 0.0116167
v9309 0.0423318 -0.125001 0.0113295
v9310 0.0432326 -0.110156 0.00791637
v9311 0.077184 -0.129817 0.00378337
v9312 0.0773255 -0.129812 0.00377885
v9313 0.0794268 -0.129753 0.0036543
v9314 0.079566 -0.129749 0.00364366
v9315 0.0798511 -0.12974 0.00363774
v9316 0.0801393 -0.129729 0.00363871
v9317 0.0802857 -0.129723 0.00364456
v9318 0.080573 -0.129712 0.0036431
v9319 0.0338977 -0.129673 0.0151189
v9320 0.0341548 -0.129677 0.0150257
v9321 0.0344126 -0.12968 0.0149358
v9322 0.0346697 -0.129684 0.0148434
v9323 0.0349263 -0.129688 0.0147491
v9324 0.0351822 -0.129692 0.0146521
v9325 0.0354382 -0.129696 0.014556
v9326 0.0356939 -0.1297 0.0144592
v9327 0.0360815 -0.129704 0.0143307
v9328 0.036209 -0.129706 0.0142812
v9329 0.0363374 -0.129708 0.0142356
v9330 0.0365943 -0.129712 0.0141445
v9331 0.0368518 -0.129715 0.0140561
v9332 0.0371098 -0.129717 0.0139702
v9333 0.037363 -0.129723 0.0138651
v9334 0.0376178 -0.129727 0.0137671
v9335 0.0378682 -0.129734 0.0136521
v9336 0.0381177 -0.129742 0.0135338
v9337 0.0382477 -0.129742 0.0134957
v9338 0.0385038 -0.129746 0.0134039
v9339 0.0387572 -0.129751 0.0133021
v9340 0.0677071 -0.107792 -0.000514442
v9341 0.0397849 -0.129762 0.0129519
v9342 0.0780658 -0.11035 -0.000802799
v9343 0.0779177 -0.110359 -0.000812277
v9344 0.0777715 -0.110368 -0.00081744
v9345 0.0774758 -0.110387 -0.000835559
v9346 0.0771855 -0.110403 -0.000841252
v9347 0.0770388 -0.110412 -0.000847709
v9348 0.0744136 -0.110568 -0.000945783
v9349 0.074272 -0.110575 -0.000941895
v9350 0.0628641 -0.127322 0.00512629
v9351 0.0627331 -0.127322 0.00515518
v9352 0.0626027 -0.127323 0.00518596
v9353 0.0739796 -0.110593 -0.00095639
v9354 0.0623424 -0.127324 0.00524842
v9355 0.0736974 -0.110605 -0.000946485
v9356 0.0620845 -0.127323 0.00531801
v9357 0.0734107 -0.11062 -0.000947582
v9358 0.0618264 -0.127323 0.00538731
v9359 0.0616978 -0.127322 0.00542311
v9360 0.0615697 -0.127322 0.00546027
v9361 0.0731257 -0.110634 -0.000944968
v9362 0.0729831 -0.110642 -0.000944232
v9363 0.0433774 -0.125003 0.01105
v9364 0.0461838 -0.125048 0.0100506
v9365 0.0463124 -0.12505 0.0100096
v9366 0.0464401 -0.125051 0.00996544
v9367 0.0465677 -0.125053 0.00992076
v9368 0.0468205 -0.125058 0.00982408
v9369 0.0470772 -0.125061 0.00974084
v9370 0.0472052 -0.125063 0.00969779
v9371 0.0473344 -0.125064 0.0096592
v9372 0.0475895 -0.125068 0.00957105
v9373 0.0479672 -0.125076 0.00942225
v9374 0.0597674 -0.127316 0.00595996
v9375 0.0482243 -0.125078 0.00934134
v9376 0.0484798 -0.125082 0.009255
v9377 0.0487383 -0.125083 0.00917929
v9378 0.0587045 -0.127329 0.00615048
v9379 0.0584402 -0.127331 0.0062025
v9380 0.0583059 -0.127333 0.00622177
v9381 0.0580376 -0.127338 0.00626189
v9382 0.0489959 -0.125085 0.00910046
v9383 0.0577783 -0.127338 0.00632819
v9384 0.0492553 -0.125086 0.00902766
v9385 0.0575222 -0.127336 0.0064044
v9386 0.0495026 -0.125094 0.00891545
v9387 0.0572625 -0.127336 0.00646987
v9388 0.0571328 -0.127336 0.00650325
v9389 0.0570025 -0.127337 0.00653463
v9390 0.0497554 -0.125099 0.0088214
v9391 0.0567424 -0.127337 0.006599
v9392 0.050127 -0.12511 0.0086559
v9393 0.0564783 -0.127339 0.00665143
v9394 0.0502513 -0.125113 0.00860237
v9395 0.0562254 -0.127336 0.00673784
v9396 0.056098 -0.127335 0.00677815
v9397 0.050375 -0.125117 0.00854695
v9398 0.0558332 -0.127338 0.00682845
v9399 0.0506227 -0.125125 0.00843763
v9400 0.0555717 -0.127339 0.00688893
v9401 0.0508684 -0.125133 0.00832191
v9402 0.055324 -0.127333 0.00699182
v9403 0.0511165 -0.12514 0.0082143
v9404 0.0550681 -0.127331 0.00706966
v9405 0.0513675 -0.125145 0.00811677
v9406 0.0548077 -0.127331 0.00713367
v9407 0.053506 -0.125186 0.00731277
v9408 0.054563 -0.127324 0.00724667
v9409 0.0544396 -0.127321 0.00729983
v9410 0.0536339 -0.125187 0.00727272
v9411 0.0541425 -0.125194 0.00710354
v9412 0.0668666 -0.125252 0.00349276
v9413 0.0671307 -0.125249 0.00344126
v9414 0.0516307 -0.131126 0.00979852
v9415 0.0512597 -0.131117 0.00996346
v9416 0.0511382 -0.131113 0.0100258
v9417 0.0506294 -0.131107 0.0102015
v9418 0.076614 -0.125063 0.00220483
v9419 0.0773237 -0.125037 0.00218907
v9420 0.0793074 -0.124966 0.00212885
v9421 0.0795981 -0.124954 0.00213647
v9422 0.0798897 -0.12494 0.00214592
v9423 0.0800352 -0.124934 0.0021499
v9424 0.0803246 -0.124922 0.00215356
v9425 0.0806141 -0.124909 0.00215721
v9426 0.0808981 -0.124899 0.00214779
v9427 0.0811887 -0.124887 0.00215366
v9428 0.081478 -0.124875 0.00215601
v9429 0.081769 -0.124862 0.00216194
v9430 0.0819147 -0.124856 0.00216525
v9431 0.0822061 -0.124843 0.00217178
v9432 0.0824963 -0.124831 0.00217507
v9433 0.0827885 -0.124818 0.00218276
v9434 0.0830767 -0.124806 0.00218102
v9435 0.0833687 -0.124794 0.00218758
v9436 0.0836618 -0.12478 0.00219641
v9437 0.0838079 -0.124774 0.00219967
v9438 0.040698 -0.129764 0.0127007
v9439 0.0416001 -0.129772 0.0124106
v9440 0.0404382 -0.124901 0.0115794
v9441 0.0415099 -0.124887 0.0113963
v9442 0.0416417 -0.124887 0.0113655
v9443 0.0417757 -0.124885 0.0113426
v9444 0.0419101 -0.124883 0.0113212
v9445 0.0421781 -0.124879 0.0112755
v9446 0.0424443 -0.124877 0.0112234
v9447 0.0428413 -0.124875 0.0111361
v9448 0.0431048 -0.124874 0.0110741
v9449 0.0433604 -0.124878 0.0109836
v9450 0.049269 -0.127236 0.00919302
v9451 0.0436175 -0.124881 0.0108986
v9452 0.0438712 -0.124886 0.0108013
v9453 0.0439985 -0.124889 0.0107546
v9454 0.0441252 -0.124891 0.010706
v9455 0.0446371 -0.124898 0.0105294
v9456 0.0448892 -0.124904 0.0104283
v9457 0.0452712 -0.124911 0.0102902
v9458 0.0453986 -0.124913 0.0102446
v9459 0.0455268 -0.124914 0.0102018
v9460 0.0457806 -0.124919 0.0101073
v9461 0.0461658 -0.124924 0.00998179
v9462 0.0469296 -0.124936 0.0097097
v9463 0.047695 -0.124947 0.00944528
v9464 0.0484562 -0.12496 0.00916858
v9465 0.0493507 -0.124971 0.00887039
v9466 0.0499794 -0.124985 0.00862526
v9467 0.0506022 -0.125001 0.00836284
v9468 0.0512233 -0.125018 0.00809689
v9469 0.0514729 -0.125024 0.00799492
v9470 0.0517227 -0.12503 0.00789388
v9471 0.0519732 -0.125036 0.00779526
v9472 0.0522254 -0.12504 0.00770276
v9473 0.0533594 -0.125061 0.00728536
v9474 0.0613205 -0.130725 0.00624937
v9475 0.0614477 -0.130726 0.00620981
v9476 0.053614 -0.125064 0.00720159
v9477 0.061702 -0.130727 0.00613045
v9478 0.0538669 -0.125068 0.00711247
v9479 0.0619592 -0.130728 0.00605926
v9480 0.0541207 -0.125071 0.00702651
v9481 0.0452255 -0.110386 0.00700347
v9482 0.0623458 -0.130728 0.00595523
v9483 0.0624753 -0.130728 0.00592231
v9484 0.0450994 -0.110381 0.0070546
v9485 0.0627351 -0.130728 0.00585894
v9486 0.0448523 -0.110369 0.0071752
v9487 0.0629926 -0.130728 0.00578889
v9488 0.0444762 -0.110353 0.00733782
v9489 0.0442283 -0.110341 0.00745654
v9490 0.0633767 -0.130729 0.00567837
v9491 0.043981 -0.110328 0.00757793
v9492 0.0437272 -0.11032 0.00767685
v9493 0.0434737 -0.110312 0.00777705
v9494 0.043222 -0.110302 0.00788386
v9495 0.0429717 -0.110291 0.0079964
v9496 0.0454056 -0.127208 0.010371
v9497 0.0703987 -0.107739 -0.000928284
v9498 0.0425122 -0.129774 0.0121596
v9499 0.0707126 -0.127416 0.00338087
v9500 0.0715047 -0.107701 -0.00102258
v9501 0.0704462 -0.127419 0.00342661
v9502 0.0724854 -0.10766 -0.00107523
v9503 0.0701827 -0.127421 0.00348023
v9504 0.0740475 -0.107584 -0.00111185
v9505 0.0699178 -0.127424 0.00352986
v9506 0.074201 -0.10757 -0.00108754
v9507 0.0696505 -0.127428 0.00357333
v9508 0.0743468 -0.107561 -0.00108226
v9509 0.0693833 -0.127432 0.00361707
v9510 0.074491 -0.107553 -0.00108087
v9511 0.0691204 -0.127434 0.00367199
v9512 0.0468555 -0.10718 0.00663234
v9513 0.0688573 -0.127436 0.00372622
v9514 0.0471075 -0.10719 0.00652754
v9515 0.0685933 -0.127438 0.00377811
v9516 0.0684618 -0.127439 0.0038056
v9517 0.0683332 -0.127439 0.00384036
v9518 0.0472277 -0.107199 0.00645617
v9519 0.0680698 -0.127441 0.00389402
v9520 0.0473543 -0.107204 0.00640608
v9521 0.067804 -0.127444 0.00394115
v9522 0.0476064 -0.107213 0.00630244
v9523 0.0675431 -0.127445 0.00400143
v9524 0.0478562 -0.107225 0.00619169
v9525 0.0672818 -0.127446 0.00406037
v9526 0.0482289 -0.107243 0.00601982
v9527 0.067024 -0.127446 0.00412889
v9528 0.0484807 -0.107253 0.00591653
v9529 0.0667635 -0.127447 0.00419025
v9530 0.0798978 -0.110341 -0.000554618
v9531 0.0664988 -0.127449 0.00424055
v9532 0.0795971 -0.110362 -0.000581472
v9533 0.0487268 -0.107266 0.00579503
v9534 0.0661098 -0.12745 0.00433724
v9535 0.0791371 -0.110399 -0.000643313
v9536 0.065852 -0.12745 0.00440592
v9537 0.0489768 -0.107277 0.00568687
v9538 0.0655948 -0.127449 0.00447632
v9539 0.0491023 -0.107282 0.0056344
v9540 0.0653371 -0.127449 0.00454563
v9541 0.077775 -0.110501 -0.000793755
v9542 0.0650807 -0.127448 0.00461852
v9543 0.0767403 -0.110568 -0.000858448
v9544 0.0648226 -0.127447 0.00468686
v9545 0.0764436 -0.110588 -0.000880333
v9546 0.0645647 -0.127447 0.00475579
v9547 0.076149 -0.110607 -0.000897511
v9548 0.0643048 -0.127447 0.00481913
v9549 0.0758608 -0.110622 -0.000899836
v9550 0.0640451 -0.127448 0.00488315
v9551 0.0755747 -0.110636 -0.000897607
v9552 0.0637867 -0.127448 0.00495114
v9553 0.0752896 -0.11065 -0.000892823
v9554 0.0635205 -0.127451 0.00499734
v9555 0.0751432 -0.110659 -0.000900037
v9556 0.0748509 -0.110677 -0.000913473
v9557 0.0631292 -0.127452 0.00508859
v9558 0.0665787 -0.125132 0.00346819
v9559 0.0668434 -0.125129 0.00341839
v9560 0.0671081 -0.125127 0.00336846
v9561 0.0504991 -0.131107 0.0102355
v9562 0.0502401 -0.131106 0.0103084
v9563 0.0501128 -0.131105 0.0103524
v9564 0.0499851 -0.131104 0.0103948
v9565 0.0494786 -0.131096 0.0105801
v9566 0.0487146 -0.131088 0.0108456
v9567 0.0771711 -0.124913 0.00215196
v9568 0.0773134 -0.124908 0.00214963
v9569 0.0776012 -0.124896 0.00215214
v9570 0.077889 -0.124884 0.00215453
v9571 0.0613141 -0.127453 0.00554798
v9572 0.0791591 -0.124841 0.00210285
v9573 0.0610543 -0.127454 0.00561249
v9574 0.0793016 -0.124835 0.00209995
v9575 0.0607964 -0.127453 0.00568251
v9576 0.0795938 -0.124822 0.00211108
v9577 0.0605413 -0.127451 0.00576062
v9578 0.0798857 -0.124808 0.00212112
v9579 0.08003 -0.124802 0.00212221
v9580 0.0601619 -0.127447 0.00588734
v9581 0.0803169 -0.124791 0.00212002
v9582 0.0598964 -0.12745 0.0059357
v9583 0.0597649 -0.127451 0.00596331
v9584 0.0596327 -0.127452 0.00598931
v9585 0.0806046 -0.12478 0.00211955
v9586 0.0593749 -0.127452 0.00605981
v9587 0.0808879 -0.12477 0.00210855
v9588 0.0820445 -0.124722 0.00211619
v9589 0.082191 -0.124715 0.00212118
v9590 0.0492238 -0.10729 0.00556882
v9591 0.0494739 -0.107301 0.00546179
v9592 0.0497238 -0.107311 0.00535435
v9593 0.0498486 -0.107317 0.00530024
v9594 0.0824806 -0.124703 0.00212336
v9595 0.0827728 -0.12469 0.00213094
v9596 0.0830615 -0.124679 0.00213043
v9597 0.0833553 -0.124665 0.002141
v9598 0.0836482 -0.124652 0.00214947
v9599 0.0404219 -0.124776 0.0115142
v9600 0.0405566 -0.124774 0.0114941
v9601 0.0414942 -0.124761 0.0113339
v9602 0.042823 -0.12475 0.0110647
v9603 0.0437261 -0.124759 0.0107791
v9604 0.044109 -0.124765 0.0106428
v9605 0.044364 -0.12477 0.010551
v9606 0.0444923 -0.124771 0.0105082
v9607 0.044621 -0.124772 0.0104668
v9608 0.0449994 -0.124781 0.0103159
v9609 0.0451265 -0.124783 0.010269
v9610 0.0452537 -0.124786 0.010223
v9611 0.0455092 -0.124789 0.0101343
v9612 0.0457621 -0.124795 0.0100369
v9613 0.0458907 -0.124796 0.0099957
v9614 0.0551944 -0.127467 0.00703524
v9615 0.0460196 -0.124797 0.00995554
v9616 0.0462743 -0.124801 0.00986502
v9617 0.0465287 -0.124806 0.00977362
v9618 0.0466563 -0.124807 0.00972924
v9619 0.0467824 -0.12481 0.00967996
v9620 0.0544454 -0.127452 0.00732699
v9621 0.0543231 -0.127448 0.00738382
v9622 0.0470371 -0.124814 0.00959005
v9623 0.0474184 -0.12482 0.00945329
v9624 0.0539432 -0.127443 0.00751427
v9625 0.047674 -0.124824 0.00936711
v9626 0.0536892 -0.12744 0.00759893
v9627 0.0479255 -0.12483 0.00926712
v9628 0.0534323 -0.127439 0.00767504
v9629 0.0481808 -0.124833 0.0091804
v9630 0.0531807 -0.127434 0.0077679
v9631 0.0484345 -0.124837 0.00908875
v9632 0.0529279 -0.127431 0.00785701
v9633 0.0486942 -0.124838 0.00901715
v9634 0.0526794 -0.127425 0.00796011
v9635 0.0489455 -0.124844 0.00891791
v9636 0.0524307 -0.127419 0.00806291
v9637 0.0523088 -0.127415 0.00812218
v9638 0.0492029 -0.124846 0.00883903
v9639 0.0520576 -0.12741 0.00821756
v9640 0.0495792 -0.124855 0.00868853
v9641 0.0518033 -0.127407 0.00830333
v9642 0.049706 -0.124857 0.00864309
v9643 0.0515489 -0.127404 0.00838877
v9644 0.0498305 -0.12486 0.00859017
v9645 0.051298 -0.127399 0.00848577
v9646 0.050084 -0.124864 0.00849946
v9647 0.0510447 -0.127396 0.00857527
v9648 0.0503335 -0.124871 0.00839574
v9649 0.0507949 -0.12739 0.00867643
v9650 0.050458 -0.124874 0.00834292
v9651 0.0505394 -0.127388 0.00875939
v9652 0.0505821 -0.124878 0.00828929
v9653 0.0508305 -0.124884 0.00818285
v9654 0.0501572 -0.127383 0.00888755
v9655 0.0500283 -0.127383 0.0089255
v9656 0.0498999 -0.127382 0.00896493
v9657 0.0510788 -0.124891 0.0080763
v9658 0.0496479 -0.127377 0.00906009
v9659 0.0517042 -0.124906 0.0078262
v9660 0.0493965 -0.127372 0.00915752
v9661 0.0492708 -0.12737 0.00920649
v9662 0.049143 -0.127368 0.00924827
v9663 0.0527143 -0.124923 0.00745993
v9664 0.0488861 -0.127366 0.00932787
v9665 0.0530888 -0.124932 0.00731029
v9666 0.0486327 -0.127362 0.0094195
v9667 0.0532143 -0.124934 0.00726268
v9668 0.0483732 -0.127362 0.00949083
v9669 0.0539728 -0.124946 0.00699495
v9670 0.0481127 -0.127361 0.00955876
v9671 0.0543568 -0.124949 0.00687677
v9672 0.0547297 -0.124959 0.00672441
v9673 0.0477299 -0.127357 0.00968792
v9674 0.0549793 -0.124964 0.00662635
v9675 0.0474704 -0.127356 0.00975972
v9676 0.0673663 -0.124993 0.00328849
v9677 0.0472139 -0.127354 0.00984167
v9678 0.0676456 -0.124984 0.00327722
v9679 0.046958 -0.127351 0.00992622
v9680 0.0474402 -0.131073 0.0112892
v9681 0.0467011 -0.127349 0.0100072
v9682 0.0471866 -0.131069 0.0113831
v9683 0.0464436 -0.127347 0.0100865
v9684 0.0770175 -0.12479 0.00211218
v9685 0.0461877 -0.127344 0.0101713
v9686 0.0771596 -0.124785 0.00210929
v9687 0.0459266 -0.127344 0.0102386
v9688 0.0457961 -0.127344 0.0102723
v9689 0.045665 -0.127344 0.010304
v9690 0.077445 -0.124773 0.00210653
v9691 0.0454061 -0.127343 0.0103789
v9692 0.0775918 -0.124766 0.00211466
v9693 0.0788695 -0.12472 0.00208216
v9694 0.0450227 -0.127338 0.0105091
v9695 0.0448946 -0.127337 0.0105514
v9696 0.0425928 -0.110415 0.00815844
v9697 0.0423436 -0.110403 0.00827596
v9698 0.0528353 -0.107446 0.00400166
v9699 0.0700552 -0.127554 0.00353128
v9700 0.0530857 -0.107455 0.0039005
v9701 0.0533352 -0.107465 0.00379673
v9702 0.0534605 -0.107469 0.0037469
v9703 0.0535857 -0.107474 0.00369663
v9704 0.0538334 -0.107484 0.00358801
v9705 0.0540805 -0.107496 0.00347789
v9706 0.0543357 -0.107501 0.00339297
v9707 0.0547139 -0.107512 0.00325181
v9708 0.0548423 -0.107514 0.00321214
v9709 0.0549697 -0.107517 0.00316937
v9710 0.0552243 -0.107522 0.00308336
v9711 0.0554786 -0.107528 0.00299661
v9712 0.0556041 -0.107532 0.00294836
v9713 0.0557344 -0.107533 0.00291457
v9714 0.0559849 -0.107541 0.0028168
v9715 0.0562381 -0.107547 0.0027273
v9716 0.056363 -0.107552 0.0026777
v9717 0.0566128 -0.10756 0.00257859
v9718 0.0568694 -0.107564 0.00249975
v9719 0.0434194 -0.129778 0.0118923
v9720 0.0576234 -0.107586 0.00221809
v9721 0.0578706 -0.107597 0.00211291
v9722 0.0582449 -0.107609 0.00196548
v9723 0.0585007 -0.107613 0.0018857
v9724 0.0587536 -0.107619 0.00179762
v9725 0.0590057 -0.107626 0.00170759
v9726 0.0592566 -0.107633 0.00161413
v9727 0.0595087 -0.10764 0.00152471
v9728 0.0783747 -0.110594 -0.000723618
v9729 0.0780749 -0.110615 -0.000750674
v9730 0.07778 -0.110633 -0.000766706
v9731 0.0774824 -0.110653 -0.000789202
v9732 0.0771894 -0.110671 -0.000801462
v9733 0.0768928 -0.110691 -0.000822598
v9734 0.074417 -0.110836 -0.000908333
v9735 0.0742733 -0.110843 -0.000909368
v9736 0.0739818 -0.110861 -0.000921941
v9737 0.0736972 -0.110875 -0.000917986
v9738 0.0734112 -0.110889 -0.000917431
v9739 0.0815957 -0.124612 0.00206345
v9740 0.08174 -0.124606 0.00206359
v9741 0.0820293 -0.124594 0.00206555
v9742 0.0823208 -0.124582 0.00207208
v9743 0.0824651 -0.124576 0.00207179
v9744 0.0827585 -0.124562 0.00208232
v9745 0.0830467 -0.124551 0.00208077
v9746 0.083342 -0.124537 0.00209473
v9747 0.0836345 -0.124524 0.00210225
v9748 0.0839329 -0.124508 0.00212272
v9749 0.084081 -0.124501 0.00213027
v9750 0.059758 -0.107648 0.00142712
v9751 0.0600095 -0.107655 0.00133634
v9752 0.0601343 -0.107659 0.00128837
v9753 0.06039 -0.107663 0.00120954
v9754 0.040949 -0.124638 0.0113862
v9755 0.0413469 -0.124635 0.011303
v9756 0.0612866 -0.107675 0.000940131
v9757 0.0452243 -0.129791 0.0113301
v9758 0.0424054 -0.124629 0.0110715
v9759 0.0425412 -0.124626 0.0110554
v9760 0.0434551 -0.124629 0.0108088
v9761 0.0442198 -0.124642 0.0105319
v9762 0.046126 -0.129798 0.0110496
v9763 0.0472699 -0.124696 0.00941913
v9764 0.0480318 -0.124708 0.00914501
v9765 0.0487946 -0.12472 0.00887571
v9766 0.05081 -0.124761 0.0081081
v9767 0.0509347 -0.124764 0.00805667
v9768 0.0511851 -0.12477 0.00795718
v9769 0.0375754 -0.128339 0.0130225
v9770 0.081588 -0.128253 0.00315147
v9771 0.0514342 -0.124776 0.00785391
v9772 0.0515602 -0.124779 0.00780684
v9773 0.051686 -0.124781 0.0077593
v9774 0.0519353 -0.124787 0.00765719
v9775 0.052186 -0.124793 0.00756007
v9776 0.0525692 -0.124797 0.00743733
v9777 0.0528195 -0.124802 0.00733936
v9778 0.0529449 -0.124805 0.00729115
v9779 0.0530706 -0.124807 0.00724402
v9780 0.0533217 -0.124812 0.00714924
v9781 0.0535742 -0.124816 0.00705897
v9782 0.0587013 -0.127597 0.00616222
v9783 0.0585674 -0.127599 0.00618292
v9784 0.0584416 -0.127598 0.00622744
v9785 0.0583081 -0.1276 0.00624925
v9786 0.053702 -0.124818 0.00701866
v9787 0.0580447 -0.127602 0.00630361
v9788 0.0538236 -0.124822 0.00695944
v9789 0.0577832 -0.127603 0.0063634
v9790 0.0540827 -0.124823 0.00688997
v9791 0.0575263 -0.127602 0.00643698
v9792 0.054339 -0.124825 0.00681242
v9793 0.0572712 -0.1276 0.00651611
v9794 0.0545865 -0.124831 0.00670733
v9795 0.0570098 -0.127601 0.00657651
v9796 0.054711 -0.124834 0.00665751
v9797 0.0567491 -0.127601 0.00663927
v9798 0.0667991 -0.124883 0.00327465
v9799 0.0564904 -0.127601 0.00670786
v9800 0.0670661 -0.124879 0.0032311
v9801 0.0562332 -0.1276 0.00678107
v9802 0.0561042 -0.1276 0.00681662
v9803 0.0672137 -0.124871 0.00324683
v9804 0.0558434 -0.1276 0.00687908
v9805 0.0673535 -0.124866 0.00324158
v9806 0.055578 -0.127603 0.00692759
v9807 0.0676362 -0.124855 0.00323938
v9808 0.0553257 -0.1276 0.00701597
v9809 0.0551995 -0.127598 0.00706023
v9810 0.0550748 -0.127595 0.00710903
v9811 0.0677849 -0.124846 0.00325744
v9812 0.0548139 -0.127596 0.0071718
v9813 0.0448865 -0.131043 0.0121774
v9814 0.0439777 -0.13104 0.0124404
v9815 0.0787179 -0.124595 0.00204788
v9816 0.079002 -0.124585 0.00204056
v9817 0.0792918 -0.124572 0.00204631
v9818 0.0795859 -0.124558 0.00206183
v9819 0.0798805 -0.124543 0.00207804
v9820 0.0538248 -0.127571 0.00759238
v9821 0.0800215 -0.124539 0.00207141
v9822 0.0803028 -0.12453 0.00205628
v9823 0.0448498 -0.110645 0.00717863
v9824 0.0805861 -0.12452 0.0020454
v9825 0.0808671 -0.124511 0.00202919
v9826 0.0598978 -0.130592 0.00660887
v9827 0.0600264 -0.130592 0.00657303
v9828 0.0530625 -0.127563 0.00784701
v9829 0.0811515 -0.124501 0.00202057
v9830 0.0675759 -0.107657 -0.000498305
v9831 0.0773151 -0.128401 0.00324474
v9832 0.0771728 -0.128406 0.00324726
v9833 0.0768917 -0.128415 0.0032604
v9834 0.0767526 -0.128418 0.00327033
v9835 0.0764681 -0.128428 0.0032749
v9836 0.0757686 -0.128449 0.00331361
v9837 0.0613092 -0.130597 0.0062061
v9838 0.0756301 -0.128453 0.00332486
v9839 0.0753476 -0.128462 0.00333331
v9840 0.0750711 -0.128469 0.00335608
v9841 0.0739642 -0.128498 0.00344398
v9842 0.0698562 -0.107617 -0.00086935
v9843 0.0736844 -0.128507 0.00345796
v9844 0.0622038 -0.130601 0.00594131
v9845 0.0734064 -0.128515 0.00347617
v9846 0.0731262 -0.128523 0.00348846
v9847 0.0729862 -0.128528 0.00349485
v9848 0.0713703 -0.107568 -0.00101507
v9849 0.0716509 -0.107556 -0.00102887
v9850 0.0719306 -0.107545 -0.00104499
v9851 0.0722092 -0.107534 -0.00106417
v9852 0.0632388 -0.1306 0.00567593
v9853 0.0633655 -0.130601 0.00563537
v9854 0.0798945 -0.110613 -0.000531086
v9855 0.0636208 -0.130602 0.00555953
v9856 0.0797452 -0.110623 -0.000541982
v9857 0.0795945 -0.110634 -0.000556195
v9858 0.0794439 -0.110645 -0.000570581
v9859 0.0791409 -0.110667 -0.0006034
v9860 0.0724903 -0.107522 -0.00107719
v9861 0.0768961 -0.110824 -0.000799695
v9862 0.076746 -0.110834 -0.000814707
v9863 0.0764551 -0.110851 -0.000822779
v9864 0.0761567 -0.110872 -0.000849133
v9865 0.0758696 -0.110886 -0.000848928
v9866 0.0755842 -0.1109 -0.000844743
v9867 0.0752932 -0.110917 -0.00085465
v9868 0.0751431 -0.110928 -0.000870765
v9869 0.0748514 -0.110946 -0.000882746
v9870 0.0726294 -0.107517 -0.00108762
v9871 0.0727673 -0.107512 -0.00110076
v9872 0.0730541 -0.107497 -0.00110029
v9873 0.0733345 -0.107485 -0.00111598
v9874 0.0736282 -0.107465 -0.00109911
v9875 0.0403882 -0.124525 0.0113798
v9876 0.0406612 -0.124519 0.0113533
v9877 0.040933 -0.124513 0.0113224
v9878 0.0411985 -0.12451 0.011268
v9879 0.0414612 -0.12451 0.011203
v9880 0.0417227 -0.124511 0.0111337
v9881 0.0419851 -0.12451 0.0110677
v9882 0.0422533 -0.124507 0.0110232
v9883 0.0425225 -0.124502 0.0109822
v9884 0.042787 -0.124501 0.0109243
v9885 0.048507 -0.127494 0.00947588
v9886 0.0430492 -0.124501 0.0108577
v9887 0.0433056 -0.124504 0.0107701
v9888 0.0435633 -0.124507 0.010688
v9889 0.0438178 -0.124512 0.0105941
v9890 0.0440714 -0.124517 0.0104976
v9891 0.044456 -0.124522 0.0103683
v9892 0.0476053 -0.127488 0.00974796
v9893 0.0447056 -0.124529 0.0102581
v9894 0.0449625 -0.124532 0.0101744
v9895 0.0457293 -0.10699 0.0071275
v9896 0.0452179 -0.124536 0.0100854
v9897 0.0454726 -0.12454 0.00999409
v9898 0.0457259 -0.124545 0.00989852
v9899 0.0459833 -0.124548 0.00981717
v9900 0.0462381 -0.124552 0.00972718
v9901 0.0466185 -0.124559 0.00958646
v9902 0.0468737 -0.124563 0.00949838
v9903 0.047001 -0.124565 0.00945328
v9904 0.0471289 -0.124566 0.00941049
v9905 0.0473769 -0.124574 0.00929832
v9906 0.0476304 -0.124579 0.00920559
v9907 0.0477579 -0.124581 0.00916171
v9908 0.0478842 -0.124583 0.00911388
v9909 0.0481359 -0.124589 0.00901533
v9910 0.0483895 -0.124593 0.00892325
v9911 0.0485191 -0.124594 0.00888681
v9912 0.0487739 -0.124597 0.00879947
v9913 0.0459841 -0.106998 0.00703057
v9914 0.0447711 -0.127468 0.0106159
v9915 0.0461106 -0.107003 0.00697926
v9916 0.0445174 -0.127464 0.0107099
v9917 0.0462325 -0.107011 0.00691242
v9918 0.0442636 -0.127459 0.010804
v9919 0.0441378 -0.127456 0.0108548
v9920 0.044009 -0.127455 0.0108951
v9921 0.0466103 -0.107027 0.00675336
v9922 0.0437513 -0.127453 0.0109758
v9923 0.0490267 -0.124602 0.00870552
v9924 0.043496 -0.12745 0.0110652
v9925 0.0431115 -0.127445 0.011194
v9926 0.0492795 -0.124607 0.00861188
v9927 0.0428542 -0.127443 0.0112766
v9928 0.0495315 -0.124612 0.00851583
v9929 0.0425972 -0.12744 0.0113607
v9930 0.0497842 -0.124616 0.00842233
v9931 0.0423356 -0.12744 0.0114279
v9932 0.0703274 -0.127681 0.00351381
v9933 0.0701937 -0.127683 0.00353536
v9934 0.0500419 -0.124618 0.00834574
v9935 0.0699284 -0.127686 0.00358415
v9936 0.0512887 -0.12465 0.0078297
v9937 0.0696626 -0.127689 0.0036315
v9938 0.0534231 -0.124693 0.00701714
v9939 0.0693927 -0.127694 0.00366806
v9940 0.0543174 -0.124702 0.00673623
v9941 0.0691269 -0.127697 0.00371519
v9942 0.0669076 -0.12476 0.00317379
v9943 0.0688641 -0.127699 0.00377036
v9944 0.0687284 -0.127702 0.00378663
v9945 0.0685933 -0.127704 0.00380426
v9946 0.0678978 -0.12472 0.00316829
v9947 0.0683261 -0.127708 0.0038477
v9948 0.0430708 -0.131035 0.012712
v9949 0.0680656 -0.127709 0.00390879
v9950 0.0769974 -0.124532 0.00203408
v9951 0.0678046 -0.12771 0.00396845
v9952 0.0771404 -0.124526 0.00203347
v9953 0.0675414 -0.127712 0.00402252
v9954 0.0774292 -0.124513 0.00203881
v9955 0.0672755 -0.127715 0.00406929
v9956 0.0777188 -0.1245 0.00204557
v9957 0.0670161 -0.127716 0.00413325
v9958 0.077864 -0.124494 0.00204971
v9959 0.0667533 -0.127718 0.00418834
v9960 0.0818562 -0.124345 0.00196744
v9961 0.0664897 -0.12772 0.0042412
v9962 0.0819992 -0.124339 0.00196459
v9963 0.0822934 -0.124325 0.00197746
v9964 0.0661012 -0.12772 0.00433903
v9965 0.0825828 -0.124313 0.00197905
v9966 0.0658424 -0.12772 0.00440475
v9967 0.08273 -0.124306 0.00198533
v9968 0.0655828 -0.127721 0.00446859
v9969 0.0830197 -0.124294 0.00198725
v9970 0.0653273 -0.127719 0.00454362
v9971 0.0833166 -0.124279 0.002005
v9972 0.0650726 -0.127718 0.00462075
v9973 0.0836105 -0.124266 0.0020158
v9974 0.0648134 -0.127718 0.00468584
v9975 0.0839072 -0.124251 0.00203237
v9976 0.0645511 -0.127719 0.00474269
v9977 0.0842055 -0.124236 0.00205221
v9978 0.0642912 -0.12772 0.00480578
v9979 0.0454727 -0.11081 0.00690347
v9980 0.064034 -0.127719 0.00487657
v9981 0.0468611 -0.107038 0.0066441
v9982 0.0637767 -0.127719 0.00494729
v9983 0.0635116 -0.127722 0.00499629
v9984 0.045095 -0.110797 0.00705813
v9985 0.0632508 -0.127723 0.00505723
v9986 0.0446018 -0.110771 0.00730229
v9987 0.0442262 -0.110755 0.00746684
v9988 0.0628613 -0.127723 0.00515348
v9989 0.0439791 -0.110742 0.00758866
v9990 0.0625974 -0.127725 0.00520561
v9991 0.040507 -0.124397 0.0112961
v9992 0.062339 -0.127725 0.00527356
v9993 0.0429698 -0.110706 0.00800541
v9994 0.0620818 -0.127725 0.00534483
v9995 0.0425889 -0.110694 0.00815493
v9996 0.0618235 -0.127724 0.00541327
v9997 0.0423394 -0.110683 0.00827057
v9998 0.0615645 -0.127724 0.00547954
v9999 0.0501094 -0.107181 0.00522028
v10000 0.0613113 -0.127722 0.00556241
v10001 0.0503526 -0.107197 0.0050918
v10002 0.0610534 -0.127721 0.0056323
v10003 0.0505991 -0.10721 0.00497458
v10004 0.0607955 -0.127721 0.00570209
v10005 0.0508512 -0.107218 0.0048756
v10006 0.0605411 -0.127719 0.00578208
v10007 0.0509775 -0.107222 0.00482703
v10008 0.0511036 -0.107227 0.00477802
v10009 0.0601601 -0.127715 0.00590408
v10010 0.0514757 -0.107244 0.00461116
v10011 0.0598943 -0.127718 0.00595124
v10012 0.0515997 -0.10725 0.00455565
v10013 0.0596304 -0.12772 0.00600396
v10014 0.0517278 -0.107252 0.00451324
v10015 0.0593704 -0.127721 0.00606822
v10016 0.0519756 -0.107264 0.00440236
v10017 0.0522194 -0.107278 0.00427895
v10018 0.0524709 -0.107287 0.00418007
v10019 0.0527213 -0.107296 0.00407828
v10020 0.0528459 -0.107301 0.00402564
v10021 0.0530953 -0.107311 0.00392112
v10022 0.0797437 -0.110759 -0.000529755
v10023 0.0786878 -0.110835 -0.000634907
v10024 0.0785374 -0.110846 -0.000649355
v10025 0.0783879 -0.110856 -0.000661897
v10026 0.0780916 -0.110875 -0.000680736
v10027 0.0574067 -0.12773 0.00651054
v10028 0.0777891 -0.110898 -0.00071464
v10029 0.0774829 -0.110923 -0.00075773
v10030 0.0771883 -0.110941 -0.000773631
v10031 0.0768949 -0.110959 -0.000787399
v10032 0.076748 -0.110968 -0.000794719
v10033 0.0764598 -0.110983 -0.000796416
v10034 0.0761677 -0.111 -0.000807705
v10035 0.0758797 -0.111016 -0.00080959
v10036 0.0744179 -0.111104 -0.00087683
v10037 0.0742756 -0.111111 -0.000874499
v10038 0.0739861 -0.111128 -0.000882292
v10039 0.0736994 -0.111143 -0.000883356
v10040 0.0734117 -0.111158 -0.000887492
v10041 0.0417051 -0.124386 0.0110643
v10042 0.0722835 -0.111208 -0.000850293
v10043 0.0721428 -0.111214 -0.000845128
v10044 0.0428957 -0.124379 0.0108047
v10045 0.0430273 -0.124379 0.0107734
v10046 0.0703219 -0.11129 -0.000762867
v10047 0.0437977 -0.124388 0.010517
v10048 0.0445659 -0.124399 0.0102547
v10049 0.0545789 -0.127718 0.00732358
v10050 0.0453268 -0.124414 0.00996921
v10051 0.0460921 -0.124426 0.00970151
v10052 0.0542099 -0.127708 0.00748722
v10053 0.047485 -0.124452 0.00918163
v10054 0.0539567 -0.127704 0.00757452
v10055 0.0482398 -0.124469 0.0088852
v10056 0.053702 -0.127702 0.0076572
v10057 0.0490042 -0.12448 0.0086232
v10058 0.0534445 -0.127701 0.00773101
v10059 0.0497629 -0.124494 0.00834471
v10060 0.0531945 -0.127696 0.00782885
v10061 0.0530702 -0.127693 0.00788023
v10062 0.0529455 -0.12769 0.00793021
v10063 0.0500195 -0.124496 0.00826452
v10064 0.0526952 -0.127685 0.00802758
v10065 0.050396 -0.124504 0.00811699
v10066 0.0524433 -0.127681 0.00812011
v10067 0.0523219 -0.127677 0.00818106
v10068 0.0505215 -0.124507 0.00806809
v10069 0.0520667 -0.127674 0.00826361
v10070 0.0506445 -0.124511 0.0080111
v10071 0.0518109 -0.127672 0.00834434
v10072 0.0516844 -0.12767 0.00838928
v10073 0.0515582 -0.127668 0.00843536
v10074 0.0508992 -0.124515 0.0079254
v10075 0.0513082 -0.127663 0.00853512
v10076 0.0511506 -0.12452 0.00782934
v10077 0.0510549 -0.127659 0.00862452
v10078 0.050928 -0.127657 0.0086686
v10079 0.0508017 -0.127655 0.00871461
v10080 0.0513963 -0.124528 0.00771528
v10081 0.0505454 -0.127653 0.00879479
v10082 0.0525289 -0.12455 0.00729216
v10083 0.0527767 -0.124557 0.00718643
v10084 0.0501657 -0.127648 0.008931
v10085 0.0530239 -0.124564 0.00707928
v10086 0.0499122 -0.127644 0.00902088
v10087 0.0531474 -0.124567 0.00702569
v10088 0.0496597 -0.12764 0.00911449
v10089 0.0532776 -0.124567 0.00699299
v10090 0.0494079 -0.127635 0.00921045
v10091 0.05353 -0.124571 0.00690287
v10092 0.0491527 -0.127632 0.00929548
v10093 0.0539089 -0.124578 0.00676867
v10094 0.0488937 -0.127631 0.00936806
v10095 0.0540374 -0.124578 0.00673101
v10096 0.0486402 -0.127628 0.00945893
v10097 0.0485109 -0.127627 0.00949614
v10098 0.048382 -0.127626 0.00953473
v10099 0.0541651 -0.12458 0.00669088
v10100 0.054421 -0.124582 0.00661206
v10101 0.0479948 -0.127624 0.00964833
v10102 0.056319 -0.124609 0.00596279
v10103 0.0477404 -0.127621 0.00973738
v10104 0.0564463 -0.12461 0.00592227
v10105 0.0474793 -0.127621 0.00980334
v10106 0.0674444 -0.124617 0.00308117
v10107 0.0472198 -0.12762 0.00987521
v10108 0.0675823 -0.124613 0.00307113
v10109 0.0469645 -0.127617 0.00996136
v10110 0.0468373 -0.127615 0.0100064
v10111 0.0467084 -0.127614 0.0100453
v10112 0.0678777 -0.124596 0.00310224
v10113 0.0464504 -0.127613 0.0101226
v10114 0.0412601 -0.131023 0.0132735
v10115 0.0461951 -0.12761 0.0102096
v10116 0.0571291 -0.107429 0.00241978
v10117 0.0459358 -0.127609 0.010283
v10118 0.0786971 -0.124337 0.00196819
v10119 0.0456745 -0.127609 0.0103493
v10120 0.0789833 -0.124326 0.00196571
v10121 0.0792682 -0.124315 0.00195994
v10122 0.045288 -0.127606 0.0104681
v10123 0.0795591 -0.124302 0.0019681
v10124 0.0450329 -0.127602 0.0105566
v10125 0.0798505 -0.124289 0.00197706
v10126 0.0447759 -0.1276 0.0106387
v10127 0.0801314 -0.12428 0.00196116
v10128 0.0445204 -0.127597 0.0107263
v10129 0.0804169 -0.124269 0.00195549
v10130 0.0442667 -0.127593 0.0108205
v10131 0.0805595 -0.124264 0.00195247
v10132 0.0808436 -0.124254 0.00194345
v10133 0.0811301 -0.124243 0.00193957
v10134 0.0814141 -0.124233 0.00192987
v10135 0.0573839 -0.107434 0.00233599
v10136 0.0578784 -0.107455 0.00212493
v10137 0.0433706 -0.127582 0.0111232
v10138 0.0581251 -0.107466 0.00201822
v10139 0.040491 -0.124272 0.011232
v10140 0.0406253 -0.12427 0.0112109
v10141 0.0408946 -0.124265 0.0111707
v10142 0.041161 -0.124262 0.0111198
v10143 0.0414258 -0.124261 0.0110632
v10144 0.0416881 -0.124261 0.0109969
v10145 0.0419529 -0.124259 0.0109403
v10146 0.0422167 -0.124258 0.0108798
v10147 0.04208 -0.127572 0.0115222
v10148 0.0424813 -0.124256 0.0108224
v10149 0.0418227 -0.127569 0.0116055
v10150 0.0416938 -0.127568 0.0116463
v10151 0.041563 -0.127568 0.0116802
v10152 0.042612 -0.124257 0.0107878
v10153 0.0427432 -0.124257 0.0107549
v10154 0.0450865 -0.110941 0.00703504
v10155 0.0448393 -0.110928 0.00715437
v10156 0.0445923 -0.110916 0.00727528
v10157 0.0444682 -0.11091 0.00733369
v10158 0.044219 -0.110899 0.00744719
v10159 0.0430058 -0.124256 0.0106902
v10160 0.0432655 -0.124258 0.0106153
v10161 0.043526 -0.124259 0.0105434
v10162 0.0436513 -0.124262 0.0104897
v10163 0.0439037 -0.124268 0.0103888
v10164 0.0427091 -0.110842 0.00808585
v10165 0.0425821 -0.110838 0.0081355
v10166 0.058507 -0.107473 0.00189289
v10167 0.0586341 -0.107476 0.00185066
v10168 0.0587602 -0.107479 0.0018058
v10169 0.059013 -0.107485 0.00171743
v10170 0.0592634 -0.107493 0.0016227
v10171 0.0593898 -0.107496 0.0015788
v10172 0.0674094 -0.127846 0.00406117
v10173 0.0595148 -0.1075 0.00153098
v10174 0.0597654 -0.107507 0.00143689
v10175 0.0600181 -0.107513 0.00134943
v10176 0.0603967 -0.107522 0.00121712
v10177 0.060648 -0.107529 0.00112619
v10178 0.0609047 -0.107532 0.00105052
v10179 0.0611635 -0.107534 0.000980812
v10180 0.0614246 -0.107534 0.000917629
v10181 0.0662277 -0.127854 0.00431086
v10182 0.0380877 -0.128481 0.0128433
v10183 0.0378401 -0.128473 0.0129673
v10184 0.0377155 -0.128469 0.0130265
v10185 0.0374689 -0.128459 0.0131556
v10186 0.0632329 -0.107547 0.000424123
v10187 0.0633672 -0.107544 0.000403047
v10188 0.0372186 -0.128452 0.0132704
v10189 0.0598842 -0.130465 0.00655867
v10190 0.0600129 -0.130465 0.00652312
v10191 0.0601403 -0.130466 0.0064836
v10192 0.0810187 -0.128406 0.00318388
v10193 0.0603969 -0.130467 0.00641016
v10194 0.0807329 -0.128416 0.00318911
v10195 0.0606473 -0.13047 0.00631906
v10196 0.0804455 -0.128426 0.00319033
v10197 0.0609069 -0.13047 0.00625472
v10198 0.0805033 -0.110838 -0.000429631
v10199 0.0611697 -0.130468 0.00619933
v10200 0.0802012 -0.11086 -0.000459071
v10201 0.0614245 -0.13047 0.00612136
v10202 0.0799011 -0.11088 -0.000484336
v10203 0.061678 -0.130472 0.00603964
v10204 0.0795995 -0.110902 -0.000513437
v10205 0.0619367 -0.130472 0.00597292
v10206 0.0620652 -0.130472 0.00593712
v10207 0.062194 -0.130472 0.00590216
v10208 0.0794505 -0.110911 -0.000523871
v10209 0.0624501 -0.130473 0.00582839
v10210 0.0791477 -0.110934 -0.000556418
v10211 0.076614 -0.111105 -0.000756385
v10212 0.0628408 -0.130472 0.00573604
v10213 0.0764694 -0.111113 -0.000758487
v10214 0.0630955 -0.130473 0.00565849
v10215 0.0761772 -0.11113 -0.000770003
v10216 0.063351 -0.130474 0.00558321
v10217 0.0758886 -0.111145 -0.000773458
v10218 0.0636078 -0.130475 0.0055117
v10219 0.0755917 -0.111166 -0.000796962
v10220 0.0638663 -0.130475 0.00544493
v10221 0.0752977 -0.111184 -0.000814079
v10222 0.0641267 -0.130474 0.00538374
v10223 0.0750035 -0.111203 -0.000831913
v10224 0.0748586 -0.111211 -0.000835655
v10225 0.0441587 -0.124272 0.0102979
v10226 0.0442877 -0.124273 0.0102577
v10227 0.0444164 -0.124275 0.0102166
v10228 0.0446677 -0.124281 0.0101129
v10229 0.0449253 -0.124284 0.0100316
v10230 0.0450544 -0.124285 0.00999214
v10231 0.045182 -0.124287 0.00994752
v10232 0.0454357 -0.124292 0.00985317
v10233 0.0456865 -0.124298 0.00974897
v10234 0.0657129 -0.130458 0.00508085
v10235 0.0458148 -0.1243 0.00970704
v10236 0.0460723 -0.124302 0.00962649
v10237 0.0463262 -0.124307 0.00953374
v10238 0.0465818 -0.12431 0.00944713
v10239 0.0468343 -0.124315 0.00935011
v10240 0.0470886 -0.12432 0.00925957
v10241 0.0473388 -0.124326 0.00915508
v10242 0.0475918 -0.124331 0.00906079
v10243 0.047967 -0.124341 0.00890528
v10244 0.0482182 -0.124347 0.00880549
v10245 0.0487268 -0.124354 0.00862759
v10246 0.0494892 -0.124366 0.00836091
v10247 0.0502498 -0.124379 0.00809041
v10248 0.0510046 -0.124394 0.00780354
v10249 0.0801609 -0.128436 0.00319766
v10250 0.079876 -0.128446 0.00320433
v10251 0.0670053 -0.124508 0.00303113
v10252 0.067152 -0.1245 0.00304459
v10253 0.0689609 -0.124441 0.00295239
v10254 0.039722 -0.131004 0.0138155
v10255 0.0389556 -0.130993 0.0141008
v10256 0.0771218 -0.124267 0.00195895
v10257 0.0774082 -0.124255 0.00195845
v10258 0.0609244 -0.127854 0.005678
v10259 0.0776971 -0.124243 0.00196372
v10260 0.0797349 -0.12845 0.00321062
v10261 0.0794497 -0.12846 0.00321617
v10262 0.0791636 -0.12847 0.00321941
v10263 0.0788784 -0.12848 0.00322442
v10264 0.0785963 -0.128489 0.00323643
v10265 0.077752 -0.128515 0.00327606
v10266 0.0675815 -0.107518 -0.000497023
v10267 0.0774678 -0.128525 0.00328222
v10268 0.0779881 -0.124229 0.00197356
v10269 0.0814022 -0.124104 0.00188669
v10270 0.0816895 -0.124092 0.00188422
v10271 0.0588292 -0.127865 0.00614523
v10272 0.0819759 -0.124081 0.00187946
v10273 0.0585644 -0.127868 0.00619516
v10274 0.0584452 -0.127863 0.0062588
v10275 0.0583135 -0.127864 0.00628609
v10276 0.0821237 -0.124074 0.00188754
v10277 0.0580538 -0.127864 0.00635123
v10278 0.082268 -0.124068 0.00188763
v10279 0.0577885 -0.127867 0.00639967
v10280 0.0825585 -0.124056 0.0018916
v10281 0.0575313 -0.127866 0.00647222
v10282 0.0827071 -0.124048 0.00190119
v10283 0.0572809 -0.127862 0.00656534
v10284 0.0828506 -0.124043 0.00189922
v10285 0.0570199 -0.127863 0.0066269
v10286 0.0829944 -0.124037 0.00189774
v10287 0.0567591 -0.127864 0.00668926
v10288 0.0832901 -0.124022 0.00191281
v10289 0.056503 -0.127862 0.00676544
v10290 0.0563739 -0.127862 0.00680053
v10291 0.0835828 -0.124009 0.0019208
v10292 0.0561121 -0.127863 0.0068599
v10293 0.0838852 -0.123992 0.00195039
v10294 0.0558545 -0.127862 0.00693199
v10295 0.0698619 -0.107479 -0.000868612
v10296 0.055591 -0.127864 0.00698648
v10297 0.0748099 -0.128603 0.00343111
v10298 0.0553332 -0.127864 0.00705799
v10299 0.0410102 -0.124139 0.0110757
v10300 0.0411428 -0.124138 0.0110482
v10301 0.0421997 -0.124133 0.0108128
v10302 0.0432453 -0.124134 0.0105372
v10303 0.0433763 -0.124134 0.0105041
v10304 0.044008 -0.124149 0.0102551
v10305 0.045667 -0.124174 0.00967476
v10306 0.0464363 -0.124184 0.0094231
v10307 0.0471945 -0.124199 0.00913527
v10308 0.04782 -0.124215 0.0088759
v10309 0.0484525 -0.124227 0.00864226
v10310 0.0487047 -0.124232 0.00854647
v10311 0.048962 -0.124234 0.00846819
v10312 0.049217 -0.124238 0.00838214
v10313 0.0493424 -0.124241 0.00833239
v10314 0.0495939 -0.124246 0.00823543
v10315 0.0498487 -0.124249 0.00814944
v10316 0.0499765 -0.124251 0.00810777
v10317 0.0737037 -0.128632 0.0035203
v10318 0.0734244 -0.12864 0.00353526
v10319 0.0731441 -0.128649 0.00354741
v10320 0.0723503 -0.107392 -0.00108367
v10321 0.0739205 -0.107311 -0.00110074
v10322 0.0742144 -0.107292 -0.00108427
v10323 0.0465007 -0.10687 0.00685498
v10324 0.0471288 -0.106897 0.00658543
v10325 0.0473802 -0.106907 0.00647898
v10326 0.0476311 -0.106918 0.00637099
v10327 0.0478773 -0.106932 0.00624762
v10328 0.0480035 -0.106937 0.00619658
v10329 0.0481296 -0.106941 0.0061451
v10330 0.0485025 -0.10696 0.00597361
v10331 0.080959 -0.11094 -0.000364772
v10332 0.0486281 -0.106965 0.00592112
v10333 0.0791578 -0.111063 -0.000517416
v10334 0.0785556 -0.111106 -0.000575938
v10335 0.0782546 -0.111128 -0.000605458
v10336 0.0781087 -0.111136 -0.00060973
v10337 0.0778051 -0.111159 -0.000646259
v10338 0.0775031 -0.111181 -0.000679348
v10339 0.0772142 -0.111197 -0.000681841
v10340 0.0769183 -0.111216 -0.000701432
v10341 0.0753023 -0.111316 -0.00078801
v10342 0.0750064 -0.111336 -0.000810274
v10343 0.0742762 -0.11138 -0.000843768
v10344 0.073989 -0.111395 -0.000846147
v10345 0.0737029 -0.11141 -0.000845914
v10346 0.0734175 -0.111424 -0.000844111
v10347 0.050105 -0.124252 0.00806846
v10348 0.0503536 -0.124259 0.00796301
v10349 0.0506036 -0.124265 0.00786203
v10350 0.0507338 -0.124265 0.00782858
v10351 0.072429 -0.111468 -0.000815139
v10352 0.050859 -0.124268 0.00777908
v10353 0.0511122 -0.124272 0.00768913
v10354 0.0381803 -0.130986 0.0143538
v10355 0.0672708 -0.124371 0.00297119
v10356 0.0674065 -0.124369 0.00295519
v10357 0.0678424 -0.124346 0.00298319
v10358 0.0688149 -0.124315 0.00292857
v10359 0.0374095 -0.130977 0.0146268
v10360 0.0366361 -0.130968 0.0148923
v10361 0.0788196 -0.124073 0.00188785
v10362 0.0789607 -0.124068 0.00188194
v10363 0.0792421 -0.124059 0.00186801
v10364 0.0795319 -0.124046 0.00187355
v10365 0.0798215 -0.124034 0.00187828
v10366 0.0801032 -0.124024 0.00186423
v10367 0.0803904 -0.124013 0.0018628
v10368 0.0806781 -0.124001 0.00186237
v10369 0.080968 -0.123989 0.00186668
v10370 0.08111 -0.123983 0.00186175
v10371 0.0813906 -0.123975 0.00184407
v10372 0.0487497 -0.106973 0.00585531
v10373 0.0490018 -0.106982 0.00575339
v10374 0.0816786 -0.123963 0.00184348
v10375 0.08284 -0.123913 0.001859
v10376 0.0831276 -0.123902 0.00185583
v10377 0.0832781 -0.123893 0.00186946
v10378 0.0451685 -0.127735 0.0105464
v10379 0.0835704 -0.12388 0.00187662
v10380 0.0492535 -0.106992 0.00565045
v10381 0.0495006 -0.107005 0.00553309
v10382 0.0497463 -0.107019 0.00541145
v10383 0.0498698 -0.107025 0.00535276
v10384 0.050122 -0.107034 0.00525295
v10385 0.0408587 -0.124016 0.0110285
v10386 0.041124 -0.124014 0.0109739
v10387 0.0440145 -0.127722 0.0109259
v10388 0.0413878 -0.124013 0.0109136
v10389 0.0437566 -0.127721 0.0110053
v10390 0.0416544 -0.12401 0.0108639
v10391 0.0435021 -0.127717 0.0110974
v10392 0.0419208 -0.124008 0.010813
v10393 0.0432449 -0.127714 0.0111802
v10394 0.0420528 -0.124007 0.0107835
v10395 0.042183 -0.124008 0.0107468
v10396 0.0428619 -0.127709 0.0113144
v10397 0.0427338 -0.127707 0.011358
v10398 0.0426077 -0.127705 0.0114086
v10399 0.0424435 -0.124009 0.0106748
v10400 0.042345 -0.127705 0.0114719
v10401 0.0428337 -0.12401 0.0105647
v10402 0.0420829 -0.127706 0.0115372
v10403 0.0429641 -0.124011 0.0105293
v10404 0.0418242 -0.127704 0.0116157
v10405 0.041695 -0.127703 0.0116553
v10406 0.0415648 -0.127703 0.0116912
v10407 0.0430953 -0.124011 0.0104969
v10408 0.040661 -0.127695 0.011973
v10409 0.0700691 -0.127947 0.00360723
v10410 0.0699388 -0.127947 0.00363756
v10411 0.0433577 -0.12401 0.0104318
v10412 0.0696775 -0.127949 0.00369657
v10413 0.0691354 -0.127959 0.00376389
v10414 0.0436133 -0.124014 0.0103425
v10415 0.0688706 -0.127962 0.00381351
v10416 0.0438634 -0.124022 0.0102341
v10417 0.0684631 -0.127971 0.00386113
v10418 0.0683245 -0.127975 0.00386953
v10419 0.0441197 -0.124025 0.0101477
v10420 0.0680639 -0.127976 0.0039303
v10421 0.0443782 -0.124027 0.0100698
v10422 0.067806 -0.127975 0.00399792
v10423 0.0522382 -0.107127 0.0043291
v10424 0.0675408 -0.127978 0.00404648
v10425 0.0674082 -0.12798 0.00407073
v10426 0.0672767 -0.127981 0.00409793
v10427 0.0446298 -0.124033 0.00996733
v10428 0.0670139 -0.127983 0.00415275
v10429 0.0448865 -0.124036 0.00988322
v10430 0.0667477 -0.127986 0.00419864
v10431 0.0452702 -0.124042 0.0097528
v10432 0.0664858 -0.127988 0.00425582
v10433 0.0453986 -0.124043 0.00971141
v10434 0.0662289 -0.127987 0.00432644
v10435 0.0660987 -0.127987 0.00435713
v10436 0.0455263 -0.124045 0.00966724
v10437 0.0658395 -0.127988 0.00442179
v10438 0.0457773 -0.124051 0.00956406
v10439 0.0655765 -0.12799 0.00447634
v10440 0.0460338 -0.124054 0.00948052
v10441 0.0653199 -0.127989 0.00454807
v10442 0.0651961 -0.127987 0.00459621
v10443 0.0650668 -0.127987 0.00462955
v10444 0.0461619 -0.124056 0.00943815
v10445 0.0648078 -0.127987 0.00469492
v10446 0.0462891 -0.124058 0.00939275
v10447 0.0645403 -0.127991 0.00473725
v10448 0.0465449 -0.124061 0.00930738
v10449 0.0642796 -0.127992 0.00479795
v10450 0.0467943 -0.124069 0.00919983
v10451 0.0640245 -0.12799 0.00487436
v10452 0.0469203 -0.124071 0.00915086
v10453 0.0637661 -0.12799 0.00494156
v10454 0.0470459 -0.124074 0.00910019
v10455 0.0635023 -0.127992 0.00499398
v10456 0.0490718 -0.124111 0.00835904
v10457 0.0632429 -0.127993 0.00505875
v10458 0.0512124 -0.124154 0.00755083
v10459 0.062984 -0.127993 0.00512481
v10460 0.0628542 -0.127993 0.00515696
v10461 0.0358578 -0.130962 0.01514
v10462 0.0625923 -0.127994 0.00521474
v10463 0.0356008 -0.130959 0.0152333
v10464 0.0623329 -0.127995 0.00527935
v10465 0.0673882 -0.124244 0.00289399
v10466 0.062076 -0.127994 0.00535155
v10467 0.0676993 -0.124219 0.0029668
v10468 0.0618187 -0.127993 0.0054224
v10469 0.0353446 -0.130955 0.0153297
v10470 0.0615596 -0.127993 0.00548838
v10471 0.0350891 -0.13095 0.0154296
v10472 0.061307 -0.12799 0.00557271
v10473 0.0348315 -0.130947 0.0155214
v10474 0.0610524 -0.127989 0.00565169
v10475 0.0609231 -0.127988 0.00568566
v10476 0.0607938 -0.127988 0.00571943
v10477 0.0345781 -0.130941 0.0156304
v10478 0.0605412 -0.127985 0.00580447
v10479 0.0344505 -0.130939 0.0156816
v10480 0.0343238 -0.130936 0.0157366
v10481 0.0601567 -0.127984 0.005916
v10482 0.0773871 -0.123998 0.00187795
v10483 0.0598936 -0.127985 0.00597105
v10484 0.0776749 -0.123985 0.00188066
v10485 0.0596283 -0.127988 0.00601969
v10486 0.0779653 -0.123972 0.00188898
v10487 0.0593676 -0.127989 0.0060815
v10488 0.0590978 -0.127994 0.00611688
v10489 0.0785218 -0.123956 0.00184753
v10490 0.0445884 -0.111194 0.00727361
v10491 0.044464 -0.111188 0.00733081
v10492 0.044216 -0.111176 0.00744864
v10493 0.043463 -0.111147 0.00777218
v10494 0.0533623 -0.107171 0.00386208
v10495 0.0536125 -0.10718 0.0037604
v10496 0.0538616 -0.10719 0.00365569
v10497 0.0541097 -0.107201 0.00354844
v10498 0.0542361 -0.107204 0.00350189
v10499 0.0575346 -0.127998 0.00649222
v10500 0.0543613 -0.107209 0.00345203
v10501 0.0546142 -0.107216 0.00335974
v10502 0.0549918 -0.107228 0.0032166
v10503 0.0552513 -0.10723 0.00314491
v10504 0.0555015 -0.107238 0.00304548
v10505 0.0557503 -0.107248 0.00294194
v10506 0.0560022 -0.107256 0.00284827
v10507 0.0562564 -0.107261 0.00276158
v10508 0.0565073 -0.107269 0.00266497
v10509 0.0568876 -0.107279 0.00253272
v10510 0.0571387 -0.107286 0.00243779
v10511 0.0572671 -0.107288 0.00239845
v10512 0.0573912 -0.107293 0.00234703
v10513 0.0576413 -0.107301 0.00224945
v10514 0.0578948 -0.107307 0.00216208
v10515 0.055468 -0.127995 0.00704991
v10516 0.058146 -0.107315 0.00206826
v10517 0.0805006 -0.11111 -0.000404356
v10518 0.0550869 -0.127991 0.00717471
v10519 0.0556659 -0.130307 0.00782747
v10520 0.055792 -0.130308 0.00778261
v10521 0.0802022 -0.111129 -0.000425405
v10522 0.0548335 -0.127988 0.00726031
v10523 0.0547116 -0.127984 0.00731781
v10524 0.0545905 -0.12798 0.00737799
v10525 0.0799134 -0.111144 -0.000424523
v10526 0.0796169 -0.111163 -0.000441694
v10527 0.0542256 -0.127968 0.0075545
v10528 0.0540981 -0.127966 0.00759523
v10529 0.0539707 -0.127965 0.00763624
v10530 0.0794696 -0.111171 -0.000448197
v10531 0.0537168 -0.127962 0.00772146
v10532 0.079166 -0.111194 -0.000482764
v10533 0.0534603 -0.127961 0.00779857
v10534 0.053337 -0.127957 0.00785292
v10535 0.0532129 -0.127954 0.00790446
v10536 0.0788685 -0.111213 -0.000503355
v10537 0.0529646 -0.127949 0.00800796
v10538 0.0785689 -0.111234 -0.000529207
v10539 0.0763464 -0.111378 -0.000678956
v10540 0.0525844 -0.127944 0.00813935
v10541 0.0762005 -0.111387 -0.000684149
v10542 0.0523319 -0.12794 0.00823004
v10543 0.058694 -0.130343 0.0067758
v10544 0.0588216 -0.130344 0.00673695
v10545 0.0589505 -0.130344 0.00670171
v10546 0.0759099 -0.111403 -0.000692224
v10547 0.0756045 -0.111428 -0.000736407
v10548 0.0520738 -0.127939 0.00830332
v10549 0.0753055 -0.111449 -0.00076551
v10550 0.0518248 -0.127933 0.00840556
v10551 0.0750116 -0.111468 -0.000782737
v10552 0.0748665 -0.111476 -0.000787148
v10553 0.0600043 -0.130335 0.00648731
v10554 0.0745656 -0.111498 -0.000821965
v10555 0.0724277 -0.111603 -0.00080399
v10556 0.0823866 -0.123805 0.00179694
v10557 0.0825316 -0.123799 0.00179846
v10558 0.0828251 -0.123785 0.00180903
v10559 0.0831154 -0.123773 0.00181213
v10560 0.0608952 -0.130342 0.00620993
v10561 0.0832647 -0.123765 0.00182301
v10562 0.0835596 -0.123751 0.00183605
v10563 0.0838615 -0.123734 0.00186454
v10564 0.0600361 -0.107365 0.00138928
v10565 0.0416381 -0.123885 0.010799
v10566 0.0426841 -0.123886 0.0105253
v10567 0.0435932 -0.123891 0.0102653
v10568 0.0443598 -0.123903 0.00999864
v10569 0.0451242 -0.123915 0.00972704
v10570 0.0617001 -0.107389 0.000882891
v10571 0.0466498 -0.123942 0.00917892
v10572 0.0474087 -0.123956 0.00889534
v10573 0.0476575 -0.123964 0.00878711
v10574 0.0487963 -0.123985 0.00836922
v10575 0.0490527 -0.123987 0.00828815
v10576 0.0629584 -0.130344 0.00565828
v10577 0.0493024 -0.123994 0.00818487
v10578 0.0495553 -0.123998 0.00809282
v10579 0.0498084 -0.124003 0.00800158
v10580 0.0761767 -0.129722 0.00375734
v10581 0.0763192 -0.129717 0.00375568
v10582 0.0766026 -0.129708 0.00374833
v10583 0.0638561 -0.130346 0.00540491
v10584 0.0768855 -0.129699 0.00373983
v10585 0.0500632 -0.124006 0.00791605
v10586 0.0503145 -0.124012 0.00781951
v10587 0.0643789 -0.130344 0.00528755
v10588 0.051573 -0.127929 0.0084994
v10589 0.0505636 -0.124018 0.00771581
v10590 0.0513238 -0.127923 0.00860188
v10591 0.0771658 -0.129691 0.00372436
v10592 0.0510681 -0.127921 0.00868352
v10593 0.0509445 -0.124024 0.00758461
v10594 0.0508106 -0.12792 0.00875961
v10595 0.065438 -0.130333 0.00509039
v10596 0.0510701 -0.124026 0.00753672
v10597 0.0636453 -0.107397 0.000374766
v10598 0.0779965 -0.12967 0.00365312
v10599 0.0783726 -0.123831 0.00181902
v10600 0.0790844 -0.123804 0.00180438
v10601 0.0504232 -0.127918 0.00887027
v10602 0.0503027 -0.127913 0.00893544
v10603 0.0501765 -0.127911 0.00898213
v10604 0.0792246 -0.123799 0.00179607
v10605 0.0499246 -0.127906 0.00907715
v10606 0.0795131 -0.123787 0.0017986
v10607 0.0496715 -0.127903 0.00916848
v10608 0.0495451 -0.1279 0.00921485
v10609 0.0494182 -0.127899 0.00925948
v10610 0.0798033 -0.123774 0.00180477
v10611 0.0491616 -0.127897 0.00933999
v10612 0.0800881 -0.123763 0.00179802
v10613 0.0489005 -0.127897 0.00940519
v10614 0.080371 -0.123754 0.00178666
v10615 0.048647 -0.127893 0.00949617
v10616 0.0806569 -0.123743 0.00178181
v10617 0.0809442 -0.123731 0.00178004
v10618 0.0482625 -0.12789 0.00961874
v10619 0.0812224 -0.123723 0.00175725
v10620 0.0480059 -0.127887 0.00969989
v10621 0.0478772 -0.127887 0.00973928
v10622 0.0477514 -0.127884 0.00978835
v10623 0.0815059 -0.123713 0.00174628
v10624 0.0474874 -0.127886 0.00984457
v10625 0.0816487 -0.123708 0.00174307
v10626 0.0470996 -0.127884 0.00995713
v10627 0.0469725 -0.127882 0.0100021
v10628 0.0819358 -0.123697 0.00173996
v10629 0.0467201 -0.127878 0.0100984
v10630 0.0781385 -0.129665 0.00364947
v10631 0.0464609 -0.127877 0.0101719
v10632 0.0784222 -0.129656 0.00364144
v10633 0.0462068 -0.127873 0.0102628
v10634 0.046077 -0.127872 0.0102988
v10635 0.0459471 -0.127872 0.0103344
v10636 0.0787084 -0.129646 0.00363919
v10637 0.0789903 -0.129637 0.00362643
v10638 0.0455589 -0.12787 0.0104471
v10639 0.0418875 -0.123757 0.0106813
v10640 0.0453007 -0.127869 0.0105247
v10641 0.045175 -0.127866 0.0105754
v10642 0.0450449 -0.127866 0.0106107
v10643 0.0420168 -0.123758 0.0106421
v10644 0.0447847 -0.127865 0.0106814
v10645 0.0422784 -0.123758 0.010574
v10646 0.0424086 -0.123759 0.0105377
v10647 0.0444033 -0.127859 0.010819
v10648 0.042538 -0.12376 0.0104987
v10649 0.0427971 -0.123762 0.0104221
v10650 0.043054 -0.123765 0.0103376
v10651 0.0433158 -0.123765 0.0102706
v10652 0.0436368 -0.127849 0.0110835
v10653 0.0435741 -0.123767 0.0101915
v10654 0.0438264 -0.123773 0.0100911
v10655 0.0440821 -0.123777 0.0100031
v10656 0.0442105 -0.123779 0.00996113
v10657 0.04434 -0.123779 0.00992307
v10658 0.0447182 -0.123788 0.00977284
v10659 0.0448465 -0.12379 0.00973082
v10660 0.0449749 -0.123791 0.00968927
v10661 0.0452351 -0.123792 0.00961818
v10662 0.0454934 -0.123794 0.00954024
v10663 0.0457439 -0.123801 0.00943581
v10664 0.0460009 -0.123804 0.00935385
v10665 0.0439661 -0.111303 0.00756566
v10666 0.0438387 -0.111299 0.00761296
v10667 0.0435831 -0.111293 0.00770444
v10668 0.043208 -0.111277 0.00787206
v10669 0.042957 -0.111267 0.00798103
v10670 0.0427033 -0.111259 0.0080806
v10671 0.040534 -0.127829 0.0120252
v10672 0.0425771 -0.111255 0.00813301
v10673 0.0402722 -0.127829 0.0120928
v10674 0.0423304 -0.111241 0.0082584
v10675 0.0420803 -0.11123 0.00837207
v10676 0.0419556 -0.111224 0.00843035
v10677 0.0691399 -0.12809 0.00378886
v10678 0.0337531 -0.129545 0.0150977
v10679 0.0674521 -0.107383 -0.000475997
v10680 0.0343953 -0.129555 0.0148633
v10681 0.0351674 -0.129565 0.0145904
v10682 0.0359359 -0.129577 0.0143054
v10683 0.0374761 -0.129598 0.0137574
v10684 0.0712414 -0.107297 -0.00100763
v10685 0.0713799 -0.107292 -0.00101924
v10686 0.0716629 -0.107278 -0.00102698
v10687 0.0719426 -0.107267 -0.00104348
v10688 0.0722194 -0.107257 -0.00106725
v10689 0.0725042 -0.107243 -0.00107144
v10690 0.0727865 -0.10723 -0.00108224
v10691 0.0730697 -0.107217 -0.00109073
v10692 0.073353 -0.107203 -0.00109946
v10693 0.0736471 -0.107183 -0.00108192
v10694 0.0812562 -0.111192 -0.000315775
v10695 0.0809516 -0.111214 -0.000350037
v10696 0.0782664 -0.111391 -0.000547068
v10697 0.0781166 -0.111402 -0.000560334
v10698 0.0778174 -0.111422 -0.000586427
v10699 0.0775229 -0.11144 -0.000601976
v10700 0.0772314 -0.111457 -0.000610676
v10701 0.0769399 -0.111474 -0.000619596
v10702 0.0766422 -0.111494 -0.000643761
v10703 0.0745648 -0.111633 -0.000809113
v10704 0.0742765 -0.111649 -0.000813936
v10705 0.0739869 -0.111665 -0.000822081
v10706 0.0737053 -0.111677 -0.00081099
v10707 0.073565 -0.111683 -0.000804146
v10708 0.0734201 -0.111691 -0.000808933
v10709 0.0471367 -0.123828 0.00891787
v10710 0.0725706 -0.11173 -0.000789421
v10711 0.0724302 -0.111736 -0.000783661
v10712 0.0485299 -0.123853 0.00840984
v10713 0.0486507 -0.123859 0.00834455
v10714 0.0494094 -0.123873 0.00806692
v10715 0.0501688 -0.123886 0.0077945
v10716 0.0673668 -0.123987 0.0028114
v10717 0.0676732 -0.123965 0.00287199
v10718 0.0776537 -0.123727 0.00179986
v10719 0.0779381 -0.123717 0.00179415
v10720 0.0783609 -0.123702 0.00177601
v10721 0.0785015 -0.123698 0.00176906
v10722 0.0787886 -0.123686 0.00176895
v10723 0.0739353 -0.107167 -0.00107929
v10724 0.0740801 -0.107159 -0.00107637
v10725 0.046007 -0.106703 0.007096
v10726 0.0826552 -0.123534 0.001719
v10727 0.0828008 -0.123528 0.00172175
v10728 0.0830937 -0.123514 0.00173089
v10729 0.0833901 -0.123499 0.00174747
v10730 0.0835356 -0.123493 0.00174948
v10731 0.0462589 -0.106713 0.00698936
v10732 0.0465107 -0.106724 0.00688249
v10733 0.0468879 -0.10674 0.00672117
v10734 0.0471377 -0.106751 0.00660835
v10735 0.0473905 -0.106761 0.00650645
v10736 0.0475137 -0.106768 0.00644482
v10737 0.0476385 -0.106774 0.00638856
v10738 0.0430347 -0.123641 0.0102626
v10739 0.0439357 -0.123651 0.00997528
v10740 0.0456002 -0.123673 0.00941747
v10741 0.0462371 -0.123683 0.00919427
v10742 0.0463644 -0.123685 0.00914957
v10743 0.0466116 -0.123694 0.00903466
v10744 0.0480093 -0.123717 0.00853942
v10745 0.0481344 -0.12372 0.00848807
v10746 0.0600242 -0.128118 0.00595168
v10747 0.0483879 -0.123725 0.00839699
v10748 0.048515 -0.123727 0.00835249
v10749 0.049016 -0.123739 0.00815118
v10750 0.049137 -0.123744 0.00808728
v10751 0.0492637 -0.123746 0.0080419
v10752 0.0501503 -0.123761 0.00772591
v10753 0.0772089 -0.131091 0.00433805
v10754 0.0769301 -0.131098 0.00435758
v10755 0.0793454 -0.123536 0.00171167
v10756 0.079487 -0.123531 0.00170668
v10757 0.0797756 -0.123519 0.00170917
v10758 0.0800628 -0.123507 0.00170799
v10759 0.0803496 -0.123495 0.0017057
v10760 0.0806331 -0.123485 0.00169536
v10761 0.080919 -0.123474 0.00169054
v10762 0.0811962 -0.123467 0.00166513
v10763 0.0814788 -0.123457 0.00165225
v10764 0.0817623 -0.123447 0.00164115
v10765 0.082054 -0.123434 0.00164866
v10766 0.0821991 -0.123428 0.00165055
v10767 0.0503757 -0.106904 0.0051496
v10768 0.0504997 -0.10691 0.00509328
v10769 0.050625 -0.106915 0.00504115
v10770 0.0430186 -0.123516 0.0101994
v10771 0.0445772 -0.111477 0.00724661
v10772 0.0444535 -0.111471 0.00730589
v10773 0.0443297 -0.111465 0.00736529
v10774 0.0432801 -0.123516 0.0101316
v10775 0.0435761 -0.111436 0.00768532
v10776 0.0434518 -0.11143 0.00774363
v10777 0.0432004 -0.111421 0.00785037
v10778 0.0435376 -0.123519 0.0100501
v10779 0.0436636 -0.123522 0.0099991
v10780 0.043915 -0.123528 0.00989583
v10781 0.0425714 -0.111397 0.00811754
v10782 0.0423248 -0.111384 0.00824318
v10783 0.0441731 -0.123531 0.00981698
v10784 0.0444309 -0.123533 0.0097371
v10785 0.0445544 -0.123538 0.0096778
v10786 0.0508808 -0.106921 0.00495329
v10787 0.0511328 -0.10693 0.004854
v10788 0.0513784 -0.106943 0.00473453
v10789 0.0517545 -0.106957 0.00458043
v10790 0.0520024 -0.106969 0.00446898
v10791 0.0522496 -0.106981 0.00435589
v10792 0.0523749 -0.106986 0.00430481
v10793 0.0525006 -0.10699 0.00425515
v10794 0.0527531 -0.106998 0.0041593
v10795 0.0530007 -0.10701 0.00404858
v10796 0.0533746 -0.107025 0.0038909
v10797 0.0536231 -0.107035 0.00378391
v10798 0.0538746 -0.107044 0.00368625
v10799 0.0548786 -0.107078 0.00329289
v10800 0.0805022 -0.111379 -0.00036915
v10801 0.0802093 -0.111396 -0.000377453
v10802 0.0799252 -0.111408 -0.000365701
v10803 0.0527191 -0.128075 0.00812939
v10804 0.0796237 -0.111429 -0.000394715
v10805 0.0793324 -0.111445 -0.000400198
v10806 0.0791796 -0.111457 -0.000419839
v10807 0.0788838 -0.111475 -0.000436426
v10808 0.07828 -0.111519 -0.00049966
v10809 0.0779769 -0.111541 -0.000534647
v10810 0.0762124 -0.11165 -0.000625718
v10811 0.0759235 -0.111665 -0.000629807
v10812 0.0756167 -0.11169 -0.000677256
v10813 0.0753195 -0.111711 -0.000702102
v10814 0.0750178 -0.111733 -0.000738239
v10815 0.0512004 -0.128054 0.00866546
v10816 0.074872 -0.111742 -0.000744281
v10817 0.0745722 -0.111764 -0.000776601
v10818 0.0742841 -0.111779 -0.000780608
v10819 0.0739945 -0.111796 -0.000788899
v10820 0.0453295 -0.123544 0.00944553
v10821 0.0460911 -0.123557 0.00916794
v10822 0.0477345 -0.12359 0.00855227
v10823 0.0482395 -0.1236 0.00836264
v10824 0.0513973 -0.123658 0.00720868
v10825 0.0516508 -0.123662 0.00712101
v10826 0.0766463 -0.131108 0.00436445
v10827 0.0763664 -0.131115 0.00438068
v10828 0.0673397 -0.123734 0.00271412
v10829 0.0674764 -0.12373 0.00270089
v10830 0.0676332 -0.123717 0.00274069
v10831 0.0694287 -0.123664 0.00261192
v10832 0.0762254 -0.13112 0.00438622
v10833 0.0759488 -0.131126 0.00441038
v10834 0.0487842 -0.128024 0.00949285
v10835 0.0783411 -0.123444 0.00169879
v10836 0.0784825 -0.123439 0.00169372
v10837 0.0787685 -0.123427 0.00169102
v10838 0.0790483 -0.123418 0.00167342
v10839 0.0579022 -0.107166 0.00217274
v10840 0.0584062 -0.10718 0.00198978
v10841 0.0587828 -0.107191 0.00184894
v10842 0.0590335 -0.107199 0.00175451
v10843 0.0592862 -0.107205 0.00166578
v10844 0.0811839 -0.123338 0.00162109
v10845 0.0814674 -0.123328 0.00161019
v10846 0.081752 -0.123318 0.00160169
v10847 0.0820408 -0.123306 0.00160245
v10848 0.0821863 -0.123299 0.00160535
v10849 0.0824813 -0.123285 0.00161982
v10850 0.0829271 -0.123262 0.00164857
v10851 0.0830741 -0.123255 0.00165413
v10852 0.0595393 -0.107211 0.00157844
v10853 0.0597909 -0.107218 0.00148708
v10854 0.060045 -0.107223 0.00140323
v10855 0.060301 -0.107227 0.00132489
v10856 0.0606734 -0.10724 0.00117458
v10857 0.0609296 -0.107244 0.00109721
v10858 0.0610585 -0.107245 0.00106095
v10859 0.0611872 -0.107246 0.00102402
v10860 0.0614483 -0.107246 0.00096035
v10861 0.0833724 -0.123239 0.00167509
v10862 0.0836658 -0.123225 0.00168463
v10863 0.0617076 -0.107248 0.000892149
v10864 0.0619622 -0.107252 0.00081059
v10865 0.06222 -0.107255 0.000738263
v10866 0.0381009 -0.129616 0.0134653
v10867 0.0445365 -0.127993 0.0108002
v10868 0.0444095 -0.127991 0.0108469
v10869 0.0442825 -0.127989 0.0108932
v10870 0.0628702 -0.107256 0.000573507
v10871 0.0440256 -0.127986 0.0109762
v10872 0.062999 -0.107258 0.000537271
v10873 0.0437669 -0.127985 0.0110529
v10874 0.0436425 -0.127981 0.0111091
v10875 0.043514 -0.12798 0.0111507
v10876 0.0435214 -0.123393 0.00998635
v10877 0.0442834 -0.123408 0.00970519
v10878 0.043127 -0.127977 0.0112702
v10879 0.044413 -0.123409 0.00966777
v10880 0.0428714 -0.127974 0.011359
v10881 0.0451827 -0.123418 0.00941661
v10882 0.0426174 -0.12797 0.0114538
v10883 0.0454393 -0.123421 0.00933331
v10884 0.0423542 -0.127971 0.0115149
v10885 0.0456879 -0.123429 0.00922246
v10886 0.0420906 -0.127972 0.0115748
v10887 0.045815 -0.123431 0.00917682
v10888 0.0418296 -0.127971 0.0116444
v10889 0.0460704 -0.123435 0.00909012
v10890 0.0415691 -0.127971 0.0117159
v10891 0.0463274 -0.123437 0.00900924
v10892 0.04131 -0.127969 0.0117928
v10893 0.0475903 -0.123463 0.00853198
v10894 0.0410528 -0.127967 0.0118768
v10895 0.0409242 -0.127965 0.011919
v10896 0.0407956 -0.127964 0.0119611
v10897 0.0479688 -0.123471 0.00838898
v10898 0.0405369 -0.127962 0.0120403
v10899 0.0480965 -0.123473 0.00834644
v10900 0.0402756 -0.127962 0.0121094
v10901 0.0482222 -0.123475 0.00829746
v10902 0.0400159 -0.127961 0.012185
v10903 0.0386972 -0.127967 0.0124863
v10904 0.0385661 -0.127967 0.0125198
v10905 0.0585526 -0.130215 0.00676381
v10906 0.0586848 -0.130214 0.00673829
v10907 0.0484749 -0.12348 0.00820395
v10908 0.0589414 -0.130215 0.00666437
v10909 0.051251 -0.123533 0.00718138
v10910 0.0699541 -0.128207 0.00370397
v10911 0.0513786 -0.123534 0.00714041
v10912 0.0696886 -0.12821 0.00375207
v10913 0.0691465 -0.128221 0.0038193
v10914 0.0597364 -0.130206 0.00651709
v10915 0.0598665 -0.130206 0.0064855
v10916 0.051756 -0.123542 0.00699987
v10917 0.0601253 -0.130206 0.00641849
v10918 0.0756673 -0.131135 0.00442208
v10919 0.0603792 -0.130208 0.0063372
v10920 0.0676234 -0.123588 0.00270184
v10921 0.0606293 -0.130212 0.00624529
v10922 0.060754 -0.130214 0.00619843
v10923 0.0608845 -0.130213 0.00616822
v10924 0.0695536 -0.123532 0.00255401
v10925 0.0611449 -0.130212 0.00610602
v10926 0.0753876 -0.131142 0.00443809
v10927 0.0614033 -0.130213 0.00603825
v10928 0.0751051 -0.131151 0.00444702
v10929 0.0616611 -0.130213 0.00596895
v10930 0.0617918 -0.130212 0.00593934
v10931 0.0619197 -0.130213 0.00590198
v10932 0.0748229 -0.13116 0.00445643
v10933 0.0621752 -0.130214 0.00582628
v10934 0.0793176 -0.123281 0.00161547
v10935 0.0796009 -0.12327 0.0016058
v10936 0.0625625 -0.130214 0.00572437
v10937 0.0797467 -0.123264 0.00161055
v10938 0.0628206 -0.130214 0.00565606
v10939 0.0800329 -0.123252 0.00160728
v10940 0.0630761 -0.130215 0.00558093
v10941 0.0803197 -0.123241 0.00160504
v10942 0.0633333 -0.130216 0.00551023
v10943 0.0806045 -0.12323 0.00159774
v10944 0.0635902 -0.130217 0.00543923
v10945 0.0637187 -0.130217 0.00540365
v10946 0.0638465 -0.130217 0.00536643
v10947 0.0808907 -0.123219 0.00159371
v10948 0.0641071 -0.130216 0.00530569
v10949 0.0811716 -0.12321 0.00157691
v10950 0.0643682 -0.130215 0.00524631
v10951 0.0814545 -0.1232 0.00156465
v10952 0.0646316 -0.130213 0.00519328
v10953 0.0817406 -0.123189 0.00155974
v10954 0.0688815 -0.128223 0.00386843
v10955 0.0820302 -0.123177 0.00156232
v10956 0.0683376 -0.128235 0.00393007
v10957 0.0823245 -0.123162 0.00157541
v10958 0.0680741 -0.128237 0.00398303
v10959 0.0824726 -0.123155 0.0015841
v10960 0.0656931 -0.130201 0.00500252
v10961 0.0827693 -0.123139 0.00160215
v10962 0.0678114 -0.128239 0.00403816
v10963 0.0676795 -0.12824 0.00406429
v10964 0.0675457 -0.128242 0.00408531
v10965 0.0830636 -0.123125 0.00161428
v10966 0.0672805 -0.128245 0.00413372
v10967 0.0632584 -0.107259 0.000469631
v10968 0.0670192 -0.128247 0.00419235
v10969 0.0636546 -0.107256 0.000387663
v10970 0.0667557 -0.128249 0.00424517
v10971 0.0387398 -0.129625 0.0132313
v10972 0.066492 -0.128251 0.00429751
v10973 0.0389953 -0.129629 0.0131381
v10974 0.0662308 -0.128252 0.00435671
v10975 0.0661004 -0.128253 0.00438672
v10976 0.04554 -0.123304 0.00918965
v10977 0.0658409 -0.128253 0.00445057
v10978 0.0464379 -0.123314 0.00890013
v10979 0.0655776 -0.128255 0.00450395
v10980 0.0465643 -0.123317 0.00885283
v10981 0.0653189 -0.128256 0.00456986
v10982 0.0651906 -0.128255 0.00460584
v10983 0.0650615 -0.128255 0.00463951
v10984 0.051484 -0.123414 0.00701955
v10985 0.0648041 -0.128255 0.00470917
v10986 0.0517351 -0.123419 0.00692461
v10987 0.0645395 -0.128257 0.0047591
v10988 0.0745426 -0.131168 0.00447022
v10989 0.0642785 -0.128258 0.00481891
v10990 0.0742671 -0.131174 0.00449586
v10991 0.0640211 -0.128258 0.0048887
v10992 0.0693958 -0.123412 0.00249996
v10993 0.0637629 -0.128258 0.00495652
v10994 0.0698186 -0.123396 0.00249107
v10995 0.0635004 -0.12826 0.00501239
v10996 0.073988 -0.131182 0.00451229
v10997 0.0632419 -0.12826 0.0050794
v10998 0.0737113 -0.131189 0.00453465
v10999 0.0629825 -0.12826 0.00514388
v11000 0.0774753 -0.123215 0.00165621
v11001 0.0404228 -0.129637 0.0127143
v11002 0.0625922 -0.128261 0.00523749
v11003 0.0405529 -0.129637 0.0126772
v11004 0.0623339 -0.128261 0.00530533
v11005 0.0409385 -0.129641 0.0125487
v11006 0.0620795 -0.128259 0.00538408
v11007 0.0619514 -0.128258 0.00542116
v11008 0.0618242 -0.128257 0.00546082
v11009 0.0411964 -0.129643 0.0124665
v11010 0.0615653 -0.128257 0.00552719
v11011 0.0413262 -0.129644 0.0124289
v11012 0.0613108 -0.128255 0.00560613
v11013 0.0414547 -0.129645 0.012386
v11014 0.061058 -0.128253 0.00569011
v11015 0.0417134 -0.129647 0.012307
v11016 0.0607986 -0.128253 0.00575542
v11017 0.0419738 -0.129647 0.0122346
v11018 0.0605407 -0.128252 0.00582504
v11019 0.0422362 -0.129647 0.0121699
v11020 0.0423646 -0.129648 0.0121272
v11021 0.0601526 -0.128252 0.00592598
v11022 0.0600232 -0.128252 0.00595977
v11023 0.0598905 -0.128254 0.00598371
v11024 0.0424954 -0.129648 0.0120932
v11025 0.059624 -0.128257 0.00602867
v11026 0.0382268 -0.128612 0.0128439
v11027 0.0593651 -0.128257 0.00609567
v11028 0.0378548 -0.128599 0.0130278
v11029 0.0591011 -0.12826 0.00614797
v11030 0.0373581 -0.128583 0.0132721
v11031 0.0588386 -0.128261 0.00620429
v11032 0.0587109 -0.128261 0.00624303
v11033 0.0585814 -0.128261 0.00627663
v11034 0.0816065 -0.128513 0.00322578
v11035 0.0583243 -0.12826 0.00634911
v11036 0.0813177 -0.128524 0.00322451
v11037 0.0580652 -0.12826 0.00641583
v11038 0.0798864 -0.128575 0.00324421
v11039 0.0578055 -0.12826 0.00648113
v11040 0.0576777 -0.128259 0.00651966
v11041 0.057548 -0.128259 0.0065527
v11042 0.0796046 -0.128584 0.0032579
v11043 0.0572931 -0.128257 0.00663223
v11044 0.0794586 -0.12859 0.0032524
v11045 0.057036 -0.128256 0.00670526
v11046 0.0814053 -0.111452 -0.000274318
v11047 0.0567779 -0.128256 0.00677555
v11048 0.0566489 -0.128255 0.00681089
v11049 0.0812517 -0.111464 -0.000294172
v11050 0.0563919 -0.128254 0.00688448
v11051 0.0809527 -0.111484 -0.000315672
v11052 0.0561325 -0.128254 0.00695127
v11053 0.0807989 -0.111496 -0.000336566
v11054 0.0558755 -0.128253 0.00702512
v11055 0.0557486 -0.128252 0.00706706
v11056 0.0556197 -0.128252 0.0071027
v11057 0.0782903 -0.111648 -0.000460083
v11058 0.0553613 -0.128251 0.00717271
v11059 0.0779884 -0.11167 -0.000492369
v11060 0.0546096 -0.128238 0.00745586
v11061 0.0544845 -0.128236 0.00750367
v11062 0.07784 -0.11168 -0.000502565
v11063 0.0542348 -0.128231 0.00760142
v11064 0.0775444 -0.111698 -0.000520625
v11065 0.053984 -0.128226 0.00769594
v11066 0.0772485 -0.111717 -0.000539785
v11067 0.0537344 -0.128221 0.00779443
v11068 0.0771017 -0.111726 -0.000546649
v11069 0.0534808 -0.128218 0.0078807
v11070 0.0769504 -0.111737 -0.000564407
v11071 0.05323 -0.128214 0.00797607
v11072 0.0766578 -0.111755 -0.0005765
v11073 0.0529782 -0.12821 0.00806858
v11074 0.0528536 -0.128207 0.00811881
v11075 0.0763665 -0.111771 -0.000585715
v11076 0.0525987 -0.128205 0.00820182
v11077 0.0741477 -0.111917 -0.000749683
v11078 0.0523472 -0.1282 0.008296
v11079 0.0740017 -0.111926 -0.000756735
v11080 0.0520918 -0.128198 0.00837784
v11081 0.0519624 -0.128198 0.00841319
v11082 0.0518367 -0.128196 0.00846055
v11083 0.0737183 -0.111939 -0.000750137
v11084 0.0515827 -0.128192 0.00854737
v11085 0.0734294 -0.111955 -0.000757278
v11086 0.0513309 -0.128188 0.00864134
v11087 0.051206 -0.128185 0.00869171
v11088 0.0510797 -0.128184 0.00873758
v11089 0.0776161 -0.12321 0.00164997
v11090 0.0730045 -0.111975 -0.000747593
v11091 0.0506969 -0.12818 0.0088629
v11092 0.0728622 -0.111982 -0.000746336
v11093 0.0504388 -0.128179 0.00893701
v11094 0.0725757 -0.111996 -0.000748352
v11095 0.0501898 -0.128173 0.0090412
v11096 0.0724332 -0.112004 -0.000747773
v11097 0.0499346 -0.12817 0.00912534
v11098 0.0721449 -0.11202 -0.000754696
v11099 0.0496809 -0.128166 0.009215
v11100 0.0794459 -0.123148 0.00156391
v11101 0.0494308 -0.128161 0.00931644
v11102 0.0795874 -0.123143 0.00155885
v11103 0.0491793 -0.128156 0.00941351
v11104 0.0830528 -0.122996 0.00157371
v11105 0.0485375 -0.128151 0.00961423
v11106 0.0833544 -0.122978 0.00160218
v11107 0.0482793 -0.12815 0.00968978
v11108 0.0481516 -0.128149 0.00973203
v11109 0.0480214 -0.128148 0.00976637
v11110 0.0836502 -0.122964 0.00161709
v11111 0.0477646 -0.128146 0.00984679
v11112 0.0723624 -0.107115 -0.00108213
v11113 0.0464784 -0.128137 0.0102449
v11114 0.0463488 -0.128136 0.0102817
v11115 0.0462211 -0.128135 0.0103248
v11116 0.0727933 -0.107091 -0.00107973
v11117 0.0740929 -0.107016 -0.00105977
v11118 0.0458316 -0.128134 0.0104327
v11119 0.0467732 -0.106587 0.00680518
v11120 0.0455724 -0.128133 0.0105065
v11121 0.0454435 -0.128132 0.010546
v11122 0.0451464 -0.12317 0.00927729
v11123 0.0454006 -0.123174 0.00918614
v11124 0.0455201 -0.123181 0.00911413
v11125 0.0457752 -0.123185 0.00902631
v11126 0.0460302 -0.123189 0.00893841
v11127 0.0461603 -0.123189 0.00890345
v11128 0.0462903 -0.123189 0.00886821
v11129 0.0465496 -0.123191 0.00879558
v11130 0.046805 -0.123194 0.00870988
v11131 0.0470576 -0.123199 0.00861456
v11132 0.0473088 -0.123205 0.00851502
v11133 0.0478981 -0.106639 0.00630232
v11134 0.0481507 -0.106649 0.00620048
v11135 0.0483968 -0.106663 0.00607718
v11136 0.0487726 -0.106679 0.00591538
v11137 0.0490255 -0.106688 0.00581559
v11138 0.0492713 -0.106702 0.0056932
v11139 0.0493941 -0.106709 0.00563166
v11140 0.0495185 -0.106715 0.00557535
v11141 0.0497661 -0.106728 0.00545956
v11142 0.0498903 -0.106734 0.00540327
v11143 0.0500151 -0.106739 0.00534857
v11144 0.069801 -0.123271 0.00243216
v11145 0.0699409 -0.123266 0.00242646
v11146 0.0700797 -0.123262 0.00241787
v11147 0.0419636 -0.128105 0.0116272
v11148 0.0704945 -0.123249 0.00238757
v11149 0.0503847 -0.10676 0.00517046
v11150 0.0505103 -0.106764 0.00511899
v11151 0.0506364 -0.106769 0.00506917
v11152 0.0508905 -0.106776 0.00497612
v11153 0.0511415 -0.106786 0.00487306
v11154 0.0706324 -0.123245 0.00237646
v11155 0.0774662 -0.123085 0.00161938
v11156 0.0776081 -0.12308 0.00161583
v11157 0.0801464 -0.122992 0.00150527
v11158 0.0802909 -0.122986 0.00150677
v11159 0.0805749 -0.122975 0.001498
v11160 0.0808645 -0.122963 0.00150157
v11161 0.0811454 -0.122954 0.0014851
v11162 0.0814333 -0.122942 0.00148442
v11163 0.0817212 -0.12293 0.00148339
v11164 0.082015 -0.122915 0.00149566
v11165 0.0823054 -0.122903 0.0015
v11166 0.0824525 -0.122895 0.0015062
v11167 0.0827501 -0.12288 0.00152638
v11168 0.0516377 -0.106809 0.00464992
v11169 0.0467811 -0.123073 0.00862127
v11170 0.0522141 -0.123174 0.00664411
v11171 0.0524681 -0.123177 0.00655925
v11172 0.0527153 -0.123184 0.00645296
v11173 0.0532236 -0.123191 0.00628495
v11174 0.0533499 -0.123193 0.00624042
v11175 0.0534777 -0.123194 0.0062009
v11176 0.0536007 -0.123198 0.00614632
v11177 0.0538532 -0.123202 0.00605806
v11178 0.0541058 -0.123206 0.00596984
v11179 0.0693654 -0.12316 0.00239458
v11180 0.0695049 -0.123155 0.00238805
v11181 0.0708854 -0.123115 0.00228227
v11182 0.0774551 -0.122956 0.00157792
v11183 0.0775969 -0.122951 0.00157417
v11184 0.079425 -0.122889 0.0014842
v11185 0.0795653 -0.122885 0.00147626
v11186 0.0798525 -0.122873 0.00147539
v11187 0.0831897 -0.122725 0.00152432
v11188 0.0833407 -0.122716 0.00153897
v11189 0.0530152 -0.106862 0.00408457
v11190 0.0536352 -0.106889 0.00381187
v11191 0.0541358 -0.106908 0.00360909
v11192 0.0461248 -0.12294 0.00876837
v11193 0.0543864 -0.106917 0.00350943
v11194 0.0546373 -0.106925 0.00341066
v11195 0.0548913 -0.106932 0.00332167
v11196 0.0551418 -0.106941 0.00322221
v11197 0.055273 -0.106941 0.00319059
v11198 0.06415 -0.128391 0.00486636
v11199 0.0555258 -0.106948 0.00309864
v11200 0.0557761 -0.106956 0.00299936
v11201 0.0559013 -0.106961 0.00294988
v11202 0.0560264 -0.106965 0.00290012
v11203 0.0562744 -0.106975 0.00279464
v11204 0.0565272 -0.106982 0.00270365
v11205 0.0566544 -0.106985 0.0026606
v11206 0.0567789 -0.10699 0.00260949
v11207 0.057152 -0.107004 0.0024557
v11208 0.0572842 -0.107003 0.00242767
v11209 0.0574088 -0.107008 0.00237749
v11210 0.0576562 -0.107018 0.00227164
v11211 0.057908 -0.107026 0.00217916
v11212 0.0580339 -0.107029 0.00213269
v11213 0.0581589 -0.107033 0.00208395
v11214 0.058415 -0.107037 0.0020043
v11215 0.0586647 -0.107046 0.00190652
v11216 0.0805101 -0.111645 -0.000319355
v11217 0.0802203 -0.11166 -0.00032051
v11218 0.0799345 -0.111673 -0.000312686
v11219 0.0796385 -0.111691 -0.000328888
v11220 0.0793522 -0.111704 -0.000322916
v11221 0.0791973 -0.111717 -0.000347361
v11222 0.0788943 -0.11174 -0.000381029
v11223 0.0786015 -0.111756 -0.000390876
v11224 0.0769552 -0.11187 -0.000537981
v11225 0.0760784 -0.111921 -0.000572651
v11226 0.0759331 -0.111929 -0.000576889
v11227 0.0756286 -0.111953 -0.000618769
v11228 0.0753317 -0.111973 -0.000642924
v11229 0.075032 -0.111995 -0.000674446
v11230 0.0747399 -0.112012 -0.000687683
v11231 0.0745865 -0.112025 -0.000712403
v11232 0.0462512 -0.122943 0.00872066
v11233 0.0465076 -0.122946 0.00863827
v11234 0.0468913 -0.122951 0.00851212
v11235 0.0471431 -0.122956 0.00841468
v11236 0.0472698 -0.122958 0.00836862
v11237 0.0520627 -0.123051 0.00660058
v11238 0.052445 -0.123056 0.00647718
v11239 0.0531991 -0.12307 0.00619908
v11240 0.0539587 -0.123081 0.00594029
v11241 0.0540826 -0.123085 0.00588876
v11242 0.0708675 -0.12299 0.00222288
v11243 0.0619724 -0.10711 0.00082701
v11244 0.0624902 -0.107113 0.000688251
v11245 0.0630098 -0.107115 0.000554675
v11246 0.0804081 -0.122724 0.00141355
v11247 0.0806939 -0.122713 0.00140869
v11248 0.0808384 -0.122706 0.00140986
v11249 0.0811203 -0.122697 0.00139579
v11250 0.0814062 -0.122686 0.00139051
v11251 0.0816938 -0.122674 0.001389
v11252 0.0819879 -0.122659 0.00140184
v11253 0.0822795 -0.122646 0.00140882
v11254 0.0825835 -0.122627 0.00144395
v11255 0.0791722 -0.1286 0.00325494
v11256 0.0788905 -0.128609 0.00326819
v11257 0.0786084 -0.128618 0.00328025
v11258 0.0767769 -0.128675 0.00335857
v11259 0.0766321 -0.128681 0.00335488
v11260 0.0764933 -0.128685 0.0033655
v11261 0.0749646 -0.128726 0.00347469
v11262 0.0748253 -0.12873 0.00348342
v11263 0.0827314 -0.12262 0.00145178
v11264 0.0738607 -0.128754 0.00357005
v11265 0.0737213 -0.128758 0.00357817
v11266 0.0734422 -0.128766 0.00359372
v11267 0.0731614 -0.128775 0.00360475
v11268 0.0585429 -0.130086 0.00672471
v11269 0.0450795 -0.129664 0.0113082
v11270 0.0452083 -0.129665 0.0112677
v11271 0.0454633 -0.129668 0.0111785
v11272 0.0457232 -0.129669 0.0111064
v11273 0.0458532 -0.129669 0.0110707
v11274 0.0459814 -0.12967 0.0110285
v11275 0.0462351 -0.129674 0.0109352
v11276 0.0466208 -0.129677 0.0108133
v11277 0.0597264 -0.130078 0.00647734
v11278 0.0467501 -0.129678 0.0107757
v11279 0.0386158 -0.12875 0.0127302
v11280 0.0383661 -0.128743 0.0128452
v11281 0.0463598 -0.122821 0.00860572
v11282 0.052042 -0.122929 0.00652617
v11283 0.0521694 -0.12293 0.00648502
v11284 0.0522966 -0.122932 0.00644336
v11285 0.0525467 -0.122937 0.0063464
v11286 0.0527998 -0.122941 0.00625893
v11287 0.0529261 -0.122943 0.00621466
v11288 0.0530513 -0.122946 0.00616706
v11289 0.0533042 -0.12295 0.0060797
v11290 0.0535542 -0.122955 0.00598348
v11291 0.0536809 -0.122957 0.00594051
v11292 0.0538086 -0.122958 0.00590104
v11293 0.054187 -0.122965 0.00576804
v11294 0.0581364 -0.123004 0.00453717
v11295 0.0583931 -0.123005 0.00446463
v11296 0.069332 -0.122909 0.00228141
v11297 0.0696116 -0.122899 0.00226998
v11298 0.0697471 -0.122896 0.00225284
v11299 0.0700278 -0.122886 0.00224388
v11300 0.0626822 -0.130085 0.00565241
v11301 0.0708478 -0.122865 0.00215901
v11302 0.0774341 -0.122699 0.00149775
v11303 0.0794 -0.122633 0.00139472
v11304 0.0795408 -0.122628 0.00138805
v11305 0.0798261 -0.122617 0.00138264
v11306 0.0801102 -0.122606 0.00137455
v11307 0.0811073 -0.122569 0.00135004
v11308 0.0813955 -0.122556 0.00135004
v11309 0.0816825 -0.122545 0.00134709
v11310 0.0833274 -0.122454 0.00147673
v11311 0.0379929 -0.128731 0.0130241
v11312 0.037747 -0.128721 0.0131554
v11313 0.0698756 -0.107064 -0.000875122
v11314 0.0375003 -0.128712 0.0132843
v11315 0.037248 -0.128706 0.0133916
v11316 0.0647522 -0.130084 0.00512406
v11317 0.0648843 -0.130082 0.00509859
v11318 0.0705619 -0.107043 -0.00094641
v11319 0.0469769 -0.122708 0.0083125
v11320 0.0474921 -0.122712 0.00815787
v11321 0.0543651 -0.128364 0.00757864
v11322 0.0581154 -0.122881 0.00446494
v11323 0.0582437 -0.122882 0.00442857
v11324 0.0585006 -0.122883 0.00435667
v11325 0.0772818 -0.122575 0.0014613
v11326 0.0708388 -0.107033 -0.000969233
v11327 0.0536175 -0.128349 0.00787765
v11328 0.0711132 -0.107025 -0.000998482
v11329 0.0713893 -0.107016 -0.00102377
v11330 0.0716707 -0.107003 -0.00103578
v11331 0.0719537 -0.10699 -0.00104436
v11332 0.0722304 -0.10698 -0.00106852
v11333 0.0723683 -0.106976 -0.00108183
v11334 0.0725173 -0.106964 -0.00106777
v11335 0.0727998 -0.106951 -0.00107805
v11336 0.0729412 -0.106945 -0.00108284
v11337 0.0730882 -0.106935 -0.00107401
v11338 0.0733724 -0.106921 -0.00108072
v11339 0.0735151 -0.106914 -0.00108277
v11340 0.0464053 -0.106425 0.00699236
v11341 0.0470343 -0.106452 0.00672347
v11342 0.0474111 -0.106468 0.00656133
v11343 0.0476585 -0.106481 0.00644116
v11344 0.0479074 -0.106494 0.00632597
v11345 0.0481596 -0.106504 0.0062225
v11346 0.0812495 -0.111736 -0.000267427
v11347 0.0811022 -0.111744 -0.000273279
v11348 0.080948 -0.111757 -0.000294755
v11349 0.0505754 -0.12831 0.0089323
v11350 0.0807986 -0.111766 -0.000305601
v11351 0.0781487 -0.111924 -0.000423453
v11352 0.0779983 -0.111935 -0.000438202
v11353 0.077849 -0.111945 -0.000450658
v11354 0.0775497 -0.111965 -0.000477652
v11355 0.0772567 -0.111982 -0.000489954
v11356 0.0769584 -0.112003 -0.000515095
v11357 0.0766664 -0.11202 -0.000525839
v11358 0.0763759 -0.112036 -0.000533099
v11359 0.0740177 -0.112186 -0.000688587
v11360 0.0490561 -0.128287 0.00947804
v11361 0.073731 -0.112201 -0.000689866
v11362 0.048675 -0.128282 0.00961164
v11363 0.0734369 -0.11222 -0.000709758
v11364 0.0731526 -0.112233 -0.000705999
v11365 0.0728636 -0.11225 -0.00071401
v11366 0.0725776 -0.112264 -0.00071503
v11367 0.0724348 -0.112271 -0.000715233
v11368 0.0721437 -0.112289 -0.000729309
v11369 0.0795297 -0.122499 0.00134657
v11370 0.0798142 -0.122489 0.00133952
v11371 0.0800973 -0.122478 0.00132899
v11372 0.0803833 -0.122467 0.00132483
v11373 0.0806688 -0.122456 0.00131929
v11374 0.0808128 -0.12245 0.00131949
v11375 0.0454511 -0.128262 0.0105784
v11376 0.045321 -0.128262 0.0106135
v11377 0.0809539 -0.122445 0.00131277
v11378 0.0450622 -0.128261 0.010689
v11379 0.0432703 -0.12824 0.0112923
v11380 0.0430114 -0.128239 0.0113688
v11381 0.0428824 -0.128238 0.0114089
v11382 0.0812384 -0.122434 0.00130432
v11383 0.0426241 -0.128236 0.0114877
v11384 0.0813837 -0.122428 0.00130715
v11385 0.0423605 -0.128237 0.0115475
v11386 0.0816707 -0.122416 0.0013043
v11387 0.0420991 -0.128237 0.0116152
v11388 0.0419681 -0.128238 0.0116481
v11389 0.0418365 -0.128238 0.0116788
v11390 0.0819653 -0.122401 0.0013184
v11391 0.0415756 -0.128238 0.0117488
v11392 0.0822614 -0.122386 0.00133564
v11393 0.0413168 -0.128236 0.0118267
v11394 0.0410605 -0.128233 0.0119138
v11395 0.0824128 -0.122377 0.00135201
v11396 0.040802 -0.128231 0.0119932
v11397 0.0825682 -0.122366 0.00137712
v11398 0.0405445 -0.128229 0.0120765
v11399 0.0828636 -0.122351 0.00139206
v11400 0.0830126 -0.122343 0.00140224
v11401 0.0401519 -0.128229 0.0121777
v11402 0.0560037 -0.134322 0.0100326
v11403 0.0683534 -0.128494 0.0039976
v11404 0.0561299 -0.134323 0.00998643
v11405 0.0680866 -0.128498 0.00404197
v11406 0.0679539 -0.128499 0.0040658
v11407 0.0678205 -0.128501 0.00408802
v11408 0.0562563 -0.134325 0.00994125
v11409 0.0675531 -0.128505 0.00413041
v11410 0.0565047 -0.134329 0.00983701
v11411 0.0672872 -0.128508 0.00417704
v11412 0.0568836 -0.134334 0.00970041
v11413 0.067026 -0.12851 0.00423587
v11414 0.0571389 -0.134335 0.00961792
v11415 0.0667629 -0.128512 0.0042897
v11416 0.0573914 -0.134338 0.00952714
v11417 0.0664982 -0.128514 0.00433933
v11418 0.0576469 -0.13434 0.00944573
v11419 0.0578968 -0.134344 0.00934745
v11420 0.0661046 -0.128517 0.00442302
v11421 0.058144 -0.134349 0.00924147
v11422 0.0658434 -0.128518 0.00448214
v11423 0.0583994 -0.13435 0.00916047
v11424 0.0655808 -0.12852 0.00453728
v11425 0.0511504 -0.106641 0.00489316
v11426 0.0653194 -0.128521 0.00459587
v11427 0.0470919 -0.122582 0.00822016
v11428 0.0650584 -0.128523 0.00465544
v11429 0.0474708 -0.12259 0.00807887
v11430 0.0647974 -0.128524 0.00471495
v11431 0.0475969 -0.122592 0.00803156
v11432 0.0645383 -0.128524 0.00477996
v11433 0.0494939 -0.122627 0.00734427
v11434 0.0642797 -0.128524 0.0048463
v11435 0.064149 -0.128525 0.00487555
v11436 0.0640178 -0.128526 0.00490363
v11437 0.0496188 -0.12263 0.00729368
v11438 0.0637555 -0.128527 0.0049598
v11439 0.0497429 -0.122634 0.00724077
v11440 0.0634971 -0.128527 0.00502674
v11441 0.0532596 -0.122706 0.00592222
v11442 0.0632396 -0.128527 0.00509645
v11443 0.0631135 -0.128526 0.00513874
v11444 0.0592967 -0.134354 0.00888738
v11445 0.0628555 -0.128525 0.00520722
v11446 0.0536353 -0.122714 0.00578067
v11447 0.0625961 -0.128526 0.00527155
v11448 0.0538894 -0.122718 0.0056976
v11449 0.0623373 -0.128526 0.00533793
v11450 0.057205 -0.122749 0.00467346
v11451 0.062082 -0.128524 0.0054143
v11452 0.0573308 -0.122751 0.00462977
v11453 0.0618285 -0.128522 0.00549556
v11454 0.0574563 -0.122753 0.00458473
v11455 0.0615699 -0.128522 0.00556275
v11456 0.0575859 -0.122753 0.00455205
v11457 0.0613145 -0.12852 0.00563917
v11458 0.0627436 -0.134374 0.00781085
v11459 0.0610631 -0.128517 0.00572702
v11460 0.058348 -0.122761 0.00431131
v11461 0.0608035 -0.128517 0.00579154
v11462 0.0584733 -0.122764 0.00426612
v11463 0.060542 -0.128519 0.00585095
v11464 0.0694319 -0.122656 0.00214586
v11465 0.0602811 -0.12852 0.00591166
v11466 0.0695729 -0.122651 0.00214309
v11467 0.0600196 -0.128521 0.00597113
v11468 0.059888 -0.128522 0.00599821
v11469 0.069859 -0.122638 0.00214834
v11470 0.0596256 -0.128523 0.00605491
v11471 0.0771287 -0.122452 0.00142268
v11472 0.0593665 -0.128524 0.00612129
v11473 0.077413 -0.122441 0.00141714
v11474 0.0591084 -0.128523 0.00619042
v11475 0.058981 -0.128522 0.00623003
v11476 0.058852 -0.128522 0.00626473
v11477 0.0776973 -0.12243 0.00141145
v11478 0.0585921 -0.128522 0.00632908
v11479 0.0795169 -0.122371 0.00130124
v11480 0.0583313 -0.128523 0.00639064
v11481 0.0797997 -0.122361 0.00129015
v11482 0.0580724 -0.128523 0.00645784
v11483 0.0579484 -0.128521 0.0065078
v11484 0.057821 -0.12852 0.00654772
v11485 0.0800808 -0.122352 0.00127491
v11486 0.0575641 -0.128519 0.00662097
v11487 0.0803714 -0.122338 0.00128162
v11488 0.0573051 -0.128519 0.00668844
v11489 0.0825595 -0.122236 0.00134137
v11490 0.0512727 -0.106649 0.00483136
v11491 0.0569184 -0.128518 0.00679502
v11492 0.0513975 -0.106654 0.004778
v11493 0.0566637 -0.128515 0.00687552
v11494 0.0516473 -0.106664 0.00467183
v11495 0.0564055 -0.128515 0.00694537
v11496 0.0518967 -0.106675 0.00456484
v11497 0.0561464 -0.128515 0.00701278
v11498 0.0560168 -0.128515 0.00704643
v11499 0.0558927 -0.128512 0.00709694
v11500 0.0520219 -0.10668 0.00451285
v11501 0.0556385 -0.12851 0.0071794
v11502 0.0522718 -0.10669 0.00440781
v11503 0.0553814 -0.128509 0.00725345
v11504 0.0552562 -0.128507 0.00730068
v11505 0.0551314 -0.128504 0.00734928
v11506 0.0547594 -0.128496 0.00750287
v11507 0.0525252 -0.106697 0.0043141
v11508 0.0545019 -0.128495 0.00757599
v11509 0.052777 -0.106706 0.00421584
v11510 0.0542503 -0.128491 0.00766781
v11511 0.0471991 -0.122461 0.00810139
v11512 0.0540002 -0.128486 0.00776453
v11513 0.0493478 -0.122502 0.00731725
v11514 0.0537536 -0.12848 0.00787244
v11515 0.0570569 -0.122625 0.00464113
v11516 0.0535019 -0.128476 0.00796485
v11517 0.0518549 -0.128455 0.0085359
v11518 0.0573086 -0.122629 0.00455344
v11519 0.0513427 -0.128451 0.00869576
v11520 0.0576898 -0.122633 0.00443332
v11521 0.0579463 -0.122635 0.00436029
v11522 0.0509667 -0.128443 0.00884271
v11523 0.058072 -0.122637 0.00431626
v11524 0.0507141 -0.128439 0.00893465
v11525 0.0584534 -0.122641 0.00419739
v11526 0.0504566 -0.128438 0.00901105
v11527 0.0502078 -0.128432 0.00911576
v11528 0.0587133 -0.12264 0.00413463
v11529 0.0499498 -0.128431 0.00919102
v11530 0.0589715 -0.122641 0.00406714
v11531 0.0496984 -0.128426 0.00928776
v11532 0.0590978 -0.122642 0.00402532
v11533 0.0494462 -0.128422 0.00938251
v11534 0.0491974 -0.128416 0.00948849
v11535 0.0769742 -0.122329 0.00138077
v11536 0.0810755 -0.122181 0.00122936
v11537 0.0488143 -0.128412 0.00961559
v11538 0.0812189 -0.122175 0.00122785
v11539 0.0485541 -0.128412 0.00968406
v11540 0.0813678 -0.122167 0.00123904
v11541 0.0482969 -0.12841 0.00976322
v11542 0.0816588 -0.122154 0.00124524
v11543 0.0480374 -0.128409 0.00983453
v11544 0.0819511 -0.12214 0.00125421
v11545 0.0477804 -0.128407 0.0099143
v11546 0.0682288 -0.128625 0.00405584
v11547 0.0822521 -0.122122 0.00128258
v11548 0.082553 -0.122105 0.00131062
v11549 0.0828492 -0.122089 0.00132714
v11550 0.0530285 -0.106714 0.00411676
v11551 0.0532755 -0.106727 0.00400408
v11552 0.0535238 -0.106737 0.0038957
v11553 0.053898 -0.106752 0.00373937
v11554 0.054148 -0.106762 0.0036371
v11555 0.054398 -0.106771 0.00353502
v11556 0.0545235 -0.106776 0.00348563
v11557 0.0551524 -0.106796 0.00324431
v11558 0.0666364 -0.128644 0.00434275
v11559 0.0587964 -0.106909 0.00186614
v11560 0.059049 -0.106916 0.00177677
v11561 0.0593017 -0.106922 0.00168811
v11562 0.0595575 -0.106926 0.00160806
v11563 0.0598093 -0.106933 0.0015171
v11564 0.0600647 -0.106937 0.00143661
v11565 0.0603209 -0.106941 0.00135837
v11566 0.0805118 -0.111915 -0.000283935
v11567 0.0802274 -0.111927 -0.00027266
v11568 0.0800858 -0.111932 -0.000265702
v11569 0.0799389 -0.111941 -0.000271149
v11570 0.079646 -0.111957 -0.000280257
v11571 0.0793605 -0.11197 -0.000272551
v11572 0.0790545 -0.111994 -0.000312883
v11573 0.0788998 -0.112006 -0.000337009
v11574 0.0786065 -0.112024 -0.00034833
v11575 0.0762267 -0.112181 -0.000531628
v11576 0.0760806 -0.112189 -0.000537602
v11577 0.075934 -0.112198 -0.000544818
v11578 0.0756294 -0.112222 -0.000587198
v11579 0.0753345 -0.112241 -0.000606493
v11580 0.075038 -0.112261 -0.000630299
v11581 0.0747465 -0.112278 -0.000642268
v11582 0.0745942 -0.11229 -0.000664366
v11583 0.0743073 -0.112305 -0.000665662
v11584 0.0604463 -0.106945 0.00131155
v11585 0.0605713 -0.106949 0.00126399
v11586 0.0608229 -0.106956 0.00117303
v11587 0.0466734 -0.122328 0.00821329
v11588 0.0467994 -0.122331 0.00816486
v11589 0.0470526 -0.122336 0.00807285
v11590 0.0473064 -0.12234 0.00798312
v11591 0.0494531 -0.122382 0.00719456
v11592 0.0495774 -0.122385 0.00714226
v11593 0.0571605 -0.122505 0.00452075
v11594 0.0577963 -0.122512 0.00432222
v11595 0.0674325 -0.131319 0.00522211
v11596 0.0672957 -0.131322 0.00523532
v11597 0.0667506 -0.131334 0.0052939
v11598 0.0664788 -0.131339 0.00532472
v11599 0.0695424 -0.122398 0.00203755
v11600 0.061191 -0.128651 0.00570042
v11601 0.0698265 -0.122386 0.00203778
v11602 0.0701103 -0.122374 0.0020366
v11603 0.0716245 -0.122332 0.0019078
v11604 0.0771023 -0.122197 0.00132956
v11605 0.0648166 -0.134372 0.00726958
v11606 0.0661395 -0.134361 0.00700789
v11607 0.067075 -0.134349 0.00684974
v11608 0.0773862 -0.122186 0.00132321
v11609 0.0775268 -0.122181 0.00131657
v11610 0.0776683 -0.122175 0.00131225
v11611 0.0779529 -0.122164 0.00130696
v11612 0.0799188 -0.122098 0.00120157
v11613 0.0800603 -0.122093 0.00119606
v11614 0.0803505 -0.12208 0.00120181
v11615 0.0806354 -0.122069 0.00119496
v11616 0.0673436 -0.134345 0.00680815
v11617 0.0676134 -0.134341 0.00676967
v11618 0.0677489 -0.134339 0.00675197
v11619 0.0678851 -0.134336 0.00673613
v11620 0.0681551 -0.134332 0.00669781
v11621 0.0684258 -0.134328 0.0066612
v11622 0.068693 -0.134324 0.00661548
v11623 0.0689587 -0.134322 0.00656555
v11624 0.0692268 -0.134318 0.00652214
v11625 0.0577805 -0.129946 0.0069586
v11626 0.0695012 -0.134313 0.00649506
v11627 0.0580319 -0.12995 0.00686889
v11628 0.069639 -0.134309 0.00648306
v11629 0.069772 -0.134308 0.00645839
v11630 0.0584002 -0.129959 0.00670853
v11631 0.0700454 -0.134303 0.00642829
v11632 0.0586623 -0.129957 0.00665112
v11633 0.0703209 -0.134297 0.00640371
v11634 0.0705833 -0.134295 0.00634494
v11635 0.059053 -0.129956 0.00655756
v11636 0.0708522 -0.134292 0.0063028
v11637 0.0593151 -0.129955 0.00650009
v11638 0.0594508 -0.129952 0.00648471
v11639 0.0595861 -0.129949 0.00646834
v11640 0.0711336 -0.134283 0.0062932
v11641 0.0598517 -0.129946 0.00642106
v11642 0.071406 -0.134278 0.00625995
v11643 0.0601109 -0.129946 0.00635501
v11644 0.071679 -0.134273 0.00622816
v11645 0.060361 -0.12995 0.00626292
v11646 0.0604853 -0.129952 0.00621459
v11647 0.0606089 -0.129954 0.00616462
v11648 0.0718161 -0.134271 0.00621369
v11649 0.0608644 -0.129956 0.00608838
v11650 0.0719579 -0.134266 0.00621124
v11651 0.0611245 -0.129955 0.00602539
v11652 0.0722339 -0.13426 0.00618686
v11653 0.0613833 -0.129955 0.00595875
v11654 0.0615121 -0.129955 0.00592388
v11655 0.0616418 -0.129955 0.00589156
v11656 0.0725059 -0.134255 0.00615205
v11657 0.0612064 -0.106962 0.00105431
v11658 0.0620269 -0.129956 0.00578311
v11659 0.0614659 -0.106963 0.00098611
v11660 0.0622853 -0.129956 0.00571559
v11661 0.0617266 -0.106963 0.0009214
v11662 0.0625456 -0.129955 0.00565372
v11663 0.0619821 -0.106967 0.000842311
v11664 0.0628015 -0.129956 0.00557926
v11665 0.0621098 -0.106969 0.000802661
v11666 0.0630593 -0.129957 0.00551057
v11667 0.0622376 -0.106971 0.000763178
v11668 0.0633184 -0.129956 0.00544536
v11669 0.0634456 -0.129957 0.00540633
v11670 0.0635724 -0.129958 0.00536603
v11671 0.0624982 -0.106972 0.000698238
v11672 0.0638262 -0.12996 0.00528649
v11673 0.0627532 -0.106976 0.000618211
v11674 0.0640856 -0.12996 0.00522226
v11675 0.0630187 -0.106973 0.00056688
v11676 0.0643469 -0.129958 0.00516345
v11677 0.0631486 -0.106974 0.000533589
v11678 0.0646101 -0.129956 0.00511008
v11679 0.0632789 -0.106974 0.000501181
v11680 0.081764 -0.128636 0.00327226
v11681 0.0650061 -0.129952 0.00503307
v11682 0.0467822 -0.122206 0.00809948
v11683 0.05045 -0.122274 0.00677886
v11684 0.050575 -0.122277 0.00672934
v11685 0.070786 -0.122227 0.00193296
v11686 0.0570511 -0.12865 0.0067808
v11687 0.0709225 -0.122224 0.00191841
v11688 0.0716095 -0.122205 0.00185602
v11689 0.0770899 -0.122069 0.00128496
v11690 0.078222 -0.122026 0.00124957
v11691 0.0792028 -0.121994 0.00119224
v11692 0.0813511 -0.121907 0.00116903
v11693 0.0814961 -0.1219 0.001171
v11694 0.0816419 -0.121893 0.00117491
v11695 0.0819403 -0.121877 0.00119766
v11696 0.082241 -0.121859 0.00122541
v11697 0.0825415 -0.121842 0.00125229
v11698 0.0828364 -0.121827 0.00126609
v11699 0.0831419 -0.121808 0.00130344
v11700 0.0816169 -0.128643 0.00326551
v11701 0.0813283 -0.128654 0.0032647
v11702 0.0810377 -0.128666 0.00325903
v11703 0.0807525 -0.128675 0.00326569
v11704 0.0804646 -0.128686 0.00326576
v11705 0.0546399 -0.128625 0.00757721
v11706 0.0801797 -0.128696 0.00327277
v11707 0.0798957 -0.128705 0.00328132
v11708 0.053889 -0.128611 0.00786544
v11709 0.0796133 -0.128714 0.00329355
v11710 0.0467589 -0.122086 0.00801347
v11711 0.0470123 -0.12209 0.00792225
v11712 0.0471395 -0.122092 0.00787833
v11713 0.0487928 -0.122118 0.00731358
v11714 0.0489176 -0.122121 0.00726254
v11715 0.050302 -0.122149 0.00674541
v11716 0.0505502 -0.122157 0.00664099
v11717 0.0696538 -0.12214 0.00193167
v11718 0.0697949 -0.122134 0.00192949
v11719 0.0700789 -0.122122 0.001929
v11720 0.0706185 -0.122112 0.00185491
v11721 0.0709032 -0.1221 0.00185561
v11722 0.0715961 -0.122078 0.00180847
v11723 0.0717348 -0.122074 0.00179905
v11724 0.0794686 -0.12872 0.00329144
v11725 0.0791878 -0.128728 0.00330699
v11726 0.0493299 -0.128549 0.00946996
v11727 0.0789037 -0.128737 0.00331472
v11728 0.0786209 -0.128746 0.00332514
v11729 0.0783329 -0.128757 0.00332304
v11730 0.0776313 -0.128778 0.00336047
v11731 0.0748377 -0.128859 0.00352829
v11732 0.0694324 -0.129751 0.00435287
v11733 0.0484307 -0.128542 0.00974824
v11734 0.069738 -0.106934 -0.000875424
v11735 0.0698757 -0.106929 -0.000888464
v11736 0.0700147 -0.106924 -0.000898354
v11737 0.0702873 -0.106916 -0.00093191
v11738 0.0682378 -0.128754 0.00409264
v11739 0.0681037 -0.128757 0.00411298
v11740 0.0676999 -0.128763 0.00416973
v11741 0.067566 -0.128765 0.00419032
v11742 0.0818635 -0.111959 -0.000156974
v11743 0.0673014 -0.128768 0.00424029
v11744 0.0809474 -0.112027 -0.000264453
v11745 0.0670396 -0.12877 0.00429771
v11746 0.0807974 -0.112037 -0.0002766
v11747 0.0667736 -0.128773 0.00434372
v11748 0.066642 -0.128774 0.00437054
v11749 0.0805131 -0.112049 -0.000265014
v11750 0.066378 -0.128777 0.00442189
v11751 0.0799338 -0.112078 -0.000267361
v11752 0.0661175 -0.128777 0.00448275
v11753 0.0796444 -0.112093 -0.000268406
v11754 0.0658544 -0.12878 0.00453663
v11755 0.0793599 -0.112105 -0.000258218
v11756 0.0655904 -0.128782 0.00458811
v11757 0.0654609 -0.128782 0.00462043
v11758 0.0653301 -0.128783 0.00464948
v11759 0.0781541 -0.112191 -0.000380027
v11760 0.0650677 -0.128785 0.0047053
v11761 0.0780021 -0.112202 -0.000398657
v11762 0.0648041 -0.128787 0.00475774
v11763 0.0776998 -0.112224 -0.000432489
v11764 0.0645443 -0.128788 0.00482072
v11765 0.0775468 -0.112236 -0.000453945
v11766 0.0642866 -0.128787 0.00488937
v11767 0.0772539 -0.112253 -0.000466138
v11768 0.0640235 -0.128789 0.00494328
v11769 0.0769579 -0.112272 -0.00048596
v11770 0.0637623 -0.128791 0.00500246
v11771 0.0766632 -0.112291 -0.000503261
v11772 0.0635063 -0.12879 0.00507608
v11773 0.0763692 -0.112309 -0.000519194
v11774 0.0632497 -0.128789 0.00514808
v11775 0.0759298 -0.112335 -0.000539882
v11776 0.07402 -0.112454 -0.000653654
v11777 0.0628646 -0.128788 0.00525603
v11778 0.0737368 -0.112467 -0.000646787
v11779 0.0626099 -0.128786 0.00533354
v11780 0.0734484 -0.112482 -0.000652731
v11781 0.0623498 -0.128787 0.00539628
v11782 0.0622201 -0.128787 0.00542834
v11783 0.0620894 -0.128787 0.00545794
v11784 0.0731604 -0.112498 -0.00065815
v11785 0.0618357 -0.128785 0.00553878
v11786 0.0728722 -0.112514 -0.000664283
v11787 0.0615807 -0.128783 0.00561622
v11788 0.0725852 -0.112529 -0.000667855
v11789 0.0613243 -0.128782 0.00568954
v11790 0.0724419 -0.112536 -0.000669141
v11791 0.0610699 -0.128781 0.00576891
v11792 0.0779224 -0.121911 0.00120426
v11793 0.0608095 -0.128781 0.00583103
v11794 0.0782068 -0.121899 0.00119834
v11795 0.0784885 -0.12189 0.00118567
v11796 0.0604244 -0.12878 0.00594021
v11797 0.0602956 -0.12878 0.00597565
v11798 0.0601671 -0.128779 0.00601158
v11799 0.0789087 -0.121876 0.00116107
v11800 0.0599059 -0.12878 0.00607185
v11801 0.079051 -0.12187 0.00115786
v11802 0.0596455 -0.128781 0.00613427
v11803 0.0793361 -0.121859 0.00115261
v11804 0.0593839 -0.128782 0.00619343
v11805 0.059252 -0.128783 0.00621961
v11806 0.0591204 -0.128784 0.00624672
v11807 0.0799013 -0.121839 0.00112963
v11808 0.058863 -0.128784 0.0063184
v11809 0.0800426 -0.121834 0.00112373
v11810 0.0586058 -0.128783 0.00639028
v11811 0.0803305 -0.121821 0.00112433
v11812 0.0583433 -0.128785 0.00644703
v11813 0.0806173 -0.12181 0.00112189
v11814 0.058085 -0.128784 0.00651592
v11815 0.0809052 -0.121797 0.00112175
v11816 0.057833 -0.128781 0.00660389
v11817 0.0558555 -0.134195 0.0100017
v11818 0.0575749 -0.128781 0.0066737
v11819 0.0566066 -0.134207 0.00970729
v11820 0.0573701 -0.134213 0.0094529
v11821 0.0571868 -0.12878 0.00677586
v11822 0.0482992 -0.106359 0.0062084
v11823 0.0569324 -0.128778 0.00685701
v11824 0.0581233 -0.134224 0.00916963
v11825 0.0566734 -0.128778 0.00692452
v11826 0.0585039 -0.134227 0.00904066
v11827 0.056414 -0.128778 0.00699071
v11828 0.0562876 -0.128777 0.00703395
v11829 0.0561597 -0.128776 0.00707279
v11830 0.0587596 -0.134229 0.00896069
v11831 0.0559069 -0.128773 0.00715956
v11832 0.0590173 -0.134229 0.00888662
v11833 0.0556544 -0.12877 0.00724708
v11834 0.0592761 -0.134229 0.00881637
v11835 0.0554043 -0.128765 0.00734259
v11836 0.0595362 -0.134229 0.00874968
v11837 0.0597873 -0.134232 0.00865685
v11838 0.0550268 -0.128759 0.00747875
v11839 0.0599104 -0.134235 0.00860336
v11840 0.0547759 -0.128755 0.00757248
v11841 0.0484228 -0.106366 0.00614846
v11842 0.0545217 -0.128753 0.00765595
v11843 0.0511104 -0.128705 0.00886945
v11844 0.0509829 -0.128703 0.00891157
v11845 0.0508525 -0.128704 0.00894419
v11846 0.050726 -0.128702 0.00898942
v11847 0.0486715 -0.106379 0.00603377
v11848 0.05047 -0.1287 0.00907062
v11849 0.0489241 -0.106388 0.00593246
v11850 0.0502196 -0.128695 0.00917007
v11851 0.0500915 -0.128694 0.00921065
v11852 0.0499623 -0.128693 0.00924749
v11853 0.0600341 -0.134237 0.00855152
v11854 0.0497134 -0.128687 0.00935262
v11855 0.0602893 -0.134239 0.00847121
v11856 0.0494607 -0.128683 0.0094455
v11857 0.0493354 -0.128681 0.00949571
v11858 0.0490496 -0.106393 0.00587929
v11859 0.0490785 -0.128679 0.0095751
v11860 0.0485229 -0.121988 0.00734066
v11861 0.048826 -0.128675 0.00966901
v11862 0.0486481 -0.121991 0.00729109
v11863 0.0485672 -0.128674 0.00974251
v11864 0.0501554 -0.122025 0.00671656
v11865 0.0696372 -0.122015 0.00187553
v11866 0.0619502 -0.134247 0.00795816
v11867 0.0622085 -0.134247 0.00788784
v11868 0.0474142 -0.128663 0.0101138
v11869 0.0472873 -0.128661 0.0101595
v11870 0.0697771 -0.12201 0.00186998
v11871 0.070062 -0.121997 0.00187213
v11872 0.072001 -0.121937 0.00173836
v11873 0.0770628 -0.121814 0.00119004
v11874 0.0773476 -0.121802 0.00118603
v11875 0.0670453 -0.1289 0.00432548
v11876 0.0777672 -0.121788 0.00116105
v11877 0.0796064 -0.121721 0.00109718
v11878 0.0637571 -0.134249 0.00746355
v11879 0.0638854 -0.134249 0.00742637
v11880 0.0814789 -0.12164 0.00109985
v11881 0.0817742 -0.121625 0.001116
v11882 0.0819222 -0.121617 0.00112452
v11883 0.0822236 -0.121599 0.00115396
v11884 0.0825246 -0.121581 0.00118192
v11885 0.082823 -0.121565 0.00120359
v11886 0.0831242 -0.121547 0.00123126
v11887 0.0492976 -0.106406 0.00576344
v11888 0.0495452 -0.106419 0.00564661
v11889 0.0497965 -0.106429 0.00554249
v11890 0.0500437 -0.106442 0.00542521
v11891 0.0501681 -0.106448 0.00536909
v11892 0.0502876 -0.106457 0.00529775
v11893 0.0506652 -0.106471 0.0051451
v11894 0.0507885 -0.106478 0.00508625
v11895 0.0644187 -0.128919 0.00487592
v11896 0.0509133 -0.106483 0.005032
v11897 0.0697599 -0.121884 0.00181245
v11898 0.0718459 -0.121816 0.00169235
v11899 0.0719849 -0.121811 0.00168378
v11900 0.0722654 -0.121801 0.00167278
v11901 0.0725503 -0.121789 0.00167242
v11902 0.0783142 -0.121642 0.00108246
v11903 0.063384 -0.12892 0.00514043
v11904 0.0784601 -0.121635 0.00108826
v11905 0.0787412 -0.121625 0.00107408
v11906 0.079026 -0.121614 0.0010684
v11907 0.0793112 -0.121603 0.00106339
v11908 0.0795963 -0.121591 0.00105797
v11909 0.0798783 -0.121581 0.00104516
v11910 0.0800205 -0.121576 0.00104144
v11911 0.0803099 -0.121563 0.00104536
v11912 0.0805986 -0.12155 0.00104722
v11913 0.0808885 -0.121537 0.00105185
v11914 0.081176 -0.121525 0.0010504
v11915 0.081472 -0.121509 0.00106831
v11916 0.0817659 -0.121494 0.00108108
v11917 0.0511635 -0.106494 0.00492631
v11918 0.0614578 -0.128914 0.00567916
v11919 0.0512854 -0.106501 0.00486317
v11920 0.0514109 -0.106506 0.00481187
v11921 0.0519147 -0.106524 0.00461289
v11922 0.0525421 -0.106547 0.00435811
v11923 0.0546661 -0.106631 0.00347884
v11924 0.0549203 -0.106637 0.00339006
v11925 0.0551737 -0.106644 0.00329896
v11926 0.0554264 -0.106651 0.00320613
v11927 0.055802 -0.106664 0.0030568
v11928 0.0560505 -0.106674 0.002952
v11929 0.0562967 -0.106686 0.00284068
v11930 0.0565513 -0.106692 0.00275464
v11931 0.0568019 -0.1067 0.0026568
v11932 0.0570486 -0.106712 0.00254784
v11933 0.0574285 -0.106721 0.00241419
v11934 0.0576792 -0.106729 0.0023178
v11935 0.0579292 -0.106738 0.00221938
v11936 0.0581824 -0.106744 0.0021307
v11937 0.0584344 -0.106751 0.00203882
v11938 0.0586852 -0.106759 0.00194382
v11939 0.0589386 -0.106765 0.00185632
v11940 0.0807956 -0.112173 -0.000265062
v11941 0.0518442 -0.129736 0.00903604
v11942 0.0519713 -0.129738 0.0089928
v11943 0.080643 -0.112184 -0.000283164
v11944 0.0522242 -0.129741 0.00890245
v11945 0.080509 -0.112186 -0.00025866
v11946 0.052485 -0.129741 0.00883771
v11947 0.0802217 -0.1122 -0.000254415
v11948 0.0527401 -0.129743 0.00875464
v11949 0.0799303 -0.112215 -0.000259747
v11950 0.0796417 -0.11223 -0.000258971
v11951 0.0582222 -0.128914 0.00651572
v11952 0.0793576 -0.112242 -0.000248137
v11953 0.0790507 -0.112266 -0.000290696
v11954 0.0788981 -0.112277 -0.000310237
v11955 0.0786027 -0.112295 -0.000326519
v11956 0.0760732 -0.112462 -0.000525443
v11957 0.0759257 -0.112472 -0.000534899
v11958 0.0573208 -0.128912 0.0067656
v11959 0.0757731 -0.112484 -0.000556886
v11960 0.0756293 -0.112491 -0.000557597
v11961 0.0753349 -0.11251 -0.000576069
v11962 0.054495 -0.129773 0.0080832
v11963 0.0546186 -0.129776 0.00803027
v11964 0.0750411 -0.112528 -0.000593254
v11965 0.074749 -0.112545 -0.000606704
v11966 0.0745987 -0.112556 -0.000624119
v11967 0.0743107 -0.112572 -0.000628102
v11968 0.0595683 -0.106783 0.00162798
v11969 0.0558099 -0.121866 0.00463338
v11970 0.0594752 -0.13135 0.00708515
v11971 0.0592124 -0.131352 0.00714134
v11972 0.0666271 -0.121828 0.0021339
v11973 0.0669117 -0.121816 0.00213783
v11974 0.0670469 -0.121813 0.0021209
v11975 0.0770362 -0.121558 0.00109653
v11976 0.0555372 -0.128897 0.00732839
v11977 0.0771764 -0.121554 0.00108914
v11978 0.0773227 -0.121546 0.00109631
v11979 0.078017 -0.121525 0.00104299
v11980 0.0781569 -0.121521 0.0010346
v11981 0.0784453 -0.121508 0.00103804
v11982 0.0641447 -0.134249 0.00735933
v11983 0.064666 -0.134247 0.007233
v11984 0.0649294 -0.134245 0.00717751
v11985 0.057395 -0.129812 0.00705838
v11986 0.0575203 -0.129814 0.007012
v11987 0.0651922 -0.134244 0.00712055
v11988 0.0654568 -0.134241 0.00706837
v11989 0.0657206 -0.134239 0.00701393
v11990 0.0659871 -0.134236 0.00696676
v11991 0.0581398 -0.129826 0.00676108
v11992 0.0582664 -0.129828 0.00671886
v11993 0.0662531 -0.134233 0.00691854
v11994 0.0665199 -0.13423 0.00687219
v11995 0.0667866 -0.134227 0.00682539
v11996 0.0673214 -0.134221 0.006736
v11997 0.0690723 -0.134195 0.0064768
v11998 0.069208 -0.134192 0.00645961
v11999 0.08161 -0.121372 0.00103847
v12000 0.0817575 -0.121364 0.00104602
v12001 0.0819081 -0.121355 0.00106046
v12002 0.0712499 -0.134155 0.00621164
v12003 0.0713812 -0.134154 0.00618247
v12004 0.0822066 -0.121339 0.0010832
v12005 0.0825117 -0.121319 0.00112057
v12006 0.0828105 -0.121302 0.00114327
v12007 0.0610998 -0.106809 0.0011418
v12008 0.0556521 -0.121748 0.00457111
v12009 0.0745778 -0.134076 0.0059532
v12010 0.0557789 -0.121749 0.00452991
v12011 0.0560311 -0.121753 0.00444396
v12012 0.0679637 -0.121674 0.00191074
v12013 0.0680976 -0.121671 0.0018902
v12014 0.0682335 -0.121668 0.00187499
v12015 0.0685069 -0.121661 0.00184826
v12016 0.0697339 -0.12163 0.00171864
v12017 0.0698768 -0.121624 0.00172088
v12018 0.072245 -0.121543 0.0015936
v12019 0.0725347 -0.121529 0.00160533
v12020 0.0770226 -0.121431 0.00104907
v12021 0.0771629 -0.121426 0.00104193
v12022 0.0787141 -0.12137 0.000979606
v12023 0.0789994 -0.121359 0.000975136
v12024 0.0624064 -0.129827 0.00564766
v12025 0.0792867 -0.121346 0.000975345
v12026 0.0795719 -0.121335 0.000970057
v12027 0.0798575 -0.121323 0.000965577
v12028 0.0801456 -0.121311 0.000966519
v12029 0.0802912 -0.121304 0.000970628
v12030 0.0805811 -0.12129 0.000975373
v12031 0.0808695 -0.121278 0.000976419
v12032 0.0811583 -0.121265 0.00097816
v12033 0.0822025 -0.121206 0.00105794
v12034 0.0695733 -0.129746 0.00435007
v12035 0.0555064 -0.121623 0.00454503
v12036 0.0557592 -0.121626 0.00446055
v12037 0.0556566 -0.13132 0.00830617
v12038 0.0554119 -0.131314 0.00841931
v12039 0.0643371 -0.12983 0.00512447
v12040 0.0665799 -0.121585 0.00198294
v12041 0.0668613 -0.121574 0.00197844
v12042 0.0671325 -0.121568 0.00194705
v12043 0.0674112 -0.121558 0.00193509
v12044 0.0679464 -0.121549 0.00185221
v12045 0.0682129 -0.121545 0.00180788
v12046 0.0652633 -0.12982 0.0049508
v12047 0.0409399 -0.112295 0.00886944
v12048 0.0798234 -0.129483 0.00354168
v12049 0.0801113 -0.129473 0.00354234
v12050 0.0803982 -0.129462 0.00354013
v12051 0.0806852 -0.129452 0.0035379
v12052 0.0338635 -0.129422 0.0149749
v12053 0.0341202 -0.129426 0.0148804
v12054 0.0342491 -0.129428 0.0148354
v12055 0.0343786 -0.129429 0.0147929
v12056 0.0391461 -0.128882 0.0126233
v12057 0.0388876 -0.12888 0.0127037
v12058 0.0494692 -0.128813 0.0094814
v12059 0.0387586 -0.128878 0.012745
v12060 0.0381301 -0.128863 0.0130169
v12061 0.0701708 -0.106772 -0.000878583
v12062 0.0702989 -0.106774 -0.000916317
v12063 0.0705775 -0.106763 -0.00093482
v12064 0.0487028 -0.128805 0.0097337
v12065 0.070854 -0.106753 -0.000958901
v12066 0.0711314 -0.106743 -0.000981078
v12067 0.048317 -0.128803 0.00985196
v12068 0.0674487 -0.129026 0.00428064
v12069 0.0714055 -0.106735 -0.00101129
v12070 0.0671877 -0.129028 0.00434012
v12071 0.0818514 -0.112236 -0.000152574
v12072 0.066924 -0.12903 0.00439243
v12073 0.0716876 -0.106722 -0.00102202
v12074 0.0666564 -0.129034 0.0044344
v12075 0.0807959 -0.112308 -0.000248413
v12076 0.0663935 -0.129036 0.0044887
v12077 0.0792032 -0.112389 -0.000256003
v12078 0.0661325 -0.129037 0.00454807
v12079 0.0782971 -0.112454 -0.000351815
v12080 0.0658676 -0.12904 0.00459719
v12081 0.0779946 -0.112476 -0.000385865
v12082 0.0656035 -0.129042 0.00464822
v12083 0.0719723 -0.106708 -0.00102647
v12084 0.0653428 -0.129043 0.00470852
v12085 0.0775391 -0.11251 -0.000441757
v12086 0.0650796 -0.129046 0.00476214
v12087 0.0772454 -0.112527 -0.000456065
v12088 0.0648139 -0.129049 0.00480877
v12089 0.076944 -0.112549 -0.000488846
v12090 0.064553 -0.12905 0.00486857
v12091 0.0766519 -0.112566 -0.000500253
v12092 0.0642928 -0.129051 0.00493039
v12093 0.0763523 -0.112587 -0.000529754
v12094 0.0640315 -0.129052 0.00498937
v12095 0.0740157 -0.112725 -0.000635158
v12096 0.0637715 -0.129053 0.00505162
v12097 0.0684898 -0.121536 0.00179057
v12098 0.0635203 -0.12905 0.00513856
v12099 0.0735985 -0.11274 -0.000606206
v12100 0.07345 -0.11275 -0.00061984
v12101 0.0631296 -0.129051 0.00523059
v12102 0.0731649 -0.112764 -0.000618293
v12103 0.0628732 -0.12905 0.00530327
v12104 0.0728761 -0.11278 -0.00062588
v12105 0.0626226 -0.129047 0.00539231
v12106 0.0624925 -0.129047 0.00542349
v12107 0.0623626 -0.129047 0.00545535
v12108 0.0725894 -0.112795 -0.000628786
v12109 0.0620989 -0.129049 0.00550761
v12110 0.0722948 -0.112814 -0.000651543
v12111 0.0618447 -0.129048 0.00558716
v12112 0.0716654 -0.121439 0.0015546
v12113 0.0615905 -0.129046 0.00566663
v12114 0.0614607 -0.129046 0.00569881
v12115 0.0613312 -0.129046 0.00573167
v12116 0.0719511 -0.121427 0.00155696
v12117 0.0610751 -0.129045 0.00580604
v12118 0.0779896 -0.121271 0.000947686
v12119 0.0608155 -0.129045 0.00587039
v12120 0.0781305 -0.121266 0.000941729
v12121 0.0784123 -0.121255 0.000929581
v12122 0.060435 -0.129042 0.00599291
v12123 0.0747192 -0.134072 0.00594879
v12124 0.0601828 -0.129039 0.00607877
v12125 0.0748552 -0.13407 0.00593069
v12126 0.0599251 -0.129038 0.00614919
v12127 0.0749922 -0.134067 0.00591531
v12128 0.0596644 -0.129039 0.00621076
v12129 0.0595341 -0.129039 0.00624186
v12130 0.0594 -0.129042 0.00626173
v12131 0.0752721 -0.13406 0.00589855
v12132 0.0591306 -0.129046 0.00629805
v12133 0.075548 -0.134054 0.00587208
v12134 0.058873 -0.129046 0.00636886
v12135 0.0722505 -0.106697 -0.00104712
v12136 0.0586186 -0.129044 0.00644904
v12137 0.0725369 -0.106682 -0.00104772
v12138 0.0583568 -0.129045 0.00650774
v12139 0.0559612 -0.134072 0.00988314
v12140 0.0580951 -0.129046 0.00656647
v12141 0.0563353 -0.134078 0.00973164
v12142 0.0578426 -0.129043 0.00665268
v12143 0.05646 -0.13408 0.00968118
v12144 0.0572209 -0.134088 0.0094189
v12145 0.0574531 -0.129044 0.00675058
v12146 0.0573283 -0.129042 0.00679805
v12147 0.0572013 -0.129041 0.00683923
v12148 0.057978 -0.134097 0.00914736
v12149 0.0569499 -0.129037 0.00692965
v12150 0.0817412 -0.121104 0.000977003
v12151 0.0566864 -0.129039 0.00698358
v12152 0.0820401 -0.121087 0.00100078
v12153 0.0564285 -0.129038 0.00705437
v12154 0.0821925 -0.121077 0.00101931
v12155 0.0561783 -0.129034 0.00714868
v12156 0.0587381 -0.134104 0.00888644
v12157 0.0559274 -0.12903 0.00724134
v12158 0.0596463 -0.134103 0.0086473
v12159 0.0556766 -0.129026 0.00733415
v12160 0.0603959 -0.134114 0.00835906
v12161 0.0553032 -0.129019 0.00748282
v12162 0.0606532 -0.134115 0.00828507
v12163 0.0550485 -0.129016 0.00756449
v12164 0.0512582 -0.128964 0.00890932
v12165 0.0511287 -0.128964 0.00894507
v12166 0.0824968 -0.121058 0.00105462
v12167 0.0609096 -0.134116 0.00820883
v12168 0.0611702 -0.134115 0.00814459
v12169 0.0673293 -0.129155 0.00435268
v12170 0.0612993 -0.134116 0.00810902
v12171 0.0614259 -0.134117 0.00806615
v12172 0.0616799 -0.134119 0.00798321
v12173 0.0621892 -0.134122 0.00782144
v12174 0.0624462 -0.134122 0.00774767
v12175 0.0628376 -0.134121 0.00765355
v12176 0.0630975 -0.134121 0.00758803
v12177 0.0632272 -0.134121 0.00755444
v12178 0.0633537 -0.134122 0.00751209
v12179 0.0660083 -0.129168 0.00460747
v12180 0.0641265 -0.134123 0.0072968
v12181 0.0643857 -0.134122 0.00722966
v12182 0.0478096 -0.10619 0.00645808
v12183 0.0479345 -0.106196 0.00640199
v12184 0.048185 -0.106207 0.00629222
v12185 0.0484323 -0.106221 0.00617243
v12186 0.0486812 -0.106233 0.00605844
v12187 0.0489326 -0.106243 0.00595293
v12188 0.0669744 -0.121448 0.00189041
v12189 0.0646907 -0.129179 0.00487062
v12190 0.067113 -0.121444 0.00188267
v12191 0.069851 -0.121369 0.00162755
v12192 0.0701403 -0.121355 0.00164077
v12193 0.0715116 -0.121317 0.00151174
v12194 0.0716528 -0.121312 0.00150877
v12195 0.071942 -0.121297 0.0015201
v12196 0.0722286 -0.121284 0.00152423
v12197 0.0725126 -0.121272 0.00152172
v12198 0.0635272 -0.12918 0.00516956
v12199 0.0789715 -0.121104 0.0008789
v12200 0.0792577 -0.121092 0.000876529
v12201 0.0795487 -0.121078 0.000884941
v12202 0.0798353 -0.121066 0.000882799
v12203 0.0801255 -0.121052 0.000888729
v12204 0.0804152 -0.121039 0.000893279
v12205 0.0805615 -0.121031 0.000898886
v12206 0.0808507 -0.121018 0.000901741
v12207 0.0811388 -0.121006 0.000901757
v12208 0.0814356 -0.12099 0.00092148
v12209 0.0495569 -0.106272 0.00567692
v12210 0.0524139 -0.131259 0.00961098
v12211 0.0521614 -0.131255 0.00970365
v12212 0.0668146 -0.12133 0.00182908
v12213 0.0670909 -0.121322 0.00181118
v12214 0.0683094 -0.121294 0.00166335
v12215 0.0684497 -0.121289 0.00165976
v12216 0.0695548 -0.121254 0.00158263
v12217 0.0698384 -0.121242 0.00158148
v12218 0.0701306 -0.121226 0.00160235
v12219 0.0704027 -0.121219 0.0015713
v12220 0.0706764 -0.121212 0.00154438
v12221 0.0605684 -0.129173 0.00598184
v12222 0.0781038 -0.12101 0.000847984
v12223 0.0782456 -0.121005 0.000844205
v12224 0.0785275 -0.120995 0.000832207
v12225 0.0786697 -0.120989 0.000829159
v12226 0.0516754 -0.106368 0.00474329
v12227 0.0519281 -0.106376 0.00464639
v12228 0.0520535 -0.106381 0.0045948
v12229 0.0521797 -0.106385 0.004546
v12230 0.0525561 -0.106399 0.00439284
v12231 0.0528059 -0.10641 0.00428775
v12232 0.0530532 -0.106422 0.00417517
v12233 0.0533008 -0.106433 0.00406403
v12234 0.0534231 -0.10644 0.00400383
v12235 0.0535461 -0.106447 0.00394588
v12236 0.0537993 -0.106454 0.00385249
v12237 0.0584915 -0.129176 0.00649989
v12238 0.0540482 -0.106465 0.00374634
v12239 0.0541747 -0.106468 0.00369956
v12240 0.0544271 -0.106476 0.00360466
v12241 0.0546758 -0.106487 0.00349853
v12242 0.054932 -0.106491 0.0034158
v12243 0.0551837 -0.106499 0.00331936
v12244 0.0575953 -0.129171 0.006765
v12245 0.0554389 -0.106505 0.00323391
v12246 0.0560613 -0.10653 0.00297396
v12247 0.0573151 -0.106572 0.00248699
v12248 0.0802083 -0.112477 -0.000253942
v12249 0.0799124 -0.112495 -0.000270069
v12250 0.0796326 -0.112504 -0.000249079
v12251 0.0793488 -0.112516 -0.000237557
v12252 0.0565661 -0.129168 0.00705493
v12253 0.0791972 -0.112527 -0.000254384
v12254 0.0788999 -0.112546 -0.000274882
v12255 0.0785908 -0.112571 -0.000323623
v12256 0.0762058 -0.11273 -0.000521675
v12257 0.0759149 -0.112747 -0.000530945
v12258 0.0558119 -0.129157 0.00732736
v12259 0.075763 -0.112758 -0.000551276
v12260 0.0756184 -0.112766 -0.000554309
v12261 0.0753299 -0.112781 -0.000558553
v12262 0.0750346 -0.1128 -0.000579561
v12263 0.0747451 -0.112816 -0.000587021
v12264 0.0513946 -0.129095 0.00890429
v12265 0.0745969 -0.112826 -0.000599229
v12266 0.0673392 -0.129284 0.00439187
v12267 0.0672063 -0.129286 0.00441521
v12268 0.0743095 -0.112841 -0.000601945
v12269 0.0669429 -0.129288 0.00446841
v12270 0.066676 -0.129291 0.00451211
v12271 0.0820207 -0.120827 0.000924547
v12272 0.0664126 -0.129294 0.00456511
v12273 0.0662841 -0.129293 0.00460019
v12274 0.0661506 -0.129295 0.00462184
v12275 0.0654382 -0.134115 0.00700511
v12276 0.0658854 -0.129298 0.00467005
v12277 0.0669007 -0.1341 0.00673775
v12278 0.0656209 -0.129301 0.00472007
v12279 0.0671673 -0.134097 0.00669097
v12280 0.0653591 -0.129302 0.0047775
v12281 0.0682494 -0.134079 0.00654466
v12282 0.0650958 -0.129305 0.00483087
v12283 0.0685206 -0.134074 0.00650981
v12284 0.0648298 -0.129308 0.00487657
v12285 0.0592005 -0.106629 0.00178238
v12286 0.0645665 -0.12931 0.00492988
v12287 0.0595784 -0.106639 0.00164545
v12288 0.0643048 -0.129312 0.00498739
v12289 0.0687878 -0.134071 0.00646405
v12290 0.0640455 -0.129312 0.00505175
v12291 0.069055 -0.134068 0.00641839
v12292 0.063787 -0.129312 0.00511824
v12293 0.0636621 -0.12931 0.00516363
v12294 0.069325 -0.134064 0.00637979
v12295 0.0634072 -0.129309 0.00524042
v12296 0.0695956 -0.134059 0.00634288
v12297 0.0631487 -0.129309 0.00530729
v12298 0.0698636 -0.134056 0.00629893
v12299 0.06289 -0.129309 0.00537368
v12300 0.0597055 -0.106642 0.00160328
v12301 0.062634 -0.129308 0.00544745
v12302 0.0701351 -0.134051 0.00626429
v12303 0.0623752 -0.129308 0.00551366
v12304 0.0704103 -0.134045 0.00623896
v12305 0.0621134 -0.129309 0.00557151
v12306 0.0705442 -0.134043 0.00621668
v12307 0.0706783 -0.134042 0.00619476
v12308 0.0709502 -0.134037 0.00616083
v12309 0.071226 -0.134031 0.00613665
v12310 0.0618601 -0.129307 0.00565346
v12311 0.0714937 -0.134027 0.00609136
v12312 0.0617342 -0.129306 0.00569652
v12313 0.0616058 -0.129305 0.00573268
v12314 0.0717711 -0.134021 0.00607102
v12315 0.0613445 -0.129306 0.00579213
v12316 0.0719157 -0.134015 0.00607606
v12317 0.0610889 -0.129305 0.00586778
v12318 0.0721904 -0.134009 0.00604848
v12319 0.0724674 -0.134003 0.00602658
v12320 0.0607055 -0.129303 0.00598168
v12321 0.0727464 -0.133996 0.00600968
v12322 0.0604514 -0.129301 0.00606207
v12323 0.0730255 -0.133988 0.0059927
v12324 0.0543588 -0.129643 0.00808779
v12325 0.0602 -0.129298 0.00615051
v12326 0.0546092 -0.129647 0.00799181
v12327 0.0733009 -0.133982 0.00596625
v12328 0.0599442 -0.129296 0.00622609
v12329 0.0735794 -0.133976 0.00594742
v12330 0.0596828 -0.129297 0.00628588
v12331 0.0737172 -0.133973 0.00593441
v12332 0.0594196 -0.129299 0.00634041
v12333 0.0738561 -0.133969 0.00592382
v12334 0.0591538 -0.129303 0.00638713
v12335 0.074133 -0.133963 0.00590065
v12336 0.0588902 -0.129305 0.00644032
v12337 0.0744132 -0.133955 0.00588568
v12338 0.0586287 -0.129306 0.0064997
v12339 0.059832 -0.106645 0.00155926
v12340 0.0583687 -0.129306 0.00656369
v12341 0.0600872 -0.10665 0.00147781
v12342 0.058109 -0.129307 0.00662833
v12343 0.060342 -0.106654 0.00139524
v12344 0.0605957 -0.10666 0.00130973
v12345 0.0577329 -0.129301 0.00676576
v12346 0.0608536 -0.106663 0.00123652
v12347 0.0574768 -0.1293 0.00684166
v12348 0.0573836 -0.129683 0.00701407
v12349 0.061108 -0.106668 0.00115334
v12350 0.0576353 -0.129687 0.00692511
v12351 0.0520327 -0.131255 0.00974227
v12352 0.0578864 -0.12969 0.00683424
v12353 0.0517769 -0.131253 0.00982448
v12354 0.0581311 -0.129697 0.00672493
v12355 0.056192 -0.13395 0.00971539
v12356 0.0703666 -0.121103 0.00146556
v12357 0.0585135 -0.1297 0.00660659
v12358 0.0706455 -0.121094 0.00145194
v12359 0.0587782 -0.129697 0.0065566
v12360 0.0712026 -0.121075 0.00142233
v12361 0.0590435 -0.129694 0.00650836
v12362 0.0591744 -0.129693 0.00647927
v12363 0.0593087 -0.129691 0.00645992
v12364 0.0714855 -0.121063 0.00141798
v12365 0.0595767 -0.129687 0.0064195
v12366 0.0717743 -0.121049 0.00142844
v12367 0.0598397 -0.129685 0.00636454
v12368 0.0719169 -0.121042 0.00142896
v12369 0.060098 -0.129685 0.00629592
v12370 0.0722004 -0.121031 0.00142563
v12371 0.0603485 -0.129689 0.00620477
v12372 0.0724886 -0.121017 0.0014337
v12373 0.0605989 -0.129692 0.00611364
v12374 0.072782 -0.121 0.00145424
v12375 0.0608533 -0.129694 0.0060342
v12376 0.0780868 -0.120884 0.00079253
v12377 0.0611094 -0.129695 0.0059599
v12378 0.0612362 -0.129697 0.00591906
v12379 0.0613666 -0.129696 0.00588888
v12380 0.0782258 -0.12088 0.000782113
v12381 0.0785154 -0.120867 0.0007885
v12382 0.0617574 -0.129695 0.00579629
v12383 0.0788014 -0.120855 0.000785905
v12384 0.0620115 -0.129697 0.00571661
v12385 0.0621377 -0.129698 0.00567438
v12386 0.0622679 -0.129698 0.00564367
v12387 0.0789422 -0.12085 0.000779334
v12388 0.0625273 -0.129697 0.00557924
v12389 0.0792307 -0.120836 0.00078251
v12390 0.0627845 -0.129698 0.0055084
v12391 0.0793753 -0.12083 0.000784517
v12392 0.0630447 -0.129697 0.00544637
v12393 0.0795225 -0.120822 0.000792899
v12394 0.0633026 -0.129697 0.00537769
v12395 0.0798137 -0.120808 0.000801465
v12396 0.063557 -0.129699 0.0052995
v12397 0.0801004 -0.120796 0.000799207
v12398 0.0638107 -0.129701 0.0052198
v12399 0.0803945 -0.12078 0.000814016
v12400 0.0640685 -0.129701 0.00515119
v12401 0.0641974 -0.129701 0.00511697
v12402 0.0806884 -0.120765 0.000828078
v12403 0.0644595 -0.129699 0.00506045
v12404 0.0808341 -0.120758 0.000831952
v12405 0.0647236 -0.129697 0.00500928
v12406 0.0811244 -0.120745 0.00083703
v12407 0.0649883 -0.129694 0.00496
v12408 0.0814183 -0.12073 0.000850111
v12409 0.0652541 -0.129691 0.00491349
v12410 0.0817149 -0.120713 0.000869176
v12411 0.0655182 -0.129688 0.00486226
v12412 0.0613644 -0.106671 0.00107587
v12413 0.0617549 -0.106672 0.000976627
v12414 0.05722 -0.129299 0.0069156
v12415 0.0620134 -0.106674 0.000905412
v12416 0.0569662 -0.129296 0.00699846
v12417 0.0568366 -0.129296 0.00703197
v12418 0.0567067 -0.129297 0.00706459
v12419 0.0622678 -0.106679 0.000822891
v12420 0.0564502 -0.129295 0.00713953
v12421 0.0623981 -0.10668 0.000790242
v12422 0.0561989 -0.129292 0.00723079
v12423 0.0625242 -0.106683 0.000746119
v12424 0.0559472 -0.129288 0.00732093
v12425 0.0627794 -0.106687 0.00066613
v12426 0.0630406 -0.106687 0.000602889
v12427 0.055568 -0.129283 0.00745134
v12428 0.0376372 -0.128844 0.0132757
v12429 0.0553208 -0.129278 0.00755578
v12430 0.0551953 -0.129276 0.00760238
v12431 0.0817745 -0.128766 0.00331228
v12432 0.081628 -0.128772 0.00330683
v12433 0.0813385 -0.128783 0.00330401
v12434 0.0810497 -0.128794 0.00330251
v12435 0.0506492 -0.131232 0.0102743
v12436 0.0505189 -0.131232 0.0103082
v12437 0.0500041 -0.131229 0.0104652
v12438 0.0684358 -0.121029 0.00159719
v12439 0.0696534 -0.121002 0.00144414
v12440 0.0697943 -0.120997 0.00144133
v12441 0.0700748 -0.120986 0.00143226
v12442 0.0649712 -0.129436 0.00488886
v12443 0.0709073 -0.120959 0.00138077
v12444 0.074853 -0.128986 0.00358047
v12445 0.0733315 -0.129025 0.00370172
v12446 0.0731897 -0.12903 0.0037038
v12447 0.0346365 -0.129432 0.0147041
v12448 0.0348962 -0.129434 0.0146231
v12449 0.0350263 -0.129435 0.0145835
v12450 0.0351526 -0.129438 0.0145286
v12451 0.0637958 -0.129441 0.00515476
v12452 0.0697599 -0.106649 -0.000847048
v12453 0.0807864 -0.112583 -0.000238754
v12454 0.0798983 -0.112637 -0.000287079
v12455 0.0788992 -0.112681 -0.000261173
v12456 0.0775308 -0.112784 -0.000430998
v12457 0.0772383 -0.112801 -0.000442593
v12458 0.0628981 -0.129438 0.00540804
v12459 0.0769396 -0.112821 -0.000469123
v12460 0.0766479 -0.112837 -0.000479679
v12461 0.0765003 -0.112847 -0.000489073
v12462 0.0756186 -0.112901 -0.000538789
v12463 0.0736007 -0.113008 -0.000571917
v12464 0.0734523 -0.113018 -0.000585345
v12465 0.0731657 -0.113032 -0.000587399
v12466 0.0728772 -0.113048 -0.000594597
v12467 0.0725906 -0.113063 -0.000597306
v12468 0.0722998 -0.11308 -0.000610781
v12469 0.0497499 -0.131226 0.0105547
v12470 0.0496244 -0.131223 0.0106048
v12471 0.0782143 -0.120752 0.000739714
v12472 0.0784999 -0.12074 0.000736585
v12473 0.0787873 -0.120727 0.000737442
v12474 0.0608422 -0.129433 0.00598041
v12475 0.0790724 -0.120716 0.000732555
v12476 0.0803829 -0.120652 0.000771626
v12477 0.0806777 -0.120636 0.000787502
v12478 0.080971 -0.120621 0.000799816
v12479 0.081116 -0.120615 0.000802072
v12480 0.0600844 -0.129425 0.00623484
v12481 0.0563162 -0.133953 0.00966353
v12482 0.0565662 -0.133957 0.00956488
v12483 0.0568224 -0.133958 0.00948526
v12484 0.05695 -0.133959 0.00944392
v12485 0.0570774 -0.13396 0.00940232
v12486 0.0573298 -0.133963 0.00931155
v12487 0.0575831 -0.133965 0.00922376
v12488 0.057711 -0.133966 0.00918352
v12489 0.0579577 -0.133971 0.00907643
v12490 0.0587668 -0.129435 0.00650216
v12491 0.0582103 -0.133974 0.00898699
v12492 0.0584628 -0.133977 0.00889766
v12493 0.058717 -0.133979 0.00881337
v12494 0.0589748 -0.13398 0.00874035
v12495 0.0592354 -0.133979 0.00867522
v12496 0.0593641 -0.133979 0.00863814
v12497 0.0594921 -0.13398 0.00859888
v12498 0.059747 -0.133982 0.00851737
v12499 0.0601201 -0.133988 0.00836849
v12500 0.0603752 -0.133989 0.00828806
v12501 0.06063 -0.133991 0.00820699
v12502 0.0608866 -0.133992 0.00813125
v12503 0.0610156 -0.133992 0.00809551
v12504 0.0611449 -0.133992 0.0080606
v12505 0.0613983 -0.133994 0.00797596
v12506 0.0616519 -0.133996 0.00789198
v12507 0.0619092 -0.133997 0.0078188
v12508 0.0622986 -0.133996 0.00771905
v12509 0.0625603 -0.133995 0.00765838
v12510 0.0628181 -0.133996 0.0075869
v12511 0.0560844 -0.129418 0.00731993
v12512 0.0629457 -0.133996 0.0075475
v12513 0.0630743 -0.133997 0.00751094
v12514 0.0633326 -0.133997 0.00744106
v12515 0.0635883 -0.133998 0.0073641
v12516 0.0638411 -0.134 0.00727904
v12517 0.0641028 -0.133999 0.00721894
v12518 0.0643673 -0.133996 0.00716671
v12519 0.0653762 -0.129561 0.00484859
v12520 0.0489422 -0.106097 0.00597681
v12521 0.0647575 -0.133996 0.00707033
v12522 0.0648887 -0.133995 0.00704122
v12523 0.0650206 -0.133994 0.0070142
v12524 0.0651532 -0.133992 0.00698903
v12525 0.0490677 -0.106103 0.00592328
v12526 0.065548 -0.13399 0.00690526
v12527 0.0658095 -0.133989 0.0068448
v12528 0.0660773 -0.133985 0.00680149
v12529 0.0640596 -0.129572 0.00511464
v12530 0.0663449 -0.133982 0.00675771
v12531 0.0666118 -0.133978 0.00671168
v12532 0.0493172 -0.106114 0.00581191
v12533 0.0495688 -0.106124 0.00570774
v12534 0.0496944 -0.106129 0.00565535
v12535 0.0498162 -0.106138 0.00559033
v12536 0.0631673 -0.129567 0.00538258
v12537 0.0500635 -0.106151 0.00547288
v12538 0.0503085 -0.106166 0.00534859
v12539 0.066879 -0.133975 0.00666666
v12540 0.0671461 -0.133972 0.00662119
v12541 0.0505587 -0.106176 0.00524152
v12542 0.0508067 -0.106189 0.0051277
v12543 0.0509322 -0.106194 0.00507571
v12544 0.0493706 -0.13122 0.0106959
v12545 0.0674138 -0.133968 0.00657749
v12546 0.0491157 -0.131217 0.0107839
v12547 0.0489876 -0.131216 0.0108254
v12548 0.0488598 -0.131215 0.0108682
v12549 0.0486041 -0.131212 0.0109537
v12550 0.0483513 -0.131208 0.0110492
v12551 0.0482257 -0.131206 0.0110998
v12552 0.0671846 -0.120939 0.00164618
v12553 0.0682715 -0.120913 0.00152508
v12554 0.0703314 -0.120854 0.00134833
v12555 0.0706131 -0.120843 0.00134192
v12556 0.0710331 -0.120827 0.00132552
v12557 0.0711745 -0.120821 0.00132339
v12558 0.0714566 -0.12081 0.00131728
v12559 0.0602156 -0.129557 0.0062173
v12560 0.0717442 -0.120796 0.00132465
v12561 0.0720294 -0.120783 0.00132589
v12562 0.0723188 -0.120769 0.00133704
v12563 0.0724661 -0.12076 0.00134905
v12564 0.0726143 -0.120751 0.00136333
v12565 0.0727629 -0.120742 0.00137848
v12566 0.0473302 -0.131197 0.0114003
v12567 0.0472037 -0.131195 0.0114482
v12568 0.0796373 -0.120561 0.000694242
v12569 0.079783 -0.120554 0.000698848
v12570 0.0800767 -0.120539 0.000713119
v12571 0.0803704 -0.120524 0.000726975
v12572 0.0806684 -0.120506 0.00075046
v12573 0.080961 -0.120492 0.000761055
v12574 0.0811075 -0.120484 0.000766646
v12575 0.0814063 -0.120467 0.000791072
v12576 0.0580024 -0.129563 0.00675042
v12577 0.0817036 -0.120451 0.000811549
v12578 0.0519407 -0.106229 0.00467731
v12579 0.0546891 -0.10634 0.00352945
v12580 0.0554516 -0.106359 0.00326208
v12581 0.0557035 -0.106367 0.00316673
v12582 0.0562186 -0.12955 0.00730996
v12583 0.056074 -0.106384 0.00300201
v12584 0.0561992 -0.106388 0.00295219
v12585 0.0558402 -0.129545 0.0074428
v12586 0.0563202 -0.106396 0.00289021
v12587 0.0415508 -0.129394 0.0122145
v12588 0.0416798 -0.129395 0.0121741
v12589 0.0690225 -0.1054 -0.00066284
v12590 0.0419392 -0.129396 0.012098
v12591 0.0565732 -0.106403 0.00279911
v12592 0.0422025 -0.129395 0.0120367
v12593 0.0568201 -0.106414 0.00269003
v12594 0.042464 -0.129395 0.0119688
v12595 0.0570709 -0.106422 0.00259281
v12596 0.0427269 -0.129395 0.0119062
v12597 0.0428572 -0.129395 0.0118705
v12598 0.0429878 -0.129395 0.0118361
v12599 0.0573248 -0.106428 0.00250511
v12600 0.0575737 -0.106438 0.00240272
v12601 0.0433756 -0.129397 0.0117186
v12602 0.0576971 -0.106444 0.00234872
v12603 0.0436329 -0.129399 0.0116363
v12604 0.0437619 -0.1294 0.0115962
v12605 0.0438923 -0.129401 0.0115614
v12606 0.0579462 -0.106453 0.00224766
v12607 0.0441519 -0.129401 0.0114872
v12608 0.0581962 -0.106462 0.00214939
v12609 0.0444074 -0.129405 0.0113987
v12610 0.0584512 -0.106467 0.00206583
v12611 0.0446639 -0.129407 0.0113141
v12612 0.058701 -0.106475 0.0019674
v12613 0.0449201 -0.12941 0.0112289
v12614 0.0589572 -0.10648 0.00188801
v12615 0.0451774 -0.129412 0.0111473
v12616 0.0592092 -0.106487 0.00179636
v12617 0.0454307 -0.129416 0.011052
v12618 0.0595887 -0.106496 0.00166379
v12619 0.0456908 -0.129417 0.0109809
v12620 0.0597151 -0.106499 0.00161938
v12621 0.0598403 -0.106503 0.00157163
v12622 0.0460744 -0.129421 0.0108516
v12623 0.0462015 -0.129423 0.010806
v12624 0.0463285 -0.129424 0.0107602
v12625 0.0613751 -0.106528 0.00109421
v12626 0.0465865 -0.129426 0.0106822
v12627 0.0797428 -0.112785 -0.000297143
v12628 0.0468462 -0.129427 0.0106104
v12629 0.0794588 -0.112797 -0.000286415
v12630 0.0471038 -0.129428 0.0105314
v12631 0.0793266 -0.112797 -0.00025809
v12632 0.0473637 -0.129429 0.0104605
v12633 0.0791804 -0.112806 -0.000262658
v12634 0.0476159 -0.129433 0.0103636
v12635 0.0788958 -0.112818 -0.000253555
v12636 0.0478688 -0.129437 0.0102692
v12637 0.0787416 -0.11283 -0.000277117
v12638 0.048121 -0.129442 0.010173
v12639 0.0785919 -0.11284 -0.000290076
v12640 0.0762053 -0.113 -0.000493057
v12641 0.0484994 -0.129448 0.0100292
v12642 0.0486277 -0.129449 0.00998866
v12643 0.0487558 -0.12945 0.00994743
v12644 0.0759122 -0.113017 -0.000507683
v12645 0.0490097 -0.129454 0.00985775
v12646 0.0756179 -0.113035 -0.000525829
v12647 0.0492682 -0.129455 0.00978348
v12648 0.0753266 -0.113052 -0.000536777
v12649 0.0495244 -0.129457 0.0097019
v12650 0.0751794 -0.113061 -0.000546302
v12651 0.0497853 -0.129457 0.00963567
v12652 0.075035 -0.113069 -0.000549045
v12653 0.0500389 -0.12946 0.00954589
v12654 0.0747448 -0.113085 -0.000558179
v12655 0.0502962 -0.129461 0.00946814
v12656 0.0504244 -0.129462 0.00942815
v12657 0.0505501 -0.129465 0.00937974
v12658 0.0745966 -0.113095 -0.000570457
v12659 0.0743102 -0.113109 -0.000571079
v12660 0.0509356 -0.129467 0.00926231
v12661 0.0510501 -0.129475 0.00917788
v12662 0.0511747 -0.129478 0.00912633
v12663 0.0740239 -0.113124 -0.000571532
v12664 0.051423 -0.129483 0.00902065
v12665 0.0469487 -0.131192 0.0115375
v12666 0.051694 -0.129478 0.00898853
v12667 0.0466954 -0.131188 0.011633
v12668 0.0519604 -0.129475 0.00894125
v12669 0.0520786 -0.129481 0.00886953
v12670 0.052211 -0.12948 0.00884338
v12671 0.0464417 -0.131184 0.0117277
v12672 0.0524728 -0.129479 0.00878173
v12673 0.0667703 -0.120819 0.00166041
v12674 0.0527278 -0.129481 0.00869821
v12675 0.052849 -0.129485 0.00863677
v12676 0.0670408 -0.120813 0.00162721
v12677 0.0530901 -0.129495 0.00850972
v12678 0.0671777 -0.120809 0.00161492
v12679 0.0533436 -0.129498 0.00842226
v12680 0.0534701 -0.129499 0.00837798
v12681 0.0535939 -0.129502 0.00832494
v12682 0.0673207 -0.120802 0.00161882
v12683 0.05384 -0.129509 0.00821507
v12684 0.0675845 -0.1208 0.0015679
v12685 0.0540933 -0.129512 0.00812757
v12686 0.054221 -0.129513 0.00808732
v12687 0.0678557 -0.120793 0.00153613
v12688 0.0681269 -0.120787 0.00150432
v12689 0.0684113 -0.120774 0.0015068
v12690 0.0686828 -0.120768 0.00147555
v12691 0.0700282 -0.120742 0.0012859
v12692 0.0549768 -0.129524 0.0078146
v12693 0.0703107 -0.12073 0.00128176
v12694 0.0552178 -0.129532 0.00769043
v12695 0.0705963 -0.120717 0.00128558
v12696 0.0554641 -0.129539 0.00758304
v12697 0.0555853 -0.129543 0.00752332
v12698 0.0676861 -0.133963 0.00654592
v12699 0.0412936 -0.129392 0.0122987
v12700 0.0679568 -0.133959 0.00650977
v12701 0.0410356 -0.12939 0.0123805
v12702 0.068227 -0.133954 0.00647233
v12703 0.0563456 -0.129551 0.0072684
v12704 0.0684982 -0.13395 0.00643734
v12705 0.0566004 -0.129553 0.00718812
v12706 0.0699771 -0.133929 0.00621029
v12707 0.0568556 -0.129555 0.00710915
v12708 0.070111 -0.133927 0.00618813
v12709 0.0571125 -0.129556 0.00703527
v12710 0.0572427 -0.129555 0.00700361
v12711 0.0688881 -0.105402 -0.000640672
v12712 0.0727552 -0.120612 0.00134494
v12713 0.0686202 -0.105406 -0.000594501
v12714 0.0730385 -0.120601 0.00134013
v12715 0.0683562 -0.105408 -0.000538023
v12716 0.0451607 -0.131171 0.01216
v12717 0.0680907 -0.105411 -0.000485631
v12718 0.0450355 -0.131168 0.0122137
v12719 0.0690165 -0.105539 -0.000664696
v12720 0.0688825 -0.105541 -0.000641546
v12721 0.0447759 -0.131167 0.0122889
v12722 0.068615 -0.105545 -0.000594342
v12723 0.0445137 -0.131168 0.012355
v12724 0.0683499 -0.105548 -0.000540888
v12725 0.0682178 -0.105549 -0.000513105
v12726 0.0680838 -0.105551 -0.000490233
v12727 0.0651722 -0.105574 0.000108893
v12728 0.0650414 -0.105574 0.000140085
v12729 0.0784715 -0.120486 0.000639155
v12730 0.0647841 -0.105571 0.000214382
v12731 0.0787588 -0.120473 0.000639671
v12732 0.0645241 -0.10557 0.000281672
v12733 0.0790451 -0.120461 0.000637843
v12734 0.0642656 -0.105568 0.000353013
v12735 0.0724391 -0.13388 0.00594069
v12736 0.0640066 -0.105566 0.000422984
v12737 0.0725787 -0.133876 0.00593264
v12738 0.0637505 -0.105562 0.000500945
v12739 0.0727191 -0.133872 0.00592641
v12740 0.0634936 -0.105559 0.00057696
v12741 0.0793335 -0.120448 0.000640578
v12742 0.0368104 -0.129332 0.0138845
v12743 0.0366819 -0.12933 0.0139296
v12744 0.0729999 -0.133864 0.00591398
v12745 0.0364221 -0.129329 0.0140086
v12746 0.0732762 -0.133858 0.00589004
v12747 0.0361622 -0.129327 0.0140872
v12748 0.0752307 -0.133808 0.0057675
v12749 0.035904 -0.129324 0.0141731
v12750 0.0632407 -0.105553 0.000664057
v12751 0.0755053 -0.133802 0.00573777
v12752 0.0355343 -0.129445 0.0143754
v12753 0.035661 -0.129448 0.0143224
v12754 0.0566749 -0.133832 0.00945628
v12755 0.0575638 -0.13384 0.00915575
v12756 0.0816985 -0.120319 0.000783987
v12757 0.0581871 -0.13385 0.00890756
v12758 0.036307 -0.129455 0.0141094
v12759 0.0370816 -0.129462 0.0138536
v12760 0.0373347 -0.129468 0.0137486
v12761 0.0651641 -0.105715 9.97604e-05
v12762 0.0650331 -0.105715 0.000130454
v12763 0.0375899 -0.129472 0.0136521
v12764 0.0647778 -0.105711 0.000210053
v12765 0.0386001 -0.129495 0.0132288
v12766 0.0645174 -0.10571 0.000275988
v12767 0.039242 -0.129503 0.013008
v12768 0.0642577 -0.105709 0.00034402
v12769 0.0638725 -0.105704 0.000457791
v12770 0.0637428 -0.105703 0.000492296
v12771 0.0393699 -0.129504 0.0129623
v12772 0.063487 -0.105699 0.000571197
v12773 0.0394987 -0.129506 0.01292
v12774 0.039755 -0.129509 0.0128307
v12775 0.0400175 -0.129508 0.0127652
v12776 0.0657701 -0.129558 0.00476569
v12777 0.0442527 -0.131168 0.0124253
v12778 0.0660371 -0.129554 0.00472243
v12779 0.0441225 -0.131167 0.0124616
v12780 0.0663047 -0.129551 0.00468083
v12781 0.0439952 -0.131165 0.0125086
v12782 0.0665674 -0.129549 0.00462563
v12783 0.0433424 -0.131165 0.0126845
v12784 0.0668296 -0.129547 0.00456949
v12785 0.0432153 -0.131163 0.0127325
v12786 0.0670959 -0.129544 0.00452397
v12787 0.0429594 -0.13116 0.012822
v12788 0.0673599 -0.129541 0.00447262
v12789 0.0426981 -0.13116 0.0128925
v12790 0.0676256 -0.129538 0.00442548
v12791 0.042443 -0.131156 0.0129853
v12792 0.0678977 -0.129532 0.00439542
v12793 0.0423132 -0.131155 0.013024
v12794 0.068167 -0.129528 0.00435778
v12795 0.0420538 -0.131154 0.0131016
v12796 0.0684346 -0.129524 0.00431544
v12797 0.0417916 -0.131154 0.0131689
v12798 0.0687094 -0.129517 0.00429192
v12799 0.0415304 -0.131154 0.0132403
v12800 0.0689859 -0.129509 0.00427281
v12801 0.0414089 -0.131149 0.0133097
v12802 0.0692628 -0.129502 0.00425457
v12803 0.0691333 -0.105819 -0.000704467
v12804 0.0412787 -0.131149 0.013347
v12805 0.0688677 -0.105822 -0.000652618
v12806 0.0698241 -0.129483 0.00423671
v12807 0.0410197 -0.131147 0.013427
v12808 0.0701011 -0.129476 0.00421798
v12809 0.0667344 -0.120704 0.00155232
v12810 0.0703722 -0.129471 0.00418408
v12811 0.0668694 -0.120701 0.00153524
v12812 0.0706469 -0.129464 0.00415887
v12813 0.0712943 -0.120559 0.00123905
v12814 0.0709212 -0.129458 0.00413272
v12815 0.0714367 -0.120553 0.00123924
v12816 0.0711927 -0.129452 0.00409935
v12817 0.0717262 -0.120538 0.00125149
v12818 0.0714625 -0.129448 0.00406128
v12819 0.071598 -0.129445 0.0040438
v12820 0.0717334 -0.129443 0.00402615
v12821 0.0720146 -0.120524 0.00126079
v12822 0.0720045 -0.129438 0.00399135
v12823 0.0723004 -0.120511 0.0012629
v12824 0.0722739 -0.129433 0.00395195
v12825 0.0724467 -0.120503 0.00127254
v12826 0.0725453 -0.129428 0.00391755
v12827 0.0727375 -0.120487 0.00128663
v12828 0.0728179 -0.129423 0.00388634
v12829 0.0730224 -0.120475 0.00128602
v12830 0.0730967 -0.129415 0.00387036
v12831 0.0407649 -0.131143 0.0135227
v12832 0.073374 -0.129407 0.00385045
v12833 0.0405129 -0.131137 0.0136297
v12834 0.0736511 -0.1294 0.00382984
v12835 0.0402595 -0.131133 0.0137315
v12836 0.0739288 -0.129392 0.0038104
v12837 0.074069 -0.129388 0.00380421
v12838 0.0402781 -0.129509 0.0126926
v12839 0.0743428 -0.129382 0.00377481
v12840 0.0420873 -0.129522 0.0121327
v12841 0.0746191 -0.129375 0.00375164
v12842 0.0699053 -0.106504 -0.00085466
v12843 0.0748984 -0.129367 0.00373556
v12844 0.070043 -0.1065 -0.000867779
v12845 0.0751752 -0.12936 0.00371332
v12846 0.0704483 -0.106491 -0.000927819
v12847 0.0754476 -0.129355 0.00368009
v12848 0.0705869 -0.106486 -0.000939112
v12849 0.0757247 -0.129348 0.00365793
v12850 0.0708672 -0.106474 -0.000953708
v12851 0.0760021 -0.12934 0.00363662
v12852 0.0711448 -0.106464 -0.000975416
v12853 0.0762803 -0.129333 0.00361714
v12854 0.0714217 -0.106454 -0.000999028
v12855 0.068597 -0.105828 -0.000613745
v12856 0.0717042 -0.106441 -0.0010088
v12857 0.0683311 -0.105831 -0.000562615
v12858 0.0681973 -0.105833 -0.000539451
v12859 0.0680621 -0.105836 -0.000519554
v12860 0.0719948 -0.106423 -0.000998854
v12861 0.0774041 -0.129299 0.00356321
v12862 0.0722732 -0.106412 -0.00101934
v12863 0.0776823 -0.129292 0.00354253
v12864 0.072559 -0.106397 -0.00102179
v12865 0.0779652 -0.129282 0.00353315
v12866 0.0728467 -0.106381 -0.00101974
v12867 0.0791572 -0.112952 -0.00030123
v12868 0.077512 -0.113063 -0.000445083
v12869 0.0772245 -0.113077 -0.000445046
v12870 0.0769275 -0.113096 -0.000467823
v12871 0.0766359 -0.113113 -0.000478275
v12872 0.0764906 -0.113121 -0.000482302
v12873 0.0790924 -0.129248 0.00348217
v12874 0.0792322 -0.129244 0.0034731
v12875 0.0750334 -0.113204 -0.00053829
v12876 0.0737453 -0.113268 -0.000539019
v12877 0.0645033 -0.105856 0.00025048
v12878 0.0734523 -0.113286 -0.000556595
v12879 0.0731641 -0.113302 -0.000562609
v12880 0.0728716 -0.11332 -0.000579776
v12881 0.072589 -0.113332 -0.000572732
v12882 0.0723019 -0.113347 -0.00057717
v12883 0.0400012 -0.13113 0.0138153
v12884 0.0799067 -0.120289 0.000621048
v12885 0.0800539 -0.120282 0.000628945
v12886 0.0803526 -0.120264 0.000654541
v12887 0.0632254 -0.105835 0.000646588
v12888 0.0693954 -0.105955 -0.000751722
v12889 0.0806487 -0.120248 0.000673509
v12890 0.0809454 -0.120231 0.000693659
v12891 0.0812436 -0.120214 0.0007167
v12892 0.0813932 -0.120205 0.000729325
v12893 0.0816964 -0.120186 0.000763343
v12894 0.0685912 -0.105968 -0.000615289
v12895 0.0820022 -0.120166 0.000802808
v12896 0.0338345 -0.129168 0.0148523
v12897 0.0590821 -0.133855 0.00862935
v12898 0.0340937 -0.12917 0.0147683
v12899 0.052206 -0.10609 0.0046109
v12900 0.0343513 -0.129174 0.0146782
v12901 0.0599746 -0.133861 0.00834571
v12902 0.034606 -0.129179 0.0145763
v12903 0.0607351 -0.133868 0.00809104
v12904 0.052332 -0.106095 0.00456129
v12905 0.0683263 -0.10597 -0.000561725
v12906 0.0681919 -0.105972 -0.000539965
v12907 0.0680591 -0.105974 -0.000513953
v12908 0.0353768 -0.12919 0.0143002
v12909 0.0355046 -0.129192 0.0142516
v12910 0.0524583 -0.106099 0.00451266
v12911 0.0357624 -0.129195 0.014164
v12912 0.0528328 -0.106114 0.00435355
v12913 0.0360225 -0.129196 0.0140857
v12914 0.0361501 -0.129198 0.014037
v12915 0.0362797 -0.129199 0.0139962
v12916 0.0529566 -0.10612 0.00429735
v12917 0.036538 -0.129202 0.0139113
v12918 0.0530803 -0.106126 0.00424118
v12919 0.0367953 -0.129205 0.0138224
v12920 0.0533263 -0.10614 0.00412444
v12921 0.0677911 -0.105978 -0.000468434
v12922 0.0535766 -0.106149 0.00402145
v12923 0.0675194 -0.105985 -0.000432859
v12924 0.0538249 -0.106161 0.00391268
v12925 0.0672542 -0.105987 -0.0003801
v12926 0.0616305 -0.133872 0.00781942
v12927 0.0669862 -0.105992 -0.000334704
v12928 0.0540753 -0.10617 0.00381063
v12929 0.0667193 -0.105995 -0.00028673
v12930 0.0665852 -0.105998 -0.000264351
v12931 0.0664508 -0.106 -0.000242661
v12932 0.0542003 -0.106175 0.00375915
v12933 0.0661876 -0.106001 -0.000184799
v12934 0.0617587 -0.133872 0.00778177
v12935 0.0659256 -0.106002 -0.000123856
v12936 0.0626684 -0.13387 0.00755239
v12937 0.0656634 -0.106002 -6.31586e-05
v12938 0.0635677 -0.133873 0.00729476
v12939 0.0654032 -0.106001 2.76676e-06
v12940 0.0544518 -0.106184 0.00366081
v12941 0.065145 -0.105999 7.39234e-05
v12942 0.0547014 -0.106194 0.0035572
v12943 0.0648697 -0.133869 0.00697671
v12944 0.0647584 -0.105996 0.000183175
v12945 0.0659222 -0.133862 0.00675319
v12946 0.0644972 -0.105995 0.000246726
v12947 0.0643677 -0.105995 0.000281352
v12948 0.0642387 -0.105993 0.000317383
v12949 0.0406356 -0.129259 0.0124504
v12950 0.040764 -0.12926 0.0124074
v12951 0.0660557 -0.13386 0.00673045
v12952 0.0676636 -0.133839 0.00647288
v12953 0.0679356 -0.133834 0.00644046
v12954 0.0549553 -0.1062 0.0034667
v12955 0.0396167 -0.131126 0.0139522
v12956 0.0415362 -0.129267 0.0121562
v12957 0.0416646 -0.129269 0.0121133
v12958 0.0393611 -0.131122 0.0140469
v12959 0.0392331 -0.13112 0.0140937
v12960 0.0391044 -0.131119 0.0141375
v12961 0.0388484 -0.131115 0.0142313
v12962 0.0385884 -0.131114 0.0143097
v12963 0.0384593 -0.131113 0.0143523
v12964 0.0425802 -0.129268 0.011877
v12965 0.0383302 -0.131111 0.0143951
v12966 0.0380721 -0.131109 0.0144813
v12967 0.0376869 -0.131104 0.0146188
v12968 0.0369144 -0.131095 0.0148876
v12969 0.0360068 -0.131088 0.0151786
v12970 0.0353638 -0.131079 0.0154097
v12971 0.0682098 -0.120544 0.00132467
v12972 0.0685023 -0.120527 0.00134831
v12973 0.0702868 -0.120475 0.00119348
v12974 0.0705723 -0.120462 0.00119704
v12975 0.0708531 -0.120451 0.0011881
v12976 0.0552078 -0.106208 0.0033723
v12977 0.0554633 -0.106213 0.0032875
v12978 0.0443888 -0.12928 0.0113272
v12979 0.055589 -0.106217 0.00323887
v12980 0.0557149 -0.106222 0.0031908
v12981 0.0785935 -0.120222 0.00055799
v12982 0.0787346 -0.120217 0.000552108
v12983 0.0790225 -0.120204 0.000554164
v12984 0.0451604 -0.129286 0.0110815
v12985 0.079311 -0.12019 0.000557079
v12986 0.0796016 -0.120176 0.000564663
v12987 0.0559622 -0.106233 0.00308148
v12988 0.0568312 -0.106269 0.0027125
v12989 0.0582045 -0.106319 0.00216277
v12990 0.0589664 -0.106337 0.00190332
v12991 0.0601034 -0.106366 0.00150103
v12992 0.0603585 -0.106371 0.00141924
v12993 0.0606154 -0.106374 0.00134255
v12994 0.0608716 -0.106378 0.001264
v12995 0.0611273 -0.106382 0.00118421
v12996 0.0613861 -0.106384 0.00111337
v12997 0.0616477 -0.106384 0.00105027
v12998 0.0469588 -0.129301 0.0105088
v12999 0.0619049 -0.106387 0.000975006
v13000 0.0622896 -0.106393 0.000859227
v13001 0.062549 -0.106394 0.000790629
v13002 0.0628031 -0.106399 0.000707259
v13003 0.0395556 -0.129007 0.0125894
v13004 0.0477293 -0.129308 0.010265
v13005 0.0394248 -0.129007 0.0126237
v13006 0.0391652 -0.129006 0.0126998
v13007 0.0390339 -0.129006 0.0127325
v13008 0.0389052 -0.129005 0.0127748
v13009 0.0386479 -0.129002 0.0128605
v13010 0.0799997 -0.113057 -0.000339716
v13011 0.0797078 -0.113072 -0.000347228
v13012 0.0794199 -0.113086 -0.000345912
v13013 0.0791435 -0.113094 -0.000317695
v13014 0.0788646 -0.113104 -0.000295824
v13015 0.0383982 -0.128995 0.0129759
v13016 0.049252 -0.129329 0.0097223
v13017 0.0382719 -0.128992 0.013028
v13018 0.0763356 -0.113269 -0.000494812
v13019 0.0761908 -0.113276 -0.000497735
v13020 0.075905 -0.11329 -0.000495164
v13021 0.0756097 -0.113309 -0.000515705
v13022 0.0753224 -0.113323 -0.000517445
v13023 0.0501468 -0.129337 0.009431
v13024 0.0750325 -0.113339 -0.000525699
v13025 0.0747439 -0.113355 -0.000531202
v13026 0.0745967 -0.113364 -0.000540882
v13027 0.0744545 -0.11337 -0.000538711
v13028 0.0743125 -0.113377 -0.000536079
v13029 0.0740274 -0.113391 -0.000533939
v13030 0.0380191 -0.128986 0.013132
v13031 0.0377743 -0.128976 0.0132679
v13032 0.0375294 -0.128966 0.013404
v13033 0.0372753 -0.128961 0.0135042
v13034 0.0371489 -0.128958 0.0135568
v13035 0.0370229 -0.128955 0.0136113
v13036 0.0518098 -0.129351 0.00890047
v13037 0.0804874 -0.128944 0.00335022
v13038 0.0802007 -0.128954 0.00335268
v13039 0.0799185 -0.128963 0.0033657
v13040 0.0796336 -0.128973 0.00337202
v13041 0.0685617 -0.106393 -0.000650881
v13042 0.0687009 -0.106388 -0.000660142
v13043 0.0527126 -0.129354 0.00864145
v13044 0.0528345 -0.129358 0.00858203
v13045 0.0790714 -0.128989 0.00340199
v13046 0.0530781 -0.129366 0.008463
v13047 0.0789298 -0.128994 0.00340691
v13048 0.0533332 -0.129369 0.00838064
v13049 0.0534592 -0.129371 0.00833463
v13050 0.0535874 -0.129371 0.0082959
v13051 0.0789004 -0.131174 0.00427781
v13052 0.0538318 -0.129379 0.00818034
v13053 0.0695575 -0.133807 0.00621676
v13054 0.0540812 -0.129384 0.00808096
v13055 0.0698205 -0.133806 0.00616001
v13056 0.0543364 -0.129386 0.00799965
v13057 0.0700926 -0.133801 0.00612696
v13058 0.0703632 -0.133796 0.00608978
v13059 0.0547097 -0.129394 0.0078491
v13060 0.054834 -0.129396 0.00779856
v13061 0.054959 -0.129398 0.00775012
v13062 0.0706306 -0.133793 0.00604434
v13063 0.0786211 -0.131182 0.00429704
v13064 0.0709052 -0.133787 0.00601738
v13065 0.0711821 -0.13378 0.0059965
v13066 0.0639793 -0.105992 0.000386091
v13067 0.0714549 -0.133775 0.00596442
v13068 0.0637242 -0.105988 0.000466345
v13069 0.0717295 -0.133769 0.00593709
v13070 0.079245 -0.129373 0.00351851
v13071 0.0720035 -0.133764 0.00590812
v13072 0.0634711 -0.105982 0.000552339
v13073 0.0722765 -0.133759 0.00587637
v13074 0.0632154 -0.105978 0.000631155
v13075 0.0693875 -0.106095 -0.000758349
v13076 0.07834 -0.13119 0.00431182
v13077 0.0691248 -0.106096 -0.000699111
v13078 0.0780486 -0.131201 0.00430177
v13079 0.0725562 -0.133751 0.00586171
v13080 0.0728344 -0.133744 0.00584278
v13081 0.0777713 -0.131208 0.0043252
v13082 0.0775034 -0.131211 0.00437135
v13083 0.0731129 -0.133737 0.00582457
v13084 0.0688572 -0.1061 -0.000652323
v13085 0.073392 -0.13373 0.00580758
v13086 0.0735356 -0.133725 0.00580907
v13087 0.0738136 -0.133718 0.00578896
v13088 0.0740919 -0.133711 0.00576943
v13089 0.074372 -0.133704 0.00575424
v13090 0.0746514 -0.133696 0.00573718
v13091 0.0749313 -0.133689 0.00572103
v13092 0.0754841 -0.133677 0.00567087
v13093 0.0786437 -0.129004 0.00340959
v13094 0.0696355 -0.106374 -0.000827429
v13095 0.0557707 -0.133696 0.00970286
v13096 0.0560277 -0.133697 0.00962523
v13097 0.0562772 -0.133702 0.00952512
v13098 0.0753243 -0.129485 0.0037429
v13099 0.0565268 -0.133706 0.00942538
v13100 0.0750507 -0.129491 0.0037731
v13101 0.0567821 -0.133708 0.00934319
v13102 0.0747714 -0.129499 0.00378926
v13103 0.0571612 -0.133712 0.00920894
v13104 0.074493 -0.129507 0.00380749
v13105 0.0572895 -0.133712 0.0091701
v13106 0.0742179 -0.129513 0.00383348
v13107 0.0574179 -0.133713 0.00913145
v13108 0.0739415 -0.12952 0.0038564
v13109 0.0576687 -0.133717 0.0090366
v13110 0.0736621 -0.129529 0.00387142
v13111 0.0735223 -0.129533 0.00387857
v13112 0.0579121 -0.133723 0.00891943
v13113 0.0732459 -0.12954 0.00390093
v13114 0.0581645 -0.133726 0.00882985
v13115 0.0729705 -0.129546 0.00392557
v13116 0.0584206 -0.133727 0.00875144
v13117 0.072695 -0.129553 0.00394972
v13118 0.0586766 -0.133729 0.00867294
v13119 0.0724248 -0.129558 0.00398712
v13120 0.0588043 -0.133729 0.00863276
v13121 0.0721545 -0.129562 0.00402412
v13122 0.0589333 -0.13373 0.00859654
v13123 0.0718845 -0.129567 0.0040619
v13124 0.0593167 -0.133732 0.00847758
v13125 0.0716118 -0.129573 0.00409271
v13126 0.0595729 -0.133733 0.00839996
v13127 0.0713413 -0.129578 0.0041289
v13128 0.0596989 -0.133734 0.0083553
v13129 0.0710701 -0.129583 0.00416323
v13130 0.0598256 -0.133736 0.00831245
v13131 0.0707999 -0.129587 0.00420016
v13132 0.0600786 -0.133738 0.00822603
v13133 0.0705234 -0.129595 0.00422067
v13134 0.0603342 -0.133739 0.00814736
v13135 0.0702478 -0.129602 0.00424326
v13136 0.0604609 -0.13374 0.00810492
v13137 0.0699746 -0.129608 0.00427182
v13138 0.0605881 -0.133741 0.00806396
v13139 0.069699 -0.129615 0.00429428
v13140 0.0608418 -0.133743 0.00798005
v13141 0.0772297 -0.131217 0.00440319
v13142 0.0769453 -0.131226 0.00440909
v13143 0.0611003 -0.133744 0.00791008
v13144 0.0613537 -0.133746 0.00782546
v13145 0.0688611 -0.12964 0.00433082
v13146 0.0614811 -0.133746 0.00778537
v13147 0.0701283 -0.120356 0.00113782
v13148 0.0715607 -0.120288 0.0011653
v13149 0.0685847 -0.129648 0.0043502
v13150 0.0717046 -0.120281 0.00116925
v13151 0.0719912 -0.120268 0.00117406
v13152 0.0722791 -0.120254 0.00118144
v13153 0.0725704 -0.120238 0.00119719
v13154 0.0727176 -0.12023 0.00120875
v13155 0.0787255 -0.120087 0.000515566
v13156 0.0790103 -0.120075 0.000510132
v13157 0.0792991 -0.120062 0.000513621
v13158 0.0795929 -0.120046 0.000528789
v13159 0.067616 -0.129409 0.00438725
v13160 0.0801834 -0.120014 0.000564442
v13161 0.0678876 -0.129403 0.00435572
v13162 0.0803333 -0.120005 0.000578439
v13163 0.0681552 -0.1294 0.00431358
v13164 0.0806348 -0.119986 0.000610159
v13165 0.0684195 -0.129397 0.00426261
v13166 0.0809317 -0.119969 0.000630508
v13167 0.0687005 -0.129388 0.00425545
v13168 0.0812337 -0.119951 0.000662515
v13169 0.0689787 -0.129379 0.00424088
v13170 0.0813842 -0.119941 0.000677112
v13171 0.0692496 -0.129374 0.00420702
v13172 0.0816878 -0.119922 0.000711902
v13173 0.0819937 -0.119901 0.000751559
v13174 0.0732958 -0.106211 -0.000988631
v13175 0.0494698 -0.105822 0.00583159
v13176 0.0673129 -0.131448 0.00529418
v13177 0.0671768 -0.131451 0.00530916
v13178 0.0669049 -0.131457 0.00534016
v13179 0.0666349 -0.131461 0.00537626
v13180 0.0664979 -0.131465 0.00538886
v13181 0.0683265 -0.120283 0.00123312
v13182 0.068472 -0.120275 0.0012429
v13183 0.0400467 -0.113098 0.00923094
v13184 0.0498447 -0.105839 0.00566696
v13185 0.0711765 -0.129326 0.00404415
v13186 0.0500919 -0.105853 0.00554865
v13187 0.0503386 -0.105866 0.00542934
v13188 0.0504622 -0.105873 0.00537068
v13189 0.0505888 -0.105877 0.00532158
v13190 0.0508367 -0.10589 0.00520703
v13191 0.0519722 -0.10593 0.00475919
v13192 0.0522246 -0.105938 0.0046605
v13193 0.0524743 -0.105949 0.00455382
v13194 0.052727 -0.105957 0.00445689
v13195 0.0562277 -0.106094 0.00301702
v13196 0.0563501 -0.106101 0.00295869
v13197 0.0566003 -0.10611 0.00285884
v13198 0.0568478 -0.106121 0.00275105
v13199 0.0569723 -0.106126 0.00269959
v13200 0.0570975 -0.10613 0.00265044
v13201 0.0573526 -0.106135 0.00256557
v13202 0.0734958 -0.129277 0.00378408
v13203 0.073636 -0.129273 0.00377791
v13204 0.0576003 -0.106146 0.00245951
v13205 0.0739152 -0.129265 0.0037625
v13206 0.0577265 -0.10615 0.00241348
v13207 0.0741892 -0.129259 0.00373386
v13208 0.0578488 -0.106156 0.0023561
v13209 0.0778118 -0.113311 -0.000385843
v13210 0.0775094 -0.113333 -0.000420859
v13211 0.0772162 -0.113351 -0.000434411
v13212 0.076918 -0.113371 -0.000460271
v13213 0.0766265 -0.113387 -0.000470533
v13214 0.0737392 -0.11354 -0.000524935
v13215 0.0734487 -0.113557 -0.000536649
v13216 0.0731614 -0.113572 -0.000540652
v13217 0.0728721 -0.113588 -0.000550052
v13218 0.0687602 -0.12026 0.00125531
v13219 0.0702536 -0.120225 0.00108157
v13220 0.0759888 -0.129212 0.00358949
v13221 0.0703936 -0.12022 0.00107637
v13222 0.076267 -0.129205 0.00357004
v13223 0.0705415 -0.12021 0.00109112
v13224 0.070685 -0.120203 0.00109464
v13225 0.0766882 -0.129192 0.00354976
v13226 0.0768308 -0.129187 0.00354816
v13227 0.0708265 -0.120197 0.00109326
v13228 0.0771105 -0.129179 0.00353162
v13229 0.0711206 -0.12018 0.00111785
v13230 0.0773895 -0.129171 0.0035131
v13231 0.078858 -0.119952 0.000474098
v13232 0.0776693 -0.129163 0.00349648
v13233 0.0790001 -0.119946 0.000470823
v13234 0.0779514 -0.129154 0.00348516
v13235 0.0792884 -0.119933 0.000473174
v13236 0.0782296 -0.129147 0.00346404
v13237 0.0795833 -0.119917 0.000490873
v13238 0.0798772 -0.119901 0.000505754
v13239 0.0800256 -0.119893 0.000516397
v13240 0.0617379 -0.133747 0.00771098
v13241 0.0619953 -0.133748 0.00763834
v13242 0.062255 -0.133747 0.00757229
v13243 0.0792239 -0.129114 0.00343815
v13244 0.0623853 -0.133747 0.00754062
v13245 0.0625158 -0.133746 0.00750959
v13246 0.0627749 -0.133746 0.00744196
v13247 0.0630324 -0.133747 0.00737008
v13248 0.0632896 -0.133747 0.00729736
v13249 0.0653974 -0.106141 -1.29847e-08
v13250 0.0582269 -0.106167 0.00221713
v13251 0.0584754 -0.106177 0.00211435
v13252 0.0587289 -0.106183 0.00202616
v13253 0.0649817 -0.133743 0.00688294
v13254 0.0652437 -0.133741 0.0068241
v13255 0.0655049 -0.13374 0.00676289
v13256 0.0589825 -0.106189 0.0019388
v13257 0.0591082 -0.106193 0.00189181
v13258 0.0592347 -0.106196 0.00184738
v13259 0.065636 -0.133739 0.00673359
v13260 0.0657679 -0.133738 0.00670681
v13261 0.0660336 -0.133736 0.00665805
v13262 0.0594875 -0.106203 0.00175799
v13263 0.0663017 -0.133732 0.00661552
v13264 0.066567 -0.133729 0.00656554
v13265 0.0668348 -0.133726 0.00652249
v13266 0.0336952 -0.129037 0.0148531
v13267 0.0671039 -0.133722 0.00648272
v13268 0.0673735 -0.133718 0.00644404
v13269 0.067642 -0.133714 0.0064025
v13270 0.0679138 -0.133709 0.00636949
v13271 0.0681859 -0.133704 0.00633743
v13272 0.034469 -0.129046 0.0145865
v13273 0.0684572 -0.133699 0.00630285
v13274 0.0687247 -0.133695 0.00625826
v13275 0.0689942 -0.133691 0.006219
v13276 0.0349826 -0.129054 0.0144005
v13277 0.0691321 -0.133688 0.00620744
v13278 0.069266 -0.133686 0.00618552
v13279 0.0710217 -0.133659 0.00593688
v13280 0.07116 -0.133655 0.00592602
v13281 0.071435 -0.133649 0.00589986
v13282 0.0744892 -0.133575 0.00567552
v13283 0.0597427 -0.106207 0.00167559
v13284 0.0598657 -0.106213 0.00162152
v13285 0.0601194 -0.106219 0.00153527
v13286 0.0603757 -0.106223 0.00145632
v13287 0.0746279 -0.133571 0.00566452
v13288 0.0749085 -0.133564 0.00565017
v13289 0.0751897 -0.133556 0.00563721
v13290 0.0606303 -0.106228 0.00137302
v13291 0.0607586 -0.10623 0.00133426
v13292 0.0692445 -0.106239 -0.00074493
v13293 0.060886 -0.106232 0.00129296
v13294 0.0689867 -0.106236 -0.000673274
v13295 0.0630683 -0.106261 0.000642465
v13296 0.0683146 -0.106248 -0.000565078
v13297 0.0558009 -0.131447 0.00832662
v13298 0.0680518 -0.106249 -0.000506123
v13299 0.0556733 -0.131446 0.00836708
v13300 0.0677838 -0.106254 -0.000461005
v13301 0.0555521 -0.131443 0.00842707
v13302 0.0675107 -0.106262 -0.000428963
v13303 0.0706697 -0.120078 0.00104216
v13304 0.0672432 -0.106266 -0.000382399
v13305 0.0709596 -0.120062 0.00105631
v13306 0.0669784 -0.106268 -0.000329081
v13307 0.0711049 -0.120054 0.0010643
v13308 0.0667092 -0.106273 -0.000287168
v13309 0.0665741 -0.106276 -0.000267519
v13310 0.0664391 -0.106279 -0.000247679
v13311 0.0713936 -0.12004 0.0010751
v13312 0.0661752 -0.106281 -0.000191976
v13313 0.0716802 -0.120026 0.00108007
v13314 0.0659156 -0.10628 -0.000124724
v13315 0.0718225 -0.12002 0.00108001
v13316 0.0656513 -0.106282 -6.99528e-05
v13317 0.0719647 -0.120014 0.00107946
v13318 0.0653915 -0.106281 -2.96774e-06
v13319 0.0404896 -0.129132 0.0124234
v13320 0.0406205 -0.129132 0.0123896
v13321 0.0722552 -0.119998 0.00109368
v13322 0.0408771 -0.129135 0.0123029
v13323 0.072554 -0.119979 0.00112798
v13324 0.0411354 -0.129137 0.0122225
v13325 0.0524325 -0.131384 0.00967891
v13326 0.0413945 -0.129138 0.012145
v13327 0.0521795 -0.131381 0.00977005
v13328 0.0416512 -0.129141 0.0120592
v13329 0.0520504 -0.13138 0.00980744
v13330 0.0419107 -0.129142 0.0119841
v13331 0.0803166 -0.119745 0.000508602
v13332 0.0421731 -0.129142 0.0119194
v13333 0.042304 -0.129141 0.0118862
v13334 0.0806187 -0.119726 0.000541512
v13335 0.0425666 -0.129141 0.0118224
v13336 0.0809188 -0.119707 0.000569312
v13337 0.0428284 -0.129141 0.0117558
v13338 0.0819873 -0.119636 0.000705148
v13339 0.0430901 -0.12914 0.0116891
v13340 0.0765344 -0.129068 0.00350945
v13341 0.0433484 -0.129142 0.0116101
v13342 0.0729266 -0.129165 0.00377322
v13343 0.043605 -0.129145 0.0115252
v13344 0.0706141 -0.129211 0.00404767
v13345 0.0438637 -0.129146 0.0114479
v13346 0.0696529 -0.129235 0.0041346
v13347 0.0441199 -0.129149 0.011362
v13348 0.0442489 -0.12915 0.0113223
v13349 0.0443747 -0.129153 0.0112713
v13350 0.0403586 -0.129132 0.0124569
v13351 0.0446307 -0.129155 0.011185
v13352 0.0402279 -0.129132 0.0124914
v13353 0.0448886 -0.129157 0.0111059
v13354 0.0450167 -0.129158 0.0110632
v13355 0.0451449 -0.12916 0.011021
v13356 0.0399636 -0.129133 0.0125496
v13357 0.0393127 -0.129131 0.0127329
v13358 0.0455301 -0.129163 0.0108971
v13359 0.0379118 -0.129108 0.0132617
v13360 0.04579 -0.129164 0.0108256
v13361 0.0459184 -0.129165 0.0107842
v13362 0.0460468 -0.129166 0.0107432
v13363 0.0374176 -0.12909 0.0135166
v13364 0.0463031 -0.129168 0.0106594
v13365 0.069514 -0.106233 -0.000786664
v13366 0.0465618 -0.12917 0.0105842
v13367 0.0697874 -0.106225 -0.000818261
v13368 0.0468207 -0.129171 0.0105096
v13369 0.0700628 -0.106216 -0.000845236
v13370 0.0470744 -0.129174 0.0104174
v13371 0.0703291 -0.106213 -0.000895213
v13372 0.0473325 -0.129176 0.0103404
v13373 0.0706091 -0.106202 -0.000910919
v13374 0.0475882 -0.129179 0.0102556
v13375 0.0708918 -0.106188 -0.000919631
v13376 0.0711715 -0.106176 -0.000936469
v13377 0.0479675 -0.129185 0.0101142
v13378 0.0714453 -0.106169 -0.000968189
v13379 0.048222 -0.129188 0.0100258
v13380 0.048348 -0.12919 0.00997772
v13381 0.0484749 -0.129192 0.00993234
v13382 0.0717275 -0.106156 -0.000979034
v13383 0.0487317 -0.129194 0.00985235
v13384 0.072016 -0.106139 -0.000974518
v13385 0.0489823 -0.129199 0.00975175
v13386 0.0491117 -0.129199 0.00971508
v13387 0.0492408 -0.1292 0.00967749
v13388 0.0723005 -0.106124 -0.000980123
v13389 0.0494969 -0.129202 0.0095957
v13390 0.0725844 -0.106111 -0.000987446
v13391 0.0497536 -0.129204 0.00951578
v13392 0.0727282 -0.106102 -0.000986889
v13393 0.0500057 -0.129208 0.00942106
v13394 0.0501331 -0.12921 0.00937824
v13395 0.0802727 -0.11332 -0.000344837
v13396 0.0503901 -0.129211 0.00929989
v13397 0.079982 -0.113335 -0.00034956
v13398 0.0796912 -0.113351 -0.000354693
v13399 0.0507729 -0.129215 0.00917415
v13400 0.0793986 -0.113367 -0.000364404
v13401 0.0791157 -0.113378 -0.000351707
v13402 0.0763253 -0.113543 -0.000489318
v13403 0.0761815 -0.11355 -0.00049014
v13404 0.0758953 -0.113564 -0.00048875
v13405 0.0515346 -0.129224 0.00891097
v13406 0.0756049 -0.11358 -0.000497722
v13407 0.0753176 -0.113595 -0.000499543
v13408 0.0750301 -0.113609 -0.000501993
v13409 0.0747422 -0.113624 -0.000505788
v13410 0.074597 -0.113632 -0.000511079
v13411 0.0743113 -0.113646 -0.000509931
v13412 0.0740229 -0.113661 -0.000515798
v13413 0.0731591 -0.113707 -0.000531983
v13414 0.0728717 -0.113722 -0.000536603
v13415 0.0517302 -0.105775 0.00488204
v13416 0.052983 -0.105826 0.00436124
v13417 0.053105 -0.105833 0.00429959
v13418 0.0533492 -0.105848 0.00417684
v13419 0.0536 -0.105857 0.00407492
v13420 0.0517934 -0.131379 0.00988607
v13421 0.0514229 -0.131369 0.010053
v13422 0.0509154 -0.131363 0.0102326
v13423 0.0537277 -0.10586 0.00403108
v13424 0.0539424 -0.129254 0.00807742
v13425 0.0538521 -0.105866 0.0039775
v13426 0.0541021 -0.105876 0.00387381
v13427 0.054359 -0.10588 0.00379133
v13428 0.0544829 -0.105886 0.00373639
v13429 0.0546068 -0.105892 0.00368141
v13430 0.0549858 -0.105903 0.00353973
v13431 0.055112 -0.105907 0.00349189
v13432 0.0552388 -0.105911 0.00344637
v13433 0.0554921 -0.105918 0.00335419
v13434 0.0557444 -0.105926 0.00325937
v13435 0.0558643 -0.105934 0.00319327
v13436 0.055989 -0.105939 0.00314152
v13437 0.05624 -0.105948 0.00304346
v13438 0.0564881 -0.105959 0.00293675
v13439 0.0566126 -0.105964 0.0028851
v13440 0.0611488 -0.106095 0.00122129
v13441 0.0614094 -0.106096 0.00115515
v13442 0.0669785 -0.129672 0.00460148
v13443 0.061666 -0.1061 0.00107774
v13444 0.0619238 -0.106102 0.00100397
v13445 0.062179 -0.106107 0.000922798
v13446 0.0625676 -0.106109 0.000817847
v13447 0.0626944 -0.106112 0.000775176
v13448 0.0628223 -0.106114 0.000735842
v13449 0.0807907 -0.129061 0.00340135
v13450 0.0468418 -0.131315 0.01166
v13451 0.0459445 -0.131306 0.0119592
v13452 0.0455605 -0.131302 0.01209
v13453 0.0453024 -0.131301 0.0121701
v13454 0.0444021 -0.131293 0.0124632
v13455 0.0437494 -0.131292 0.0126393
v13456 0.0433592 -0.131291 0.0127504
v13457 0.0416783 -0.13128 0.013273
v13458 0.0409106 -0.13127 0.0135477
v13459 0.0563585 -0.129678 0.0073175
v13460 0.0402818 -0.131256 0.01382
v13461 0.0401527 -0.131255 0.013862
v13462 0.0395127 -0.131246 0.0140942
v13463 0.0687126 -0.120017 0.00110507
v13464 0.0703708 -0.119964 0.000990873
v13465 0.0706614 -0.119948 0.00100724
v13466 0.0709506 -0.119933 0.00101988
v13467 0.0710951 -0.119926 0.00102561
v13468 0.0713852 -0.11991 0.00103999
v13469 0.0722444 -0.11987 0.00105244
v13470 0.054987 -0.129653 0.00785525
v13471 0.0725405 -0.119852 0.00108036
v13472 0.0387387 -0.131239 0.0143524
v13473 0.0784163 -0.119709 0.000417367
v13474 0.0789828 -0.119687 0.000399332
v13475 0.0792694 -0.119674 0.000398081
v13476 0.0795675 -0.119657 0.00042299
v13477 0.0798614 -0.119641 0.000437962
v13478 0.0801558 -0.119625 0.000453732
v13479 0.0806096 -0.119596 0.000504721
v13480 0.0809112 -0.119577 0.000536011
v13481 0.0399189 -0.11337 0.00928653
v13482 0.0765727 -0.129453 0.00364635
v13483 0.0768548 -0.129444 0.00363584
v13484 0.0771331 -0.129437 0.00361587
v13485 0.0782544 -0.129404 0.0035534
v13486 0.0783951 -0.1294 0.00354676
v13487 0.0520829 -0.129613 0.00889158
v13488 0.0733224 -0.105923 -0.00095242
v13489 0.0741945 -0.10587 -0.000929199
v13490 0.074339 -0.105861 -0.000927656
v13491 0.0515735 -0.129607 0.0090613
v13492 0.0512389 -0.105609 0.00511551
v13493 0.0513138 -0.129607 0.00912993
v13494 0.051998 -0.105634 0.00482288
v13495 0.0510669 -0.129601 0.00924062
v13496 0.0522496 -0.105644 0.00472125
v13497 0.0788071 -0.113538 -0.000384112
v13498 0.0506936 -0.129592 0.00939743
v13499 0.0524998 -0.105654 0.00461575
v13500 0.0504368 -0.12959 0.0094766
v13501 0.052626 -0.105659 0.00456678
v13502 0.0501804 -0.129588 0.00955717
v13503 0.0527518 -0.105663 0.00451628
v13504 0.0499263 -0.129585 0.00964537
v13505 0.0777881 -0.113593 -0.000411359
v13506 0.0496673 -0.129585 0.00971752
v13507 0.0495373 -0.129585 0.00975223
v13508 0.0494104 -0.129583 0.00979707
v13509 0.077492 -0.113612 -0.000431562
v13510 0.0491524 -0.129582 0.00987283
v13511 0.0771972 -0.11363 -0.000449353
v13512 0.0488977 -0.129579 0.00996
v13513 0.0487701 -0.129577 0.0100025
v13514 0.0486425 -0.129576 0.0100455
v13515 0.0769029 -0.113647 -0.000466158
v13516 0.0767564 -0.113656 -0.00047295
v13517 0.0482631 -0.12957 0.0101858
v13518 0.0738748 -0.113806 -0.000513886
v13519 0.048009 -0.129567 0.0102756
v13520 0.0737325 -0.113812 -0.000512396
v13521 0.0477578 -0.129562 0.0103756
v13522 0.0734441 -0.113828 -0.000519071
v13523 0.0475046 -0.129558 0.0104693
v13524 0.0731613 -0.11384 -0.000512136
v13525 0.0728763 -0.113854 -0.00051109
v13526 0.0472484 -0.129555 0.0105526
v13527 0.052997 -0.105677 0.0043959
v13528 0.0469902 -0.129554 0.0106297
v13529 0.0532419 -0.105692 0.00427474
v13530 0.0568766 -0.105826 0.00281569
v13531 0.0571251 -0.105836 0.00271079
v13532 0.0678757 -0.129276 0.00431129
v13533 0.0572477 -0.105843 0.00265358
v13534 0.0573713 -0.105848 0.00259944
v13535 0.0576211 -0.105858 0.00249929
v13536 0.0578692 -0.105868 0.00239424
v13537 0.0581214 -0.105875 0.00230144
v13538 0.0584968 -0.105888 0.00215462
v13539 0.0587473 -0.105897 0.00205751
v13540 0.0590043 -0.105901 0.0019795
v13541 0.0592552 -0.105909 0.00188401
v13542 0.0595084 -0.105915 0.00179538
v13543 0.05976 -0.105923 0.00170255
v13544 0.065262 -0.10628 3.13934e-05
v13545 0.0651331 -0.106279 6.75995e-05
v13546 0.0600154 -0.105927 0.00162058
v13547 0.0648755 -0.106276 0.000140375
v13548 0.0603948 -0.105937 0.00148778
v13549 0.0606513 -0.105941 0.00140927
v13550 0.060907 -0.105945 0.00132886
v13551 0.0611622 -0.10595 0.00124706
v13552 0.0614196 -0.105953 0.00117192
v13553 0.0616766 -0.105956 0.0010956
v13554 0.0708885 -0.129205 0.00402175
v13555 0.0618048 -0.105958 0.00105663
v13556 0.0711605 -0.129199 0.00398959
v13557 0.0619331 -0.10596 0.00101786
v13558 0.0714281 -0.129196 0.00394623
v13559 0.0621906 -0.105963 0.000943046
v13560 0.0716989 -0.129191 0.00391077
v13561 0.0624501 -0.105964 0.00087406
v13562 0.0719728 -0.129184 0.00388315
v13563 0.0786811 -0.12939 0.003544
v13564 0.0722438 -0.129179 0.00384806
v13565 0.0789646 -0.129381 0.00353514
v13566 0.0725139 -0.129175 0.00381067
v13567 0.0795219 -0.129366 0.00349369
v13568 0.0798115 -0.129354 0.00349847
v13569 0.0644828 -0.106277 0.000232718
v13570 0.0643582 -0.106273 0.00028058
v13571 0.0642276 -0.106273 0.000312255
v13572 0.040505 -0.129258 0.0124853
v13573 0.0402442 -0.129258 0.0125569
v13574 0.0736225 -0.129145 0.00373007
v13575 0.0399794 -0.12926 0.0126133
v13576 0.073902 -0.129137 0.00371535
v13577 0.0397178 -0.12926 0.0126818
v13578 0.0741767 -0.12913 0.00368856
v13579 0.03959 -0.129258 0.0127275
v13580 0.0744511 -0.129124 0.00366069
v13581 0.0394593 -0.129258 0.0127624
v13582 0.0639677 -0.106271 0.000379271
v13583 0.0390708 -0.129255 0.0128808
v13584 0.0750086 -0.129108 0.00362624
v13585 0.0388142 -0.129252 0.0129692
v13586 0.0752817 -0.129103 0.00359472
v13587 0.0754204 -0.129099 0.00358422
v13588 0.0386862 -0.12925 0.0130147
v13589 0.0756994 -0.129091 0.00356703
v13590 0.0385626 -0.129246 0.0130774
v13591 0.038308 -0.129242 0.0131745
v13592 0.0380495 -0.129239 0.0132562
v13593 0.0378048 -0.129229 0.0133929
v13594 0.056259 -0.133576 0.00945975
v13595 0.0637083 -0.10627 0.000447588
v13596 0.0577681 -0.133596 0.00890095
v13597 0.0768166 -0.129059 0.00349912
v13598 0.0352493 -0.129187 0.0143497
v13599 0.0770973 -0.129051 0.00348506
v13600 0.0379656 -0.13123 0.0146159
v13601 0.0586568 -0.133603 0.00860394
v13602 0.0378366 -0.131229 0.0146597
v13603 0.0374501 -0.131225 0.0147928
v13604 0.0634555 -0.106264 0.000534205
v13605 0.0371924 -0.131222 0.0148816
v13606 0.0369341 -0.131219 0.0149683
v13607 0.0366734 -0.131218 0.015046
v13608 0.0633259 -0.106263 0.000568701
v13609 0.0364149 -0.131216 0.0151323
v13610 0.0695034 -0.106375 -0.000799917
v13611 0.036286 -0.131214 0.0151773
v13612 0.0361565 -0.131213 0.0152197
v13613 0.0358981 -0.13121 0.015307
v13614 0.0356408 -0.131207 0.0153991
v13615 0.0355115 -0.131206 0.0154428
v13616 0.0353839 -0.131204 0.0154934
v13617 0.0351291 -0.131199 0.0155966
v13618 0.0348729 -0.131195 0.0156943
v13619 0.0347447 -0.131193 0.0157428
v13620 0.0344884 -0.131188 0.0158406
v13621 0.0342348 -0.131183 0.0159503
v13622 0.06953 -0.105952 -0.000772971
v13623 0.0698016 -0.105945 -0.000809799
v13624 0.0699392 -0.105941 -0.000823461
v13625 0.0700769 -0.105937 -0.000837072
v13626 0.0703504 -0.105929 -0.000869041
v13627 0.0706299 -0.105917 -0.000886285
v13628 0.0709102 -0.105905 -0.000901355
v13629 0.0711869 -0.105896 -0.000925832
v13630 0.078646 -0.131306 0.00437155
v13631 0.0783585 -0.131316 0.00437114
v13632 0.0664253 -0.106424 -0.000271205
v13633 0.0780664 -0.131328 0.00435941
v13634 0.0761204 -0.131377 0.00450899
v13635 0.0758419 -0.131384 0.0045283
v13636 0.075562 -0.131392 0.00454392
v13637 0.0752796 -0.131401 0.00455335
v13638 0.0338125 -0.128909 0.0147595
v13639 0.0751388 -0.131405 0.00455899
v13640 0.0340728 -0.128911 0.0146802
v13641 0.0748592 -0.131413 0.00457502
v13642 0.03433 -0.128915 0.0145882
v13643 0.0344589 -0.128916 0.0145437
v13644 0.0745767 -0.131421 0.00458348
v13645 0.0347114 -0.128923 0.014433
v13646 0.0742995 -0.131428 0.00460489
v13647 0.0349696 -0.128926 0.0143462
v13648 0.0350959 -0.128929 0.0142913
v13649 0.0352243 -0.128931 0.0142452
v13650 0.0740184 -0.131437 0.00461666
v13651 0.0354816 -0.128934 0.014155
v13652 0.0737433 -0.131443 0.00464283
v13653 0.0357396 -0.128937 0.0140682
v13654 0.0358689 -0.128938 0.0140264
v13655 0.0359985 -0.128939 0.0139856
v13656 0.0682776 -0.119908 0.00106623
v13657 0.0684159 -0.119903 0.00105737
v13658 0.068698 -0.119891 0.00105402
v13659 0.0720899 -0.119749 0.00100816
v13660 0.0366387 -0.128949 0.013751
v13661 0.0722346 -0.119741 0.0010139
v13662 0.0725288 -0.119724 0.00103697
v13663 0.0728136 -0.119711 0.00103614
v13664 0.0714643 -0.105886 -0.000948734
v13665 0.0717447 -0.105874 -0.000964481
v13666 0.0720332 -0.105857 -0.00096019
v13667 0.0532546 -0.105545 0.0043049
v13668 0.0536305 -0.105559 0.00415046
v13669 0.053881 -0.105569 0.00404738
v13670 0.0541345 -0.105577 0.00395398
v13671 0.0543863 -0.105585 0.00385554
v13672 0.0546346 -0.105597 0.00374697
v13673 0.0548859 -0.105606 0.00364757
v13674 0.055266 -0.105617 0.00350861
v13675 0.0555151 -0.105627 0.00340341
v13676 0.055767 -0.105635 0.00330707
v13677 0.056015 -0.105646 0.00319903
v13678 0.0562665 -0.105655 0.00310203
v13679 0.0565154 -0.105665 0.00299744
v13680 0.0566417 -0.105669 0.0029508
v13681 0.056768 -0.105673 0.00290403
v13682 0.0802548 -0.113599 -0.000354827
v13683 0.0799609 -0.113615 -0.00036715
v13684 0.0796675 -0.113632 -0.00037857
v13685 0.0793775 -0.113647 -0.000382503
v13686 0.0790785 -0.113667 -0.000407585
v13687 0.0571366 -0.105691 0.00273427
v13688 0.0402124 -0.129006 0.0124291
v13689 0.0764606 -0.113809 -0.000479043
v13690 0.0761702 -0.113825 -0.000487334
v13691 0.0758854 -0.113838 -0.000482782
v13692 0.075596 -0.113854 -0.000489502
v13693 0.075315 -0.113865 -0.000476248
v13694 0.075027 -0.113879 -0.000480099
v13695 0.0747408 -0.113893 -0.000479902
v13696 0.0412548 -0.129008 0.012142
v13697 0.0745991 -0.1139 -0.000476674
v13698 0.0743115 -0.113915 -0.000480283
v13699 0.0730988 -0.119699 0.00103603
v13700 0.0804492 -0.119476 0.000450995
v13701 0.0806007 -0.119466 0.000468482
v13702 0.0809022 -0.119447 0.000499678
v13703 0.04216 -0.129014 0.0118668
v13704 0.0819736 -0.119374 0.000641982
v13705 0.0585078 -0.105744 0.00217552
v13706 0.0592652 -0.105765 0.00190154
v13707 0.0594215 -0.133609 0.00835966
v13708 0.0600256 -0.105784 0.00163843
v13709 0.061078 -0.133619 0.00783488
v13710 0.0621057 -0.133622 0.00753866
v13711 0.0432074 -0.129013 0.0116016
v13712 0.0631409 -0.133622 0.00726536
v13713 0.0645714 -0.133618 0.00691151
v13714 0.0647032 -0.133617 0.00688422
v13715 0.0652231 -0.133616 0.00675529
v13716 0.0666798 -0.133603 0.00647468
v13717 0.0439775 -0.129021 0.0113485
v13718 0.0668138 -0.133601 0.00645321
v13719 0.0685708 -0.133572 0.00621431
v13720 0.0687049 -0.13357 0.00619307
v13721 0.0703166 -0.133547 0.00594201
v13722 0.0705844 -0.133544 0.00589787
v13723 0.0708623 -0.133537 0.00587975
v13724 0.0711405 -0.13353 0.00586209
v13725 0.0714162 -0.133523 0.00583785
v13726 0.0716872 -0.133519 0.00580151
v13727 0.0627154 -0.105826 0.000809144
v13728 0.0719553 -0.133515 0.00575767
v13729 0.07223 -0.133509 0.00573033
v13730 0.0456452 -0.129037 0.0108032
v13731 0.0725074 -0.133503 0.00570993
v13732 0.0727845 -0.133496 0.00568845
v13733 0.0730679 -0.133487 0.00568282
v13734 0.0667894 -0.131584 0.00542326
v13735 0.0666543 -0.131587 0.00544091
v13736 0.0705041 -0.119695 0.000941277
v13737 0.0465501 -0.129041 0.0105372
v13738 0.0706458 -0.119689 0.00094028
v13739 0.0709311 -0.119676 0.000942712
v13740 0.0712185 -0.119662 0.000950366
v13741 0.0715105 -0.119645 0.000969261
v13742 0.0791115 -0.11942 0.00033382
v13743 0.0792542 -0.119414 0.000331598
v13744 0.0474463 -0.12905 0.0102434
v13745 0.0795506 -0.119397 0.000352789
v13746 0.079844 -0.119381 0.000366392
v13747 0.080137 -0.119366 0.00037889
v13748 0.0800873 -0.129215 0.00345509
v13749 0.0788092 -0.129257 0.00349188
v13750 0.0785255 -0.129266 0.00350029
v13751 0.0783819 -0.129272 0.00350005
v13752 0.0655381 -0.105863 -3.02621e-05
v13753 0.0658001 -0.105863 -9.16276e-05
v13754 0.0660612 -0.105863 -0.000155079
v13755 0.0663252 -0.105861 -0.000210888
v13756 0.0665905 -0.105858 -0.000263236
v13757 0.0667239 -0.105857 -0.000287514
v13758 0.066857 -0.105855 -0.000312755
v13759 0.0671246 -0.105851 -0.000359201
v13760 0.0673913 -0.105848 -0.000408039
v13761 0.067661 -0.105842 -0.000448919
v13762 0.05582 -0.131572 0.00839453
v13763 0.052577 -0.131511 0.00969944
v13764 0.0524507 -0.13151 0.00974545
v13765 0.0733448 -0.105638 -0.000926296
v13766 0.0742117 -0.105588 -0.000916488
v13767 0.0521525 -0.105342 0.00484475
v13768 0.0522779 -0.105347 0.00479278
v13769 0.0506296 -0.129087 0.00915676
v13770 0.0525231 -0.105361 0.00467095
v13771 0.0508835 -0.129091 0.009069
v13772 0.0527773 -0.105369 0.00457771
v13773 0.0530164 -0.105388 0.00443768
v13774 0.0536376 -0.105417 0.00416279
v13775 0.0538884 -0.105426 0.00406073
v13776 0.0551575 -0.105462 0.00360019
v13777 0.0516534 -0.129096 0.00883275
v13778 0.0560367 -0.105493 0.00325389
v13779 0.0519163 -0.129094 0.00877451
v13780 0.0790675 -0.113807 -0.00041792
v13781 0.078925 -0.113813 -0.000414226
v13782 0.0523015 -0.129097 0.00865799
v13783 0.0524291 -0.129098 0.00861671
v13784 0.0525572 -0.129099 0.00857705
v13785 0.0786419 -0.113825 -0.000402983
v13786 0.05281 -0.129102 0.00848693
v13787 0.0783472 -0.113842 -0.0004191
v13788 0.0530618 -0.129106 0.00839392
v13789 0.0531868 -0.129109 0.00834486
v13790 0.0533112 -0.129112 0.0082937
v13791 0.0780542 -0.113859 -0.000431569
v13792 0.0535601 -0.129117 0.00819217
v13793 0.0777642 -0.113874 -0.000437255
v13794 0.0538068 -0.129123 0.00808414
v13795 0.0774744 -0.11389 -0.000442995
v13796 0.0771833 -0.113906 -0.000451948
v13797 0.0541833 -0.129129 0.00794249
v13798 0.0770372 -0.113914 -0.00045789
v13799 0.0544374 -0.129132 0.00785827
v13800 0.0545575 -0.129137 0.0077946
v13801 0.0546831 -0.129139 0.00774818
v13802 0.0767459 -0.11393 -0.000467874
v13803 0.054934 -0.129143 0.00765436
v13804 0.0737362 -0.114079 -0.000474517
v13805 0.073449 -0.114093 -0.000478047
v13806 0.0464744 -0.129551 0.0107858
v13807 0.0731633 -0.114107 -0.000478543
v13808 0.0516897 -0.1315 0.0100137
v13809 0.0515642 -0.131498 0.0100629
v13810 0.0513148 -0.131493 0.0101669
v13811 0.0509341 -0.131488 0.0103017
v13812 0.0506855 -0.131483 0.0104089
v13813 0.0455765 -0.129543 0.0110775
v13814 0.0501719 -0.131479 0.0105702
v13815 0.0478654 -0.13146 0.0113217
v13816 0.0477373 -0.131459 0.0113643
v13817 0.047489 -0.131452 0.0114763
v13818 0.047238 -0.131447 0.011579
v13819 0.0448067 -0.129535 0.0113292
v13820 0.0446786 -0.129534 0.0113721
v13821 0.0445505 -0.129533 0.011415
v13822 0.0471109 -0.131446 0.0116253
v13823 0.0442961 -0.129529 0.0115071
v13824 0.046984 -0.131444 0.0116724
v13825 0.0440367 -0.129528 0.0115821
v13826 0.0467291 -0.131441 0.0117626
v13827 0.0437773 -0.129527 0.0116567
v13828 0.0463418 -0.131438 0.0118809
v13829 0.0435186 -0.129526 0.0117342
v13830 0.0462113 -0.131438 0.0119158
v13831 0.0458347 -0.13143 0.0120725
v13832 0.0431322 -0.129522 0.011857
v13833 0.0455811 -0.131427 0.0121682
v13834 0.0428715 -0.129522 0.0119277
v13835 0.045323 -0.131425 0.0122487
v13836 0.0450683 -0.131421 0.0123413
v13837 0.0448124 -0.131419 0.0124297
v13838 0.0446844 -0.131417 0.012474
v13839 0.0696295 -0.106514 -0.000829089
v13840 0.0694977 -0.106514 -0.000800785
v13841 0.069364 -0.106516 -0.000777254
v13842 0.0445533 -0.131417 0.0125074
v13843 0.0690988 -0.106519 -0.000724844
v13844 0.0732082 -0.133483 0.00567636
v13845 0.0688315 -0.106523 -0.000677868
v13846 0.0442885 -0.131419 0.0125645
v13847 0.0685593 -0.10653 -0.000643576
v13848 0.0440262 -0.131419 0.0126306
v13849 0.0682972 -0.106531 -0.000583103
v13850 0.0733502 -0.133479 0.0056742
v13851 0.0680369 -0.10653 -0.000518261
v13852 0.0736324 -0.13347 0.00566496
v13853 0.0677682 -0.106535 -0.00047503
v13854 0.0437614 -0.131421 0.0126878
v13855 0.0674952 -0.106543 -0.000442902
v13856 0.0436303 -0.131421 0.0127211
v13857 0.0672274 -0.106547 -0.000397458
v13858 0.0435031 -0.131419 0.0127683
v13859 0.0669622 -0.10655 -0.00034523
v13860 0.0739099 -0.133464 0.0056437
v13861 0.0666946 -0.106554 -0.000299545
v13862 0.04325 -0.131415 0.0128682
v13863 0.0664223 -0.106561 -0.000265906
v13864 0.0741876 -0.133457 0.00562264
v13865 0.0661597 -0.106562 -0.000207004
v13866 0.0744672 -0.133449 0.00560635
v13867 0.0659006 -0.106561 -0.000138776
v13868 0.0747472 -0.133442 0.00559075
v13869 0.065636 -0.106563 -8.50134e-05
v13870 0.0748887 -0.133438 0.00558657
v13871 0.0653723 -0.106565 -2.88573e-05
v13872 0.0652456 -0.106562 1.30636e-05
v13873 0.0651172 -0.106561 5.02261e-05
v13874 0.075172 -0.133429 0.00557889
v13875 0.0648618 -0.106557 0.000128907
v13876 0.0754443 -0.133424 0.00554369
v13877 0.0646016 -0.106556 0.000194353
v13878 0.0428654 -0.131411 0.0130009
v13879 0.0574083 -0.105548 0.00268714
v13880 0.0576578 -0.105558 0.00258568
v13881 0.0579055 -0.105568 0.00247897
v13882 0.0580301 -0.105573 0.00242787
v13883 0.0581555 -0.105578 0.00237931
v13884 0.0584034 -0.105588 0.00227387
v13885 0.0642114 -0.106555 0.000293537
v13886 0.0587781 -0.105602 0.0021245
v13887 0.0639503 -0.106555 0.000356846
v13888 0.0590308 -0.105609 0.00203364
v13889 0.0636938 -0.106551 0.000432972
v13890 0.0592863 -0.105614 0.00195118
v13891 0.0634396 -0.106547 0.000515363
v13892 0.0633075 -0.106547 0.000542988
v13893 0.059539 -0.105621 0.00186068
v13894 0.059791 -0.105628 0.0017684
v13895 0.0600436 -0.105635 0.0016781
v13896 0.060297 -0.105641 0.00159039
v13897 0.0606769 -0.10565 0.00145858
v13898 0.0609333 -0.105654 0.00137986
v13899 0.0610603 -0.105657 0.00133689
v13900 0.0611886 -0.105659 0.00129801
v13901 0.0675935 -0.129153 0.00430183
v13902 0.0614482 -0.105661 0.00122831
v13903 0.067864 -0.129147 0.0042676
v13904 0.0617031 -0.105666 0.00114566
v13905 0.068133 -0.129143 0.00422909
v13906 0.061956 -0.105672 0.00105775
v13907 0.0683982 -0.12914 0.00418071
v13908 0.0622149 -0.105674 0.000986641
v13909 0.0686727 -0.129133 0.0041564
v13910 0.0624739 -0.105676 0.000915871
v13911 0.0689499 -0.129125 0.00413922
v13912 0.062729 -0.105681 0.000834415
v13913 0.0692218 -0.12912 0.00410792
v13914 0.0628569 -0.105683 0.000794766
v13915 0.069496 -0.129113 0.00408256
v13916 0.0803831 -0.129335 0.00348922
v13917 0.0697723 -0.129106 0.0040623
v13918 0.0699099 -0.129102 0.00405084
v13919 0.0700484 -0.129099 0.00404167
v13920 0.0339719 -0.1293 0.0148435
v13921 0.0703218 -0.129092 0.00401352
v13922 0.0654257 -0.105715 3.73314e-05
v13923 0.0426021 -0.131411 0.0130639
v13924 0.0423448 -0.131409 0.0131494
v13925 0.0420846 -0.131408 0.0132243
v13926 0.0419505 -0.13141 0.0132471
v13927 0.0418228 -0.131408 0.0132934
v13928 0.0415664 -0.131405 0.0133827
v13929 0.0413155 -0.131399 0.0134928
v13930 0.0411859 -0.131398 0.0135326
v13931 0.0410577 -0.131397 0.0135777
v13932 0.0408051 -0.131392 0.0136821
v13933 0.0678098 -0.105695 -0.000446643
v13934 0.0405536 -0.131386 0.0137912
v13935 0.0404308 -0.131381 0.0138572
v13936 0.0723629 -0.12905 0.0037752
v13937 0.0724982 -0.129048 0.00375701
v13938 0.0401718 -0.13138 0.0139381
v13939 0.0399158 -0.131376 0.0140311
v13940 0.0397874 -0.131375 0.0140761
v13941 0.0685273 -0.119646 0.000952204
v13942 0.0686709 -0.119638 0.000957229
v13943 0.0722188 -0.119482 0.000946323
v13944 0.0725066 -0.119467 0.000953239
v13945 0.0727881 -0.119457 0.000944218
v13946 0.0730735 -0.119444 0.000944711
v13947 0.0805845 -0.119206 0.000399781
v13948 0.0808888 -0.119185 0.000437374
v13949 0.081963 -0.119111 0.000585888
v13950 0.0692795 -0.105674 -0.000709953
v13951 0.0695541 -0.105665 -0.000739097
v13952 0.0698285 -0.105657 -0.000768856
v13953 0.0701052 -0.105647 -0.000792763
v13954 0.0703805 -0.105639 -0.0008206
v13955 0.0706582 -0.105628 -0.000842562
v13956 0.0709363 -0.105618 -0.000863771
v13957 0.0712134 -0.105608 -0.000887649
v13958 0.0714924 -0.105597 -0.000906753
v13959 0.0717769 -0.105582 -0.000912466
v13960 0.0719184 -0.105576 -0.000917136
v13961 0.0758241 -0.12896 0.00350763
v13962 0.075962 -0.128957 0.00349502
v13963 0.0527898 -0.105221 0.00460784
v13964 0.0762406 -0.128949 0.00347648
v13965 0.0532782 -0.105251 0.00435966
v13966 0.0539028 -0.105278 0.0040957
v13967 0.0540304 -0.105281 0.00405124
v13968 0.0541568 -0.105285 0.00400337
v13969 0.0544124 -0.105291 0.00391627
v13970 0.0770843 -0.128923 0.00343868
v13971 0.0546624 -0.105301 0.00381231
v13972 0.0773634 -0.128915 0.00342056
v13973 0.0547888 -0.105305 0.00376452
v13974 0.0549172 -0.105308 0.00372297
v13975 0.0551703 -0.105315 0.00362912
v13976 0.0779271 -0.128897 0.00339682
v13977 0.0554233 -0.105323 0.00353514
v13978 0.0555488 -0.105328 0.00348521
v13979 0.0557993 -0.105337 0.003384
v13980 0.0560496 -0.105347 0.0032824
v13981 0.0561756 -0.105351 0.00323421
v13982 0.0563024 -0.105354 0.00318874
v13983 0.0565507 -0.105365 0.00308171
v13984 0.0568032 -0.105373 0.00298767
v13985 0.0569259 -0.105379 0.00293031
v13986 0.057049 -0.105385 0.00287407
v13987 0.0574211 -0.105402 0.00271443
v13988 0.0575453 -0.105407 0.00266172
v13989 0.0576705 -0.105412 0.00261212
v13990 0.057918 -0.105423 0.00250475
v13991 0.0586646 -0.105452 0.00219619
v13992 0.080237 -0.113877 -0.000364667
v13993 0.0799398 -0.113895 -0.000384622
v13994 0.0796486 -0.113911 -0.000391388
v13995 0.0793581 -0.113926 -0.000396534
v13996 0.0765918 -0.114077 -0.000478261
v13997 0.0764472 -0.114085 -0.000481134
v13998 0.0761583 -0.1141 -0.000486102
v13999 0.0758734 -0.114113 -0.000481882
v14000 0.0755909 -0.114125 -0.000472125
v14001 0.0390171 -0.131365 0.0143481
v14002 0.0753129 -0.114134 -0.000451767
v14003 0.0750269 -0.114148 -0.000450827
v14004 0.0643335 -0.106696 0.000251341
v14005 0.0747401 -0.114162 -0.000452387
v14006 0.0746014 -0.114167 -0.000441654
v14007 0.0743138 -0.114182 -0.000445423
v14008 0.0740229 -0.114198 -0.00045781
v14009 0.0382437 -0.131357 0.0146105
v14010 0.0374686 -0.13135 0.0148685
v14011 0.0365641 -0.131341 0.0151713
v14012 0.0357894 -0.131333 0.0154359
v14013 0.0343828 -0.131309 0.0159845
v14014 0.0619687 -0.105527 0.0010813
v14015 0.078659 -0.131434 0.00441777
v14016 0.078373 -0.131444 0.00442107
v14017 0.0780861 -0.131454 0.00442179
v14018 0.0778081 -0.131461 0.00444371
v14019 0.0775342 -0.131466 0.00447548
v14020 0.0772578 -0.131473 0.0045008
v14021 0.0371941 -0.129338 0.0137431
v14022 0.0381975 -0.129365 0.0132914
v14023 0.065433 -0.105574 4.40086e-05
v14024 0.0656952 -0.105574 -1.71607e-05
v14025 0.066086 -0.105575 -0.000115065
v14026 0.0663514 -0.105572 -0.000167545
v14027 0.0666171 -0.105569 -0.000219258
v14028 0.03624 -0.128816 0.0138311
v14029 0.0363683 -0.128818 0.0137853
v14030 0.0364965 -0.12882 0.0137391
v14031 0.0769809 -0.131479 0.0045249
v14032 0.076701 -0.131487 0.00454159
v14033 0.0368798 -0.128826 0.013596
v14034 0.0668812 -0.105568 -0.000275146
v14035 0.0671474 -0.105565 -0.000325625
v14036 0.067416 -0.10556 -0.000369711
v14037 0.038966 -0.129375 0.0130188
v14038 0.039742 -0.129381 0.0127777
v14039 0.0727983 -0.105381 -0.000885313
v14040 0.0730866 -0.105364 -0.000883166
v14041 0.0733741 -0.105348 -0.000883202
v14042 0.0694858 -0.106793 -0.000803786
v14043 0.069353 -0.106794 -0.00077815
v14044 0.0764222 -0.131494 0.00456085
v14045 0.0690918 -0.106794 -0.000715657
v14046 0.0736613 -0.105333 -0.000884272
v14047 0.0688233 -0.106799 -0.00067188
v14048 0.0740982 -0.105305 -0.000871475
v14049 0.0685537 -0.106804 -0.000631128
v14050 0.075578 -0.131519 0.0045979
v14051 0.0682892 -0.106807 -0.000577173
v14052 0.0392765 -0.128882 0.0125873
v14053 0.0752953 -0.131528 0.00460646
v14054 0.0395385 -0.128882 0.0125207
v14055 0.0541728 -0.105135 0.00404283
v14056 0.0397999 -0.128882 0.0124516
v14057 0.0399314 -0.128881 0.0124201
v14058 0.0400628 -0.128881 0.0123881
v14059 0.0544262 -0.105143 0.00394861
v14060 0.0403293 -0.128878 0.0123386
v14061 0.0546779 -0.105152 0.0038497
v14062 0.0405929 -0.128877 0.012278
v14063 0.0750141 -0.131536 0.00461863
v14064 0.0408523 -0.128879 0.0122018
v14065 0.0409821 -0.128879 0.0121642
v14066 0.0411119 -0.12888 0.0121263
v14067 0.0748745 -0.13154 0.00462706
v14068 0.0413714 -0.128881 0.0120508
v14069 0.0745923 -0.131549 0.00463642
v14070 0.0712983 -0.131621 0.0049657
v14071 0.0417551 -0.128886 0.0119173
v14072 0.0418858 -0.128886 0.0118832
v14073 0.0420167 -0.128886 0.0118496
v14074 0.0692591 -0.13166 0.00521141
v14075 0.0422773 -0.128886 0.0117787
v14076 0.0691215 -0.131663 0.00522328
v14077 0.0425399 -0.128886 0.0117153
v14078 0.0688479 -0.131669 0.00525083
v14079 0.0428014 -0.128886 0.0116478
v14080 0.0429321 -0.128886 0.011614
v14081 0.043063 -0.128885 0.0115808
v14082 0.0704918 -0.119434 0.000882601
v14083 0.0433217 -0.128887 0.0115034
v14084 0.0706349 -0.119427 0.000884983
v14085 0.0435793 -0.128889 0.0114223
v14086 0.0709213 -0.119414 0.000890506
v14087 0.0438359 -0.128892 0.0113378
v14088 0.0712088 -0.119399 0.000898279
v14089 0.0440915 -0.128895 0.0112497
v14090 0.0715 -0.119383 0.000914987
v14091 0.0443458 -0.128899 0.0111575
v14092 0.0791031 -0.119156 0.000283204
v14093 0.0446025 -0.128901 0.0110737
v14094 0.0447309 -0.128902 0.0110324
v14095 0.0792455 -0.11915 0.000280256
v14096 0.0449871 -0.128905 0.0109472
v14097 0.0795387 -0.119135 0.00029384
v14098 0.0452433 -0.128908 0.0108624
v14099 0.0798314 -0.11912 0.000306071
v14100 0.0455006 -0.128909 0.0107818
v14101 0.0801273 -0.119103 0.000325165
v14102 0.0457618 -0.128909 0.0107148
v14103 0.0804297 -0.119083 0.000358998
v14104 0.0460203 -0.128911 0.0106388
v14105 0.0581809 -0.105286 0.00243158
v14106 0.0462807 -0.128911 0.0105692
v14107 0.0464106 -0.128911 0.0105335
v14108 0.0465388 -0.128912 0.0104919
v14109 0.0584303 -0.105295 0.00233013
v14110 0.0467963 -0.128914 0.0104125
v14111 0.0586808 -0.105304 0.00223227
v14112 0.0470467 -0.12892 0.0103094
v14113 0.047175 -0.128921 0.0102683
v14114 0.0589322 -0.105312 0.00213721
v14115 0.0474325 -0.128923 0.0101895
v14116 0.0593124 -0.105322 0.00200382
v14117 0.0476915 -0.128924 0.0101162
v14118 0.0595658 -0.105328 0.00191508
v14119 0.0479433 -0.128928 0.0100187
v14120 0.0480703 -0.12893 0.00997363
v14121 0.0596904 -0.105333 0.00186477
v14122 0.0598151 -0.105338 0.00181467
v14123 0.0600697 -0.105343 0.00172968
v14124 0.0603205 -0.105351 0.00163411
v14125 0.060446 -0.105355 0.00158686
v14126 0.0605739 -0.105358 0.00154642
v14127 0.0608295 -0.105362 0.00146492
v14128 0.061212 -0.10537 0.00134032
v14129 0.0680232 -0.10681 -0.000526954
v14130 0.0614702 -0.105373 0.00126636
v14131 0.0617262 -0.105377 0.0011865
v14132 0.049601 -0.128947 0.00946044
v14133 0.0619809 -0.105382 0.00110329
v14134 0.0621098 -0.105384 0.00106612
v14135 0.0622384 -0.105385 0.00102789
v14136 0.0624937 -0.10539 0.000946435
v14137 0.062747 -0.105396 0.000859951
v14138 0.0503608 -0.128958 0.00918843
v14139 0.0629991 -0.105403 0.000770121
v14140 0.0633747 -0.105415 0.000628739
v14141 0.06363 -0.105419 0.000548225
v14142 0.0637592 -0.10542 0.000512362
v14143 0.063889 -0.105421 0.000477877
v14144 0.0677532 -0.106815 -0.000487342
v14145 0.0641451 -0.105425 0.000399968
v14146 0.0668893 -0.105427 -0.000267208
v14147 0.0671547 -0.105424 -0.000319618
v14148 0.0674236 -0.105419 -0.000363302
v14149 0.0791935 -0.114078 -0.000429056
v14150 0.0789037 -0.114093 -0.00043333
v14151 0.0786145 -0.114108 -0.000436475
v14152 0.0521553 -0.128971 0.00863153
v14153 0.078321 -0.114125 -0.000449997
v14154 0.0780256 -0.114143 -0.000468547
v14155 0.0777388 -0.114156 -0.000466938
v14156 0.0774587 -0.114167 -0.00044991
v14157 0.077168 -0.114182 -0.000458016
v14158 0.0770231 -0.11419 -0.000461337
v14159 0.0676901 -0.105416 -0.000412973
v14160 0.0735982 -0.114351 -0.000433592
v14161 0.0734513 -0.11436 -0.000443624
v14162 0.0731643 -0.114375 -0.00044745
v14163 0.0567368 -0.131702 0.00819385
v14164 0.0536709 -0.128992 0.00808992
v14165 0.0564737 -0.131703 0.00825026
v14166 0.0562134 -0.131704 0.00831544
v14167 0.0559623 -0.1317 0.00840885
v14168 0.0558378 -0.131698 0.0084588
v14169 0.0555935 -0.131691 0.00857319
v14170 0.0548398 -0.13168 0.00885465
v14171 0.0528448 -0.131642 0.00966405
v14172 0.051205 -0.131618 0.0102754
v14173 0.047884 -0.131585 0.011392
v14174 0.0685181 -0.119383 0.000901749
v14175 0.067485 -0.10682 -0.00044301
v14176 0.0720568 -0.11923 0.0008692
v14177 0.0672149 -0.106826 -0.000403904
v14178 0.0554771 -0.133443 0.00964883
v14179 0.0724841 -0.119211 0.000868904
v14180 0.0669516 -0.106827 -0.000346909
v14181 0.0792403 -0.119019 0.000252885
v14182 0.0666851 -0.106831 -0.00029841
v14183 0.0795319 -0.119004 0.000262681
v14184 0.066416 -0.106836 -0.000256651
v14185 0.0557298 -0.133446 0.009558
v14186 0.0661507 -0.106839 -0.00020494
v14187 0.0559869 -0.133447 0.00948109
v14188 0.0658941 -0.106836 -0.000130367
v14189 0.0561135 -0.133449 0.00943679
v14190 0.0656278 -0.106839 -8.1241e-05
v14191 0.0562363 -0.133452 0.00938079
v14192 0.0566124 -0.133457 0.0092369
v14193 0.065362 -0.106842 -3.10162e-05
v14194 0.0652346 -0.10684 8.86396e-06
v14195 0.0651067 -0.106839 4.7618e-05
v14196 0.056867 -0.133459 0.009153
v14197 0.0648543 -0.106833 0.000133917
v14198 0.0571228 -0.133461 0.0090729
v14199 0.0645915 -0.106834 0.00019233
v14200 0.0807267 -0.118932 0.000364097
v14201 0.0778422 -0.129546 0.00361209
v14202 0.0808797 -0.118922 0.000384954
v14203 0.0775679 -0.129552 0.00364228
v14204 0.0811853 -0.118901 0.000424931
v14205 0.0577516 -0.133469 0.00884141
v14206 0.0643263 -0.106836 0.000244518
v14207 0.0641973 -0.106835 0.000280282
v14208 0.0579933 -0.133476 0.00871996
v14209 0.0639377 -0.106834 0.000347489
v14210 0.05812 -0.133478 0.00867665
v14211 0.0636797 -0.106832 0.000419111
v14212 0.0582478 -0.133478 0.00863696
v14213 0.0585065 -0.133479 0.00856661
v14214 0.0814894 -0.11888 0.000461012
v14215 0.0758884 -0.1296 0.00373749
v14216 0.0816434 -0.11887 0.00048325
v14217 0.0756126 -0.129607 0.00376296
v14218 0.0587632 -0.13348 0.00849035
v14219 0.0753383 -0.129613 0.00379163
v14220 0.0590197 -0.133481 0.00841367
v14221 0.0750641 -0.129619 0.00382056
v14222 0.0591468 -0.133482 0.00837206
v14223 0.0592717 -0.133484 0.008324
v14224 0.0595266 -0.133485 0.00824307
v14225 0.0597844 -0.133486 0.00817072
v14226 0.0600366 -0.133488 0.00808222
v14227 0.0819486 -0.118849 0.000521254
v14228 0.0602929 -0.133489 0.00800571
v14229 0.0606711 -0.133494 0.00787308
v14230 0.0607989 -0.133494 0.00783421
v14231 0.0609276 -0.133494 0.00779764
v14232 0.0611836 -0.133496 0.00772079
v14233 0.0614401 -0.133496 0.00764574
v14234 0.0616959 -0.133498 0.00756839
v14235 0.0619538 -0.133498 0.00749756
v14236 0.0622124 -0.133498 0.00742866
v14237 0.0624696 -0.133499 0.00735591
v14238 0.0627296 -0.133498 0.00729105
v14239 0.0629895 -0.133497 0.00722614
v14240 0.0633783 -0.133497 0.00712564
v14241 0.0723051 -0.129687 0.00405874
v14242 0.0721701 -0.129689 0.0040776
v14243 0.0692932 -0.105394 -0.000702083
v14244 0.0644191 -0.133494 0.00687006
v14245 0.0646811 -0.133493 0.00681135
v14246 0.0649436 -0.133491 0.00675394
v14247 0.0652019 -0.133491 0.00668493
v14248 0.0654645 -0.13349 0.00662804
v14249 0.0657287 -0.133488 0.00657522
v14250 0.0659949 -0.133485 0.00652795
v14251 0.0662603 -0.133482 0.00647864
v14252 0.0665259 -0.133479 0.00642961
v14253 0.0667938 -0.133475 0.00638688
v14254 0.0695681 -0.105385 -0.000730704
v14255 0.067065 -0.133471 0.00635282
v14256 0.0673341 -0.133467 0.00631299
v14257 0.0676034 -0.133462 0.00627372
v14258 0.0678742 -0.133458 0.00623843
v14259 0.069849 -0.129739 0.00432802
v14260 0.0681471 -0.133452 0.00620861
v14261 0.0684172 -0.133448 0.00617101
v14262 0.0686867 -0.133444 0.00613197
v14263 0.0694704 -0.106938 -0.000829404
v14264 0.0689565 -0.133439 0.00609337
v14265 0.0692275 -0.133435 0.00605809
v14266 0.0698439 -0.105376 -0.000757253
v14267 0.0701197 -0.105367 -0.000783678
v14268 0.0685979 -0.129775 0.00439776
v14269 0.0703967 -0.105357 -0.000807542
v14270 0.0683272 -0.129781 0.00443195
v14271 0.070535 -0.105352 -0.000819821
v14272 0.0706733 -0.105347 -0.000832322
v14273 0.0709504 -0.105337 -0.000856212
v14274 0.0712278 -0.105327 -0.00087965
v14275 0.0713654 -0.105323 -0.000893946
v14276 0.0716558 -0.105305 -0.000885127
v14277 0.0719387 -0.105292 -0.000895068
v14278 0.054188 -0.104986 0.00407997
v14279 0.0464887 -0.131565 0.0119096
v14280 0.0449561 -0.131547 0.0124471
v14281 0.0439124 -0.131546 0.0127313
v14282 0.0431423 -0.131538 0.012992
v14283 0.0422337 -0.131534 0.0132616
v14284 0.041467 -0.131523 0.0135391
v14285 0.0693447 -0.128989 0.00404516
v14286 0.0694812 -0.128986 0.00403084
v14287 0.0400656 -0.131502 0.0140715
v14288 0.0399376 -0.1315 0.0141178
v14289 0.0549433 -0.105013 0.00378265
v14290 0.0551953 -0.105022 0.00368509
v14291 0.0554467 -0.105031 0.00358584
v14292 0.0556989 -0.105039 0.00348909
v14293 0.0560736 -0.105054 0.00333394
v14294 0.0576976 -0.105118 0.00267025
v14295 0.0579432 -0.105131 0.00255681
v14296 0.0581931 -0.10514 0.00245644
v14297 0.058318 -0.105145 0.00240616
v14298 0.0584439 -0.105149 0.00235877
v14299 0.0589459 -0.105166 0.00216547
v14300 0.0610957 -0.105223 0.00140161
v14301 0.0715281 -0.128942 0.00381097
v14302 0.0716637 -0.128939 0.00379389
v14303 0.0802206 -0.114154 -0.000371122
v14304 0.0719395 -0.128932 0.00377118
v14305 0.0799212 -0.114174 -0.000396599
v14306 0.0722109 -0.128927 0.00373724
v14307 0.0796248 -0.114192 -0.000415525
v14308 0.0724828 -0.128921 0.00370423
v14309 0.0793343 -0.114207 -0.000420982
v14310 0.072754 -0.128916 0.0036696
v14311 0.0765802 -0.114352 -0.000475838
v14312 0.0764366 -0.114359 -0.000476306
v14313 0.0761435 -0.114376 -0.000491646
v14314 0.0758612 -0.114388 -0.000481375
v14315 0.0396788 -0.131498 0.0142005
v14316 0.0751587 -0.114416 -0.000448966
v14317 0.0394245 -0.131493 0.0143006
v14318 0.0392948 -0.131493 0.0143412
v14319 0.0391655 -0.131491 0.0143831
v14320 0.0741491 -0.128875 0.00359157
v14321 0.0744545 -0.114444 -0.000421792
v14322 0.0744195 -0.128871 0.00355394
v14323 0.0743121 -0.114451 -0.000420607
v14324 0.0740247 -0.114466 -0.000424178
v14325 0.0389079 -0.131489 0.0144711
v14326 0.0749787 -0.128854 0.00352378
v14327 0.0386483 -0.131487 0.0145514
v14328 0.075257 -0.128846 0.00350521
v14329 0.0383939 -0.131483 0.0146525
v14330 0.0755323 -0.12884 0.00347911
v14331 0.038264 -0.131482 0.0146926
v14332 0.0758117 -0.128832 0.00346269
v14333 0.0380059 -0.131479 0.0147797
v14334 0.076089 -0.128824 0.00344123
v14335 0.0377469 -0.131477 0.0148631
v14336 0.0376174 -0.131476 0.0149051
v14337 0.0680096 -0.106954 -0.000548911
v14338 0.0374887 -0.131475 0.0149505
v14339 0.0372317 -0.131471 0.0150425
v14340 0.036973 -0.131469 0.0151281
v14341 0.0368433 -0.131468 0.0151695
v14342 0.0367135 -0.131467 0.0152106
v14343 0.0364544 -0.131465 0.0152953
v14344 0.0361976 -0.131461 0.0153892
v14345 0.0360684 -0.13146 0.0154332
v14346 0.0347864 -0.13144 0.0159176
v14347 0.0346583 -0.131438 0.0159668
v14348 0.03453 -0.131436 0.0160153
v14349 0.034276 -0.131431 0.0161235
v14350 0.0340148 -0.131429 0.0162022
v14351 0.0694989 -0.13343 0.00602368
v14352 0.0698972 -0.133426 0.00594889
v14353 0.0700315 -0.133424 0.0059279
v14354 0.0702989 -0.133421 0.00588261
v14355 0.0705671 -0.133417 0.00583955
v14356 0.0724936 -0.133375 0.00566116
v14357 0.0664017 -0.106981 -0.000281301
v14358 0.0727677 -0.133369 0.00563197
v14359 0.0644078 -0.105288 0.000327267
v14360 0.0646691 -0.105288 0.000263371
v14361 0.0649293 -0.105289 0.000196591
v14362 0.0651891 -0.105291 0.000128744
v14363 0.0654489 -0.105292 6.09306e-05
v14364 0.0657126 -0.105291 3.67405e-06
v14365 0.0658434 -0.105291 -2.77701e-05
v14366 0.0659737 -0.105291 -6.04497e-05
v14367 0.0662361 -0.10529 -0.000121274
v14368 0.0665006 -0.105288 -0.000176493
v14369 0.066896 -0.105286 -0.000262603
v14370 0.0670266 -0.105287 -0.000294508
v14371 0.0767176 -0.131614 0.00459673
v14372 0.0764423 -0.13162 0.00462447
v14373 0.0761583 -0.131629 0.00463077
v14374 0.0758764 -0.131638 0.00464181
v14375 0.0704831 -0.119172 0.00083308
v14376 0.0706252 -0.119165 0.000833093
v14377 0.0713395 -0.119132 0.000841201
v14378 0.0714823 -0.119125 0.000842593
v14379 0.0717645 -0.119113 0.000836402
v14380 0.0337902 -0.128651 0.0146649
v14381 0.0719063 -0.119107 0.000834755
v14382 0.0340475 -0.128655 0.0145736
v14383 0.034177 -0.128656 0.0145313
v14384 0.0721879 -0.119096 0.000826842
v14385 0.0344318 -0.128661 0.01443
v14386 0.0790943 -0.118893 0.000231916
v14387 0.0346884 -0.128665 0.0143364
v14388 0.0348179 -0.128666 0.0142944
v14389 0.034947 -0.128667 0.0142513
v14390 0.0792359 -0.118887 0.000226946
v14391 0.0795255 -0.118873 0.000232294
v14392 0.0798157 -0.118859 0.00023847
v14393 0.080114 -0.118841 0.000263165
v14394 0.0355857 -0.128679 0.0140077
v14395 0.0802679 -0.11883 0.000286342
v14396 0.0804206 -0.11882 0.000306616
v14397 0.0719495 -0.105149 -0.000882385
v14398 0.0722387 -0.105132 -0.000877299
v14399 0.0725277 -0.105115 -0.000872758
v14400 0.0728193 -0.105096 -0.000862367
v14401 0.0731056 -0.105081 -0.000865309
v14402 0.0733947 -0.105064 -0.000861664
v14403 0.0547076 -0.104855 0.00392081
v14404 0.0549634 -0.104861 0.00383396
v14405 0.0369953 -0.1287 0.0134973
v14406 0.0550881 -0.104866 0.00378103
v14407 0.070424 -0.107048 -0.00093377
v14408 0.0552128 -0.104871 0.00372813
v14409 0.0701534 -0.107054 -0.000895089
v14410 0.0554663 -0.104879 0.00363488
v14411 0.0697368 -0.10707 -0.000864857
v14412 0.0557184 -0.104887 0.00353779
v14413 0.0694672 -0.107075 -0.000823811
v14414 0.069335 -0.107076 -0.000797033
v14415 0.0575921 -0.104962 0.00276729
v14416 0.0690693 -0.107079 -0.000746112
v14417 0.0587108 -0.105009 0.00229724
v14418 0.0688063 -0.10708 -0.000688549
v14419 0.0589638 -0.105016 0.00220632
v14420 0.0590873 -0.105022 0.00215233
v14421 0.0592129 -0.105026 0.00210424
v14422 0.0754559 -0.131649 0.00466411
v14423 0.0390297 -0.114169 0.0096617
v14424 0.0595928 -0.105036 0.00196991
v14425 0.059845 -0.105043 0.00187738
v14426 0.0600993 -0.105049 0.00179127
v14427 0.0603522 -0.105056 0.00170125
v14428 0.060606 -0.105062 0.00161412
v14429 0.0608646 -0.105065 0.00154071
v14430 0.0611134 -0.105074 0.00143981
v14431 0.0613691 -0.105079 0.00135849
v14432 0.0614993 -0.10508 0.00132433
v14433 0.0617541 -0.105085 0.00124081
v14434 0.0620091 -0.10509 0.001158
v14435 0.0622656 -0.105094 0.00107946
v14436 0.0625181 -0.105101 0.000989866
v14437 0.0627704 -0.105107 0.000900144
v14438 0.0630239 -0.105113 0.000813879
v14439 0.0631491 -0.105117 0.00076665
v14440 0.0632746 -0.105121 0.000720112
v14441 0.063652 -0.105132 0.000583634
v14442 0.0639122 -0.105133 0.00051613
v14443 0.0641708 -0.105135 0.000444669
v14444 0.0644267 -0.105139 0.000365899
v14445 0.0646864 -0.105141 0.000297314
v14446 0.0648177 -0.10514 0.000267093
v14447 0.0649494 -0.10514 0.000237724
v14448 0.0652072 -0.105142 0.000164421
v14449 0.0654676 -0.105143 9.80229e-05
v14450 0.0657274 -0.105145 3.02835e-05
v14451 0.0658586 -0.105144 -1.77716e-07
v14452 0.0659898 -0.105144 -3.07481e-05
v14453 0.0662541 -0.105142 -8.66416e-05
v14454 0.0791768 -0.114356 -0.000436809
v14455 0.0788875 -0.11437 -0.000440154
v14456 0.0785996 -0.114384 -0.000440557
v14457 0.0436951 -0.128762 0.0113298
v14458 0.0783119 -0.114398 -0.000440655
v14459 0.0780198 -0.114415 -0.000451573
v14460 0.0777297 -0.11443 -0.000457985
v14461 0.0774465 -0.114442 -0.0004484
v14462 0.0773 -0.11445 -0.000455351
v14463 0.0770069 -0.114467 -0.000469579
v14464 0.0753132 -0.131654 0.00466499
v14465 0.0750307 -0.131663 0.00467406
v14466 0.0747485 -0.131672 0.00468357
v14467 0.0744714 -0.131679 0.00470549
v14468 0.0743328 -0.131682 0.00471623
v14469 0.0740537 -0.13169 0.00473294
v14470 0.045358 -0.128781 0.0107673
v14471 0.0736001 -0.114619 -0.000400138
v14472 0.0734553 -0.114626 -0.000404975
v14473 0.0737788 -0.131696 0.0047599
v14474 0.0735022 -0.131702 0.00478262
v14475 0.0714555 -0.131743 0.00501714
v14476 0.0713179 -0.131746 0.0050295
v14477 0.0683554 -0.119134 0.000820756
v14478 0.0684955 -0.119128 0.000816624
v14479 0.0687755 -0.119117 0.000807736
v14480 0.0717488 -0.118987 0.000782897
v14481 0.0720325 -0.118975 0.000780149
v14482 0.0723194 -0.118961 0.000785333
v14483 0.0724643 -0.118954 0.0007912
v14484 0.0807212 -0.118667 0.000320111
v14485 0.0808754 -0.118656 0.000343513
v14486 0.0811802 -0.118635 0.000381669
v14487 0.0814822 -0.118616 0.000412876
v14488 0.0817901 -0.118594 0.000456953
v14489 0.0665198 -0.10514 -0.000138855
v14490 0.0667823 -0.105139 -0.000199196
v14491 0.0670451 -0.105139 -0.000259178
v14492 0.0671791 -0.105136 -0.00028206
v14493 0.0680581 -0.129785 0.00447032
v14494 0.0673138 -0.105134 -0.000303297
v14495 0.0677868 -0.12979 0.00450284
v14496 0.0675818 -0.10513 -0.000349479
v14497 0.0675163 -0.129796 0.00453706
v14498 0.0679767 -0.105128 -0.000437421
v14499 0.0672554 -0.129797 0.00459714
v14500 0.0682432 -0.105125 -0.000487529
v14501 0.0669923 -0.129799 0.00465109
v14502 0.0685076 -0.105123 -0.000543067
v14503 0.0667253 -0.129802 0.00469467
v14504 0.0417337 -0.133143 0.0145891
v14505 0.0664618 -0.129805 0.0047476
v14506 0.0419857 -0.133149 0.0144808
v14507 0.0422419 -0.133152 0.0143883
v14508 0.0661968 -0.129807 0.00479636
v14509 0.0424966 -0.133156 0.0142904
v14510 0.0427519 -0.133159 0.0141954
v14511 0.0659283 -0.129812 0.00483585
v14512 0.0430074 -0.133162 0.014101
v14513 0.0656606 -0.129816 0.00487714
v14514 0.0432653 -0.133165 0.0140159
v14515 0.0572681 -0.12981 0.00709975
v14516 0.0436442 -0.133172 0.01386
v14517 0.0513773 -0.128836 0.00883201
v14518 0.0687711 -0.105122 -0.000600962
v14519 0.0516318 -0.128838 0.00874675
v14520 0.0439007 -0.133174 0.0137702
v14521 0.0441582 -0.133177 0.0136847
v14522 0.0520205 -0.128839 0.00864122
v14523 0.0444115 -0.133181 0.013584
v14524 0.0522787 -0.12884 0.00856814
v14525 0.044665 -0.133185 0.0134846
v14526 0.0525285 -0.128845 0.00846869
v14527 0.0449235 -0.133187 0.0134033
v14528 0.0527868 -0.128846 0.00839602
v14529 0.0529157 -0.128846 0.00835917
v14530 0.05304 -0.128849 0.00830769
v14531 0.0451792 -0.13319 0.0133122
v14532 0.0532868 -0.128856 0.00819907
v14533 0.0454291 -0.133195 0.013201
v14534 0.0535339 -0.128862 0.00809198
v14535 0.0456848 -0.133198 0.0131105
v14536 0.0460712 -0.133201 0.0129852
v14537 0.053909 -0.128869 0.0079459
v14538 0.0461988 -0.133203 0.0129396
v14539 0.0541592 -0.128873 0.00784934
v14540 0.0542852 -0.128875 0.00780405
v14541 0.0463272 -0.133204 0.0128964
v14542 0.0465832 -0.133206 0.0128078
v14543 0.0468437 -0.133207 0.0127352
v14544 0.0570145 -0.129808 0.00718377
v14545 0.0469717 -0.133208 0.0126912
v14546 0.0567565 -0.129807 0.00725431
v14547 0.047096 -0.133211 0.0126343
v14548 0.0564979 -0.129807 0.00732325
v14549 0.0563714 -0.129806 0.00736639
v14550 0.0473461 -0.133216 0.0125261
v14551 0.0561173 -0.129803 0.00744912
v14552 0.0476027 -0.133219 0.0124408
v14553 0.0558664 -0.1298 0.0075419
v14554 0.05574 -0.129798 0.00758538
v14555 0.0556135 -0.129797 0.00762868
v14556 0.0477303 -0.13322 0.0123955
v14557 0.0553676 -0.12979 0.00773753
v14558 0.0478594 -0.133221 0.0123558
v14559 0.0551195 -0.129785 0.00783952
v14560 0.0482451 -0.133224 0.012231
v14561 0.0543688 -0.129772 0.00812814
v14562 0.0542429 -0.12977 0.00817376
v14563 0.048501 -0.133226 0.0121438
v14564 0.0539899 -0.129767 0.00826215
v14565 0.048754 -0.13323 0.0120469
v14566 0.0537414 -0.129761 0.00836466
v14567 0.0536173 -0.129759 0.00841657
v14568 0.0534912 -0.129757 0.00846219
v14569 0.0490079 -0.133233 0.0119535
v14570 0.0492625 -0.133236 0.0118627
v14571 0.0495157 -0.13324 0.0117676
v14572 0.0529896 -0.129748 0.00865413
v14573 0.049773 -0.133241 0.0116864
v14574 0.0500275 -0.133244 0.0115958
v14575 0.0502868 -0.133245 0.0115216
v14576 0.0506722 -0.133248 0.0113988
v14577 0.0509309 -0.133249 0.0113228
v14578 0.051206 -0.12973 0.00924405
v14579 0.051183 -0.133252 0.0112255
v14580 0.0514373 -0.133255 0.0111357
v14581 0.0516892 -0.133259 0.0110385
v14582 0.0519419 -0.133263 0.010944
v14583 0.0505791 -0.129719 0.00949044
v14584 0.0521922 -0.133267 0.0108418
v14585 0.0690425 -0.105115 -0.000638742
v14586 0.0693188 -0.105106 -0.000663901
v14587 0.0695925 -0.105098 -0.00069592
v14588 0.0523197 -0.133268 0.0107986
v14589 0.0498115 -0.129712 0.00973757
v14590 0.0536989 -0.133292 0.0102521
v14591 0.0698683 -0.105089 -0.0007225
v14592 0.070144 -0.10508 -0.000749749
v14593 0.0704242 -0.105068 -0.000765622
v14594 0.0705627 -0.105063 -0.000777671
v14595 0.0708411 -0.105052 -0.000798686
v14596 0.0709748 -0.10505 -0.000823002
v14597 0.071114 -0.105045 -0.000833449
v14598 0.071393 -0.105034 -0.000852986
v14599 0.0716799 -0.105018 -0.000853068
v14600 0.050233 -0.104496 0.00593235
v14601 0.0570128 -0.131828 0.00818595
v14602 0.0481514 -0.129695 0.0102894
v14603 0.056233 -0.131829 0.00838468
v14604 0.0543564 -0.131798 0.00911236
v14605 0.0542346 -0.131794 0.0091716
v14606 0.0541084 -0.131792 0.00921746
v14607 0.0539842 -0.13179 0.00926947
v14608 0.0473924 -0.129683 0.0105719
v14609 0.0537364 -0.131784 0.00937571
v14610 0.0523597 -0.13176 0.00992175
v14611 0.0521056 -0.131757 0.0100098
v14612 0.0518511 -0.131754 0.010097
v14613 0.0515997 -0.13175 0.0101943
v14614 0.068538 -0.107085 -0.000644716
v14615 0.0513485 -0.131746 0.0102924
v14616 0.0682722 -0.107088 -0.000594295
v14617 0.0509698 -0.13174 0.010434
v14618 0.0680063 -0.107091 -0.000544069
v14619 0.0678723 -0.107093 -0.000521827
v14620 0.0677389 -0.107095 -0.000498076
v14621 0.0482869 -0.131714 0.0113351
v14622 0.0674685 -0.107101 -0.000459755
v14623 0.0481589 -0.131713 0.0113778
v14624 0.0671987 -0.107107 -0.000419875
v14625 0.0480306 -0.131712 0.0114194
v14626 0.066931 -0.107111 -0.000374804
v14627 0.0477772 -0.131708 0.0115138
v14628 0.0475247 -0.131704 0.0116115
v14629 0.0473968 -0.131703 0.0116551
v14630 0.0472704 -0.1317 0.0117037
v14631 0.0470169 -0.131697 0.0117987
v14632 0.046763 -0.131693 0.0118924
v14633 0.0466354 -0.131692 0.0119372
v14634 0.0440514 -0.129655 0.0116399
v14635 0.0463768 -0.13169 0.0120154
v14636 0.0461211 -0.131687 0.0121035
v14637 0.0452275 -0.131677 0.0124192
v14638 0.0444536 -0.131671 0.0126635
v14639 0.0443234 -0.131671 0.0127
v14640 0.044193 -0.131671 0.012736
v14641 0.0431462 -0.12965 0.0119126
v14642 0.0439318 -0.131671 0.0128065
v14643 0.0436717 -0.13167 0.0128809
v14644 0.0434159 -0.131667 0.0129711
v14645 0.0432878 -0.131665 0.0130159
v14646 0.0557331 -0.104739 0.00357198
v14647 0.055983 -0.104749 0.00346809
v14648 0.0562343 -0.104758 0.00336882
v14649 0.0566129 -0.104771 0.00322538
v14650 0.0685147 -0.128879 0.00408805
v14651 0.0576073 -0.104814 0.00280119
v14652 0.0687857 -0.128874 0.00405461
v14653 0.0578553 -0.104825 0.00269425
v14654 0.0690597 -0.128868 0.00402904
v14655 0.058226 -0.104842 0.00253059
v14656 0.0693322 -0.128862 0.00399931
v14657 0.0584799 -0.104849 0.00244158
v14658 0.0696063 -0.128855 0.0039735
v14659 0.058603 -0.104855 0.00238611
v14660 0.0698801 -0.128849 0.00394691
v14661 0.0700175 -0.128845 0.00393477
v14662 0.0587255 -0.104861 0.00232868
v14663 0.0702913 -0.128839 0.00390792
v14664 0.0589789 -0.104868 0.00223866
v14665 0.0705665 -0.128832 0.0038845
v14666 0.0592275 -0.104878 0.00213514
v14667 0.0708378 -0.128827 0.00385098
v14668 0.0594824 -0.104884 0.00205006
v14669 0.0711066 -0.128822 0.00381097
v14670 0.0598566 -0.104898 0.00189914
v14671 0.0713808 -0.128816 0.00378441
v14672 0.0606186 -0.104917 0.00163823
v14673 0.0716542 -0.12881 0.00375588
v14674 0.0622734 -0.104952 0.00108911
v14675 0.0802144 -0.114427 -0.000354136
v14676 0.0799141 -0.114447 -0.000381731
v14677 0.0796168 -0.114465 -0.000402884
v14678 0.07947 -0.114473 -0.000409301
v14679 0.0767123 -0.114619 -0.000472864
v14680 0.0764281 -0.114632 -0.000466809
v14681 0.0761364 -0.114648 -0.000479016
v14682 0.0758544 -0.11466 -0.00046797
v14683 0.0683437 -0.119006 0.000777073
v14684 0.0666684 -0.107113 -0.000316288
v14685 0.068484 -0.119001 0.000773607
v14686 0.0663988 -0.107118 -0.000276174
v14687 0.0662673 -0.107119 -0.000247481
v14688 0.0661351 -0.10712 -0.000220356
v14689 0.0717377 -0.118859 0.000740959
v14690 0.0720207 -0.118847 0.000736598
v14691 0.0723067 -0.118834 0.000739282
v14692 0.0724512 -0.118827 0.000744341
v14693 0.0744074 -0.128742 0.00350952
v14694 0.0743117 -0.114719 -0.000392206
v14695 0.065874 -0.10712 -0.00015785
v14696 0.0431609 -0.131663 0.0130647
v14697 0.0656105 -0.107122 -0.000101781
v14698 0.0428985 -0.131663 0.0131313
v14699 0.0787962 -0.118643 0.000175557
v14700 0.0790825 -0.118631 0.000173368
v14701 0.0792236 -0.118625 0.000167454
v14702 0.0795189 -0.118609 0.000185764
v14703 0.0798082 -0.118595 0.000189908
v14704 0.0801075 -0.118576 0.000216781
v14705 0.0804114 -0.118556 0.000254169
v14706 0.080562 -0.118546 0.000269268
v14707 0.055082 -0.133312 0.00972603
v14708 0.0558381 -0.133322 0.00944791
v14709 0.0653434 -0.107126 -5.50459e-05
v14710 0.0565946 -0.133331 0.00917304
v14711 0.0650874 -0.107122 2.12341e-05
v14712 0.0685176 -0.104981 -0.000530837
v14713 0.0426365 -0.131664 0.0131996
v14714 0.0648343 -0.107117 0.000105318
v14715 0.0588697 -0.133356 0.00837726
v14716 0.0645751 -0.107116 0.00017316
v14717 0.0425133 -0.131659 0.0132624
v14718 0.0779062 -0.128639 0.0033168
v14719 0.0423828 -0.131659 0.0132986
v14720 0.0781847 -0.128631 0.00329661
v14721 0.0597628 -0.133361 0.00809687
v14722 0.0643121 -0.107117 0.000230978
v14723 0.0615483 -0.133372 0.0075395
v14724 0.064056 -0.107114 0.000307511
v14725 0.0624491 -0.133374 0.0072864
v14726 0.0421254 -0.131657 0.0133839
v14727 0.0418648 -0.131656 0.013458
v14728 0.0416103 -0.131652 0.0135546
v14729 0.0413588 -0.131647 0.0136631
v14730 0.0709712 -0.107167 -0.000981945
v14731 0.0646606 -0.133368 0.00674285
v14732 0.0706954 -0.107177 -0.000956386
v14733 0.0658403 -0.133361 0.00648083
v14734 0.0659733 -0.13336 0.00645677
v14735 0.0409713 -0.131644 0.0137879
v14736 0.0675835 -0.133337 0.00620784
v14737 0.0678544 -0.133332 0.006173
v14738 0.0403443 -0.131628 0.0140682
v14739 0.0395712 -0.13162 0.0143288
v14740 0.0386693 -0.131611 0.0146361
v14741 0.037896 -0.131603 0.0149013
v14742 0.0371225 -0.131594 0.0151677
v14743 0.0363476 -0.131587 0.0154313
v14744 0.0349344 -0.131567 0.0159513
v14745 0.034165 -0.131554 0.0162454
v14746 0.0785489 -0.131694 0.00452826
v14747 0.0782708 -0.131701 0.00455024
v14748 0.0779873 -0.131709 0.00455925
v14749 0.0778501 -0.131712 0.00457454
v14750 0.0775681 -0.131721 0.00458685
v14751 0.0774303 -0.131724 0.00460065
v14752 0.0772896 -0.131728 0.00460744
v14753 0.07701 -0.131735 0.00462504
v14754 0.0767346 -0.131741 0.00465266
v14755 0.0764598 -0.131747 0.0046818
v14756 0.0761769 -0.131756 0.00469079
v14757 0.0758938 -0.131764 0.00469917
v14758 0.0389039 -0.11444 0.00972382
v14759 0.0387742 -0.114438 0.00976411
v14760 0.071549 -0.104882 -0.000835693
v14761 0.0716911 -0.104875 -0.000839328
v14762 0.0351904 -0.128544 0.0141029
v14763 0.0719759 -0.104861 -0.000845055
v14764 0.0354482 -0.128547 0.0140152
v14765 0.0722619 -0.104845 -0.000848207
v14766 0.0357039 -0.128551 0.0139191
v14767 0.0725524 -0.104827 -0.000840315
v14768 0.0359609 -0.128554 0.0138288
v14769 0.0360876 -0.128557 0.0137762
v14770 0.0728433 -0.104809 -0.00083174
v14771 0.0363463 -0.12856 0.013693
v14772 0.0729877 -0.104801 -0.000830317
v14773 0.036602 -0.128564 0.0135982
v14774 0.0732773 -0.104783 -0.000825632
v14775 0.0368558 -0.128569 0.0134961
v14776 0.0565019 -0.104618 0.00330836
v14777 0.057868 -0.104679 0.00272088
v14778 0.0592457 -0.104729 0.00217637
v14779 0.0597459 -0.104747 0.00197832
v14780 0.0600001 -0.104753 0.00189122
v14781 0.0601249 -0.104758 0.00184141
v14782 0.0603752 -0.104766 0.00174352
v14783 0.0606322 -0.10477 0.0016652
v14784 0.0608897 -0.104774 0.00158827
v14785 0.0793184 -0.114619 -0.000411504
v14786 0.0791651 -0.11463 -0.000433318
v14787 0.0788791 -0.114643 -0.000429003
v14788 0.0384783 -0.128618 0.0127356
v14789 0.0386014 -0.128623 0.0126715
v14790 0.0387303 -0.128624 0.0126296
v14791 0.0785869 -0.11466 -0.000439597
v14792 0.0389882 -0.128627 0.0125467
v14793 0.0783004 -0.114673 -0.000437196
v14794 0.0392522 -0.128625 0.0124877
v14795 0.0780071 -0.11469 -0.000450811
v14796 0.039516 -0.128624 0.0124278
v14797 0.0777206 -0.114703 -0.000449009
v14798 0.0397789 -0.128623 0.0123647
v14799 0.0775779 -0.11471 -0.000446892
v14800 0.0400438 -0.128622 0.0123087
v14801 0.0772887 -0.114725 -0.000451915
v14802 0.0403082 -0.12862 0.0122515
v14803 0.0769969 -0.114741 -0.00046326
v14804 0.0405708 -0.128619 0.012187
v14805 0.0406981 -0.128621 0.0121399
v14806 0.0408275 -0.128622 0.0121009
v14807 0.0732449 -0.131835 0.00486739
v14808 0.0684722 -0.118873 0.000729619
v14809 0.0412163 -0.128624 0.0119859
v14810 0.0687662 -0.118855 0.000756922
v14811 0.0414723 -0.128628 0.0118974
v14812 0.041601 -0.128629 0.011856
v14813 0.0417303 -0.12863 0.0118166
v14814 0.0690532 -0.11884 0.000765942
v14815 0.041993 -0.128629 0.0117536
v14816 0.0727261 -0.118685 0.000704948
v14817 0.0422545 -0.128629 0.0116857
v14818 0.0786467 -0.118519 0.000146428
v14819 0.0425177 -0.128628 0.0116245
v14820 0.0426491 -0.128627 0.0115933
v14821 0.0427795 -0.128628 0.0115583
v14822 0.0808621 -0.118394 0.0002813
v14823 0.0430399 -0.128628 0.0114872
v14824 0.0811692 -0.118372 0.000324824
v14825 0.043298 -0.12863 0.0114075
v14826 0.0814709 -0.118353 0.000355208
v14827 0.0435549 -0.128632 0.0113241
v14828 0.0817788 -0.118331 0.000399504
v14829 0.0438125 -0.128635 0.0112431
v14830 0.0611367 -0.104785 0.00148179
v14831 0.0440681 -0.128638 0.0111553
v14832 0.0613902 -0.104791 0.00139419
v14833 0.0443231 -0.128641 0.0110653
v14834 0.044451 -0.128643 0.0110221
v14835 0.0616484 -0.104794 0.00131972
v14836 0.0447065 -0.128646 0.0109345
v14837 0.0620261 -0.104805 0.00118145
v14838 0.044964 -0.128648 0.0108544
v14839 0.0450919 -0.128649 0.010811
v14840 0.0452207 -0.12865 0.0107711
v14841 0.0622822 -0.10481 0.00110139
v14842 0.0454783 -0.128652 0.0106917
v14843 0.0624087 -0.104813 0.0010573
v14844 0.0457401 -0.128652 0.010627
v14845 0.0625389 -0.104813 0.00102338
v14846 0.0459985 -0.128653 0.0105503
v14847 0.0461281 -0.128653 0.0105138
v14848 0.046258 -0.128654 0.010478
v14849 0.0627929 -0.104819 0.000938048
v14850 0.0465157 -0.128655 0.0103993
v14851 0.0630431 -0.104828 0.000842189
v14852 0.0467746 -0.128657 0.0103249
v14853 0.0631677 -0.104832 0.000793082
v14854 0.0470292 -0.12866 0.0102361
v14855 0.0632931 -0.104836 0.00074643
v14856 0.0635424 -0.104845 0.000648844
v14857 0.0637994 -0.104848 0.00057235
v14858 0.0639281 -0.10485 0.000534629
v14859 0.0476718 -0.128665 0.0100357
v14860 0.0641867 -0.104852 0.000462714
v14861 0.0644457 -0.104854 0.000392044
v14862 0.064708 -0.104854 0.000330342
v14863 0.0696131 -0.133303 0.00593703
v14864 0.064968 -0.104855 0.000262459
v14865 0.0652261 -0.104858 0.000189608
v14866 0.0654855 -0.104859 0.000120335
v14867 0.065747 -0.10486 5.65627e-05
v14868 0.0719212 -0.133262 0.00564303
v14869 0.0660076 -0.10486 -9.18353e-06
v14870 0.0721959 -0.133256 0.00561588
v14871 0.0724707 -0.13325 0.00558915
v14872 0.0727471 -0.133243 0.00556593
v14873 0.0662699 -0.10486 -7.08343e-05
v14874 0.0665342 -0.104858 -0.000126773
v14875 0.0730286 -0.133235 0.00555563
v14876 0.0733099 -0.133227 0.00554473
v14877 0.0735899 -0.133219 0.00553006
v14878 0.0738684 -0.133212 0.0055115
v14879 0.0741486 -0.133205 0.00549695
v14880 0.0744287 -0.133197 0.00548209
v14881 0.0747059 -0.13319 0.00545946
v14882 0.0749843 -0.133183 0.00543989
v14883 0.0752619 -0.133177 0.00541816
v14884 0.0395124 -0.129633 0.012976
v14885 0.0754003 -0.133174 0.00540621
v14886 0.0755396 -0.13317 0.00539639
v14887 0.0758171 -0.133163 0.00537421
v14888 0.0760994 -0.133155 0.00536331
v14889 0.0762399 -0.133151 0.00535639
v14890 0.0667988 -0.104856 -0.000182162
v14891 0.0670601 -0.104857 -0.000246057
v14892 0.0518763 -0.128712 0.00862111
v14893 0.0673308 -0.104851 -0.000285341
v14894 0.0675972 -0.104848 -0.000336014
v14895 0.0678615 -0.104846 -0.000392091
v14896 0.0681255 -0.104845 -0.00044899
v14897 0.0683954 -0.104839 -0.000490676
v14898 0.0686608 -0.104837 -0.00054374
v14899 0.0687927 -0.104836 -0.000572615
v14900 0.0690651 -0.104829 -0.000607901
v14901 0.0693407 -0.10482 -0.000635171
v14902 0.069477 -0.104816 -0.00065263
v14903 0.0697498 -0.104809 -0.000687309
v14904 0.0533986 -0.128731 0.00809992
v14905 0.0700247 -0.104801 -0.000716714
v14906 0.0702988 -0.104793 -0.000748319
v14907 0.0705794 -0.104781 -0.000763435
v14908 0.0708567 -0.104771 -0.000787213
v14909 0.0711369 -0.104759 -0.000804085
v14910 0.0712762 -0.104754 -0.000814441
v14911 0.0400521 -0.132995 0.015134
v14912 0.0690204 -0.131918 0.005357
v14913 0.0688823 -0.131922 0.00536739
v14914 0.0686055 -0.131929 0.00538654
v14915 0.0570296 -0.131954 0.0082467
v14916 0.0566489 -0.13195 0.00837397
v14917 0.0565185 -0.131951 0.00840593
v14918 0.0563872 -0.131951 0.00843515
v14919 0.0561274 -0.131952 0.00850206
v14920 0.0558761 -0.131948 0.00859514
v14921 0.0557563 -0.131944 0.00865965
v14922 0.0541265 -0.131918 0.00928308
v14923 0.0522538 -0.131882 0.0100422
v14924 0.0514891 -0.131875 0.0103002
v14925 0.0683189 -0.118752 0.000686019
v14926 0.0693436 -0.11869 0.000769607
v14927 0.0721356 -0.118587 0.000639634
v14928 0.0722814 -0.118579 0.000648019
v14929 0.0725731 -0.118563 0.000664795
v14930 0.0784952 -0.118395 0.00011231
v14931 0.0787808 -0.118383 0.000108777
v14932 0.0367091 -0.129586 0.0140422
v14933 0.0790676 -0.11837 0.000107675
v14934 0.0704172 -0.107323 -0.000923227
v14935 0.0702789 -0.107327 -0.000911533
v14936 0.0792099 -0.118364 0.000104401
v14937 0.0795091 -0.118345 0.000131949
v14938 0.0697303 -0.107344 -0.000853842
v14939 0.0797976 -0.118332 0.000134145
v14940 0.0694591 -0.107351 -0.000817176
v14941 0.0693237 -0.107354 -0.000798531
v14942 0.0691887 -0.107357 -0.000778706
v14943 0.0800995 -0.118312 0.000167108
v14944 0.0689287 -0.107356 -0.000713635
v14945 0.0804061 -0.11829 0.000210608
v14946 0.080707 -0.118271 0.000240163
v14947 0.0685313 -0.10736 -0.00063489
v14948 0.0808566 -0.118262 0.000253055
v14949 0.0682629 -0.107365 -0.000591462
v14950 0.0567688 -0.104478 0.00324522
v14951 0.0679994 -0.107366 -0.000535315
v14952 0.0568945 -0.104482 0.00319589
v14953 0.0573929 -0.104503 0.00298655
v14954 0.0575149 -0.104511 0.00292657
v14955 0.0671836 -0.107387 -0.000433141
v14956 0.0576371 -0.104518 0.00286746
v14957 0.0669212 -0.107388 -0.000374228
v14958 0.0578806 -0.104532 0.00274695
v14959 0.0666554 -0.107392 -0.000324364
v14960 0.0580042 -0.104538 0.00269208
v14961 0.0663877 -0.107396 -0.000279455
v14962 0.0662564 -0.107397 -0.000250274
v14963 0.0661256 -0.107397 -0.000219717
v14964 0.0581293 -0.104543 0.00264181
v14965 0.0658611 -0.107399 -0.000166527
v14966 0.0585044 -0.104557 0.00249088
v14967 0.0655954 -0.107402 -0.00011634
v14968 0.0587549 -0.104566 0.00239187
v14969 0.0653318 -0.107404 -6.08392e-05
v14970 0.0590063 -0.104575 0.0022958
v14971 0.0650722 -0.107403 5.59709e-06
v14972 0.0592598 -0.104581 0.00220585
v14973 0.0648121 -0.107403 7.08536e-05
v14974 0.059386 -0.104585 0.00215946
v14975 0.0645562 -0.107399 0.000147247
v14976 0.0595087 -0.104592 0.002103
v14977 0.0642942 -0.1074 0.000207609
v14978 0.0597588 -0.104601 0.00200401
v14979 0.0640375 -0.107397 0.000282033
v14980 0.0600124 -0.104607 0.00191497
v14981 0.0601373 -0.104612 0.00186532
v14982 0.0649778 -0.104712 0.000276113
v14983 0.0660162 -0.104719 5.92115e-07
v14984 0.0805109 -0.114678 -0.000304181
v14985 0.0628576 -0.1074 0.00055098
v14986 0.0802043 -0.114701 -0.000346041
v14987 0.0626008 -0.107398 0.000625684
v14988 0.0799045 -0.11472 -0.00037271
v14989 0.0623443 -0.107395 0.000701362
v14990 0.0796098 -0.114737 -0.000387995
v14991 0.0620824 -0.107395 0.000762194
v14992 0.0767042 -0.114892 -0.000462189
v14993 0.076421 -0.114904 -0.000453903
v14994 0.0761322 -0.114919 -0.000459205
v14995 0.0757649 -0.129731 0.00380006
v14996 0.0756283 -0.129734 0.00381591
v14997 0.0686713 -0.104694 -0.000530198
v14998 0.0476671 -0.131833 0.0116245
v14999 0.0469067 -0.131821 0.0119098
v15000 0.0461383 -0.131814 0.0121698
v15001 0.0453745 -0.131803 0.0124479
v15002 0.0444704 -0.131798 0.0127291
v15003 0.0435647 -0.131792 0.0130069
v15004 0.0745216 -0.129762 0.00390681
v15005 0.0418856 -0.13178 0.0135393
v15006 0.0742448 -0.129769 0.00392886
v15007 0.0412519 -0.131769 0.013792
v15008 0.0739683 -0.129776 0.00395153
v15009 0.0409934 -0.131767 0.0138748
v15010 0.0736892 -0.129784 0.00396721
v15011 0.0407423 -0.131761 0.0139859
v15012 0.0734095 -0.129792 0.00398159
v15013 0.0404952 -0.131753 0.0141125
v15014 0.0731323 -0.1298 0.00400175
v15015 0.0402384 -0.13175 0.0142025
v15016 0.0399811 -0.131747 0.0142911
v15017 0.0398515 -0.131746 0.0143317
v15018 0.0728603 -0.129805 0.00403493
v15019 0.0727263 -0.129807 0.00405638
v15020 0.0397214 -0.131746 0.0143706
v15021 0.068506 -0.12875 0.00405198
v15022 0.0394647 -0.131742 0.0144621
v15023 0.0390797 -0.131738 0.0145998
v15024 0.040819 -0.133006 0.0148443
v15025 0.0414552 -0.133016 0.0145944
v15026 0.03882 -0.131736 0.0146799
v15027 0.0422223 -0.133026 0.0143111
v15028 0.0385624 -0.131733 0.0147687
v15029 0.0429863 -0.133038 0.014019
v15030 0.0383054 -0.13173 0.0148604
v15031 0.0381759 -0.131729 0.0149021
v15032 0.0436223 -0.133047 0.0137752
v15033 0.0443929 -0.133055 0.0135121
v15034 0.0451596 -0.133064 0.013237
v15035 0.0459224 -0.133075 0.0129508
v15036 0.0466938 -0.133081 0.0126971
v15037 0.0474548 -0.133092 0.0124095
v15038 0.0482268 -0.133098 0.0121619
v15039 0.0709551 -0.128699 0.00377358
v15040 0.0489866 -0.133109 0.0118749
v15041 0.071229 -0.128692 0.00374647
v15042 0.0497522 -0.133117 0.0116095
v15043 0.050652 -0.133123 0.0113247
v15044 0.0514189 -0.133129 0.0110678
v15045 0.0521728 -0.133142 0.0107712
v15046 0.052549 -0.133148 0.0106213
v15047 0.052798 -0.133153 0.0105159
v15048 0.0530473 -0.133158 0.010412
v15049 0.0723194 -0.128669 0.0036235
v15050 0.0724551 -0.128666 0.00360665
v15051 0.0532978 -0.133162 0.0103121
v15052 0.0727282 -0.128661 0.00357671
v15053 0.0534238 -0.133164 0.0102649
v15054 0.0712337 -0.107437 -0.00101302
v15055 0.0535506 -0.133166 0.01022
v15056 0.0709593 -0.107445 -0.000983909
v15057 0.0708228 -0.107449 -0.000967766
v15058 0.0380467 -0.131728 0.0149452
v15059 0.0377873 -0.131726 0.0150276
v15060 0.0538036 -0.133169 0.0101286
v15061 0.0541816 -0.133174 0.00998735
v15062 0.0741182 -0.128621 0.00348639
v15063 0.054435 -0.133177 0.00989777
v15064 0.0743914 -0.128616 0.00345576
v15065 0.0375301 -0.131723 0.0151192
v15066 0.0374028 -0.13172 0.0151701
v15067 0.0372729 -0.13172 0.015211
v15068 0.0370151 -0.131717 0.0153006
v15069 0.0367545 -0.131715 0.0153791
v15070 0.0366248 -0.131714 0.0154211
v15071 0.0363685 -0.131711 0.0155174
v15072 0.0361113 -0.131707 0.0156102
v15073 0.0352139 -0.131693 0.01595
v15074 0.0350847 -0.131692 0.0159948
v15075 0.0348282 -0.131688 0.0160923
v15076 0.0760625 -0.128568 0.00334736
v15077 0.0345732 -0.131683 0.0161963
v15078 0.0344461 -0.13168 0.0162505
v15079 0.0343163 -0.131679 0.0162932
v15080 0.0683255 -0.118615 0.000690049
v15081 0.0684691 -0.118608 0.000695072
v15082 0.0687683 -0.118587 0.000735762
v15083 0.0782891 -0.131827 0.00460914
v15084 0.0808614 -0.118126 0.000248313
v15085 0.0681199 -0.107508 -0.000579137
v15086 0.0811641 -0.118106 0.000281429
v15087 0.0814681 -0.118086 0.000317094
v15088 0.081776 -0.118064 0.000361301
v15089 0.0712874 -0.104611 -0.000800401
v15090 0.0714263 -0.104605 -0.000811917
v15091 0.0715724 -0.104596 -0.000805557
v15092 0.071714 -0.104589 -0.000810466
v15093 0.0718553 -0.104582 -0.000816146
v15094 0.0719969 -0.104576 -0.000821092
v15095 0.0604031 -0.104473 0.00179985
v15096 0.0606613 -0.104476 0.00172438
v15097 0.0609203 -0.104479 0.00165139
v15098 0.0610441 -0.104484 0.00159879
v15099 0.0611692 -0.104489 0.00154975
v15100 0.0614237 -0.104494 0.00146447
v15101 0.0616758 -0.104502 0.0013724
v15102 0.0618032 -0.104504 0.0013304
v15103 0.0619315 -0.104507 0.00129089
v15104 0.0621753 -0.10452 0.00117632
v15105 0.0625595 -0.104526 0.00105631
v15106 0.0628131 -0.104532 0.000969537
v15107 0.0630701 -0.104536 0.000892271
v15108 0.0633158 -0.104548 0.000784061
v15109 0.0635694 -0.104554 0.000697908
v15110 0.0638272 -0.104557 0.000623237
v15111 0.0650632 -0.107544 -5.80593e-06
v15112 0.0640817 -0.104562 0.000539693
v15113 0.0643446 -0.104561 0.000479364
v15114 0.0646109 -0.104558 0.000428053
v15115 0.0650024 -0.104559 0.000329432
v15116 0.0652572 -0.104564 0.000247298
v15117 0.0655184 -0.104565 0.000182672
v15118 0.0657818 -0.104564 0.000123624
v15119 0.064026 -0.10754 0.000263292
v15120 0.0660443 -0.104564 6.23266e-05
v15121 0.0336438 -0.128388 0.0146358
v15122 0.0337721 -0.12839 0.0145885
v15123 0.0339008 -0.128392 0.0145429
v15124 0.0793153 -0.114889 -0.00038757
v15125 0.0341505 -0.1284 0.0144197
v15126 0.0791607 -0.114901 -0.000412451
v15127 0.0344064 -0.128405 0.0143232
v15128 0.0788744 -0.114914 -0.000409203
v15129 0.0785818 -0.114931 -0.000420732
v15130 0.0782906 -0.114946 -0.000429403
v15131 0.0779987 -0.114962 -0.000440081
v15132 0.0777153 -0.114974 -0.000431019
v15133 0.0775732 -0.114981 -0.000427733
v15134 0.035309 -0.128415 0.0140158
v15135 0.0772858 -0.114994 -0.000428382
v15136 0.0769954 -0.11501 -0.000436728
v15137 0.0663022 -0.104566 -1.12101e-05
v15138 0.0665667 -0.104565 -6.71209e-05
v15139 0.0359495 -0.128425 0.0137811
v15140 0.066826 -0.104566 -0.000136859
v15141 0.0670893 -0.104565 -0.000195647
v15142 0.0673548 -0.104563 -0.000249002
v15143 0.0674888 -0.104561 -0.000272458
v15144 0.0676225 -0.104559 -0.000296546
v15145 0.0367174 -0.128438 0.0134993
v15146 0.0678855 -0.104558 -0.000356456
v15147 0.0681524 -0.104555 -0.000405977
v15148 0.0684191 -0.104552 -0.000456322
v15149 0.0780094 -0.131835 0.0046273
v15150 0.0777293 -0.131842 0.0046443
v15151 0.0629758 -0.107544 0.000497786
v15152 0.0750622 -0.131918 0.00478061
v15153 0.0747798 -0.131926 0.00478984
v15154 0.0745063 -0.131932 0.00482085
v15155 0.074232 -0.131938 0.00484971
v15156 0.0739539 -0.131945 0.0048688
v15157 0.0736737 -0.131953 0.00488251
v15158 0.0733981 -0.131959 0.0049078
v15159 0.0731203 -0.131966 0.00492709
v15160 0.072982 -0.13197 0.0049383
v15161 0.0727051 -0.131976 0.00495966
v15162 0.0713509 -0.132 0.0051414
v15163 0.0690362 -0.132045 0.00541151
v15164 0.0688993 -0.132048 0.00542515
v15165 0.0686193 -0.132056 0.00543601
v15166 0.0393727 -0.128496 0.0124107
v15167 0.0683474 -0.132062 0.00546797
v15168 0.0680763 -0.132066 0.00550214
v15169 0.0678048 -0.132072 0.0055349
v15170 0.0675315 -0.132078 0.00556266
v15171 0.0667201 -0.132092 0.00566819
v15172 0.0665832 -0.132095 0.00568119
v15173 0.0664478 -0.132097 0.0056982
v15174 0.0657774 -0.132107 0.00580085
v15175 0.0546816 -0.133183 0.00978737
v15176 0.0656445 -0.132109 0.00582462
v15177 0.0549349 -0.133185 0.00969811
v15178 0.055186 -0.133189 0.00960208
v15179 0.0724052 -0.118315 0.000573198
v15180 0.0554373 -0.133193 0.00950712
v15181 0.0413325 -0.128498 0.0118934
v15182 0.0555615 -0.133195 0.00945516
v15183 0.055689 -0.133196 0.00941362
v15184 0.0725478 -0.118308 0.000573336
v15185 0.0783388 -0.11814 5.14713e-05
v15186 0.0560689 -0.1332 0.00928116
v15187 0.0563221 -0.133203 0.00919261
v15188 0.0786285 -0.118126 5.75539e-05
v15189 0.0423754 -0.128499 0.0116114
v15190 0.0787772 -0.118117 6.95287e-05
v15191 0.0790586 -0.118106 5.58691e-05
v15192 0.0793479 -0.118092 6.02087e-05
v15193 0.0794961 -0.118084 7.07705e-05
v15194 0.079788 -0.118069 8.07162e-05
v15195 0.0800933 -0.118047 0.000121582
v15196 0.0803998 -0.118025 0.000164528
v15197 0.0434152 -0.128503 0.0113201
v15198 0.0807026 -0.118005 0.000198761
v15199 0.0583406 -0.133227 0.00847243
v15200 0.0584679 -0.133228 0.00843119
v15201 0.0585907 -0.133231 0.00837675
v15202 0.0587206 -0.13323 0.00834339
v15203 0.058981 -0.13323 0.00827874
v15204 0.0592365 -0.133231 0.0081993
v15205 0.0594898 -0.133234 0.00811385
v15206 0.0596159 -0.133235 0.00806959
v15207 0.0597423 -0.133236 0.00802624
v15208 0.0601244 -0.133239 0.00790495
v15209 0.0603775 -0.133241 0.00781934
v15210 0.0606315 -0.133243 0.00773661
v15211 0.0608864 -0.133245 0.00765668
v15212 0.06114 -0.133247 0.00757332
v15213 0.0612693 -0.133247 0.00753884
v15214 0.061399 -0.133247 0.00750544
v15215 0.0616554 -0.133248 0.00743044
v15216 0.0619151 -0.133247 0.0073647
v15217 0.0811601 -0.117974 0.000256411
v15218 0.0625579 -0.133249 0.00718264
v15219 0.0628176 -0.133248 0.00711735
v15220 0.0630788 -0.133247 0.00705612
v15221 0.0632087 -0.133247 0.00702359
v15222 0.0633399 -0.133246 0.00699471
v15223 0.063603 -0.133244 0.00693901
v15224 0.0686892 -0.104546 -0.000497601
v15225 0.0689611 -0.10454 -0.000534531
v15226 0.06451 -0.133243 0.00670588
v15227 0.0646407 -0.133243 0.00667583
v15228 0.0649001 -0.133242 0.00661011
v15229 0.0651612 -0.133241 0.00654907
v15230 0.0654261 -0.133239 0.00649859
v15231 0.0655582 -0.133238 0.0064723
v15232 0.0725927 -0.129808 0.00407903
v15233 0.065691 -0.133236 0.00644796
v15234 0.0723203 -0.129814 0.00411099
v15235 0.0660861 -0.133233 0.00636579
v15236 0.0720481 -0.129819 0.00414317
v15237 0.0663541 -0.133229 0.00632367
v15238 0.071778 -0.129824 0.0041808
v15239 0.0666215 -0.133226 0.00627971
v15240 0.0715072 -0.129829 0.00421641
v15241 0.0668882 -0.133223 0.00623374
v15242 0.0712314 -0.129836 0.0042393
v15243 0.0670225 -0.133221 0.00621326
v15244 0.0709603 -0.129841 0.00427388
v15245 0.0671575 -0.133219 0.00619491
v15246 0.0706928 -0.129845 0.00431749
v15247 0.0705559 -0.129848 0.00433133
v15248 0.0704204 -0.12985 0.00434857
v15249 0.0674299 -0.133213 0.00616396
v15250 0.0676991 -0.133209 0.00612475
v15251 0.0679702 -0.133204 0.00609025
v15252 0.0682415 -0.133199 0.00605614
v15253 0.0685138 -0.133194 0.00602473
v15254 0.0687812 -0.133191 0.00598002
v15255 0.069097 -0.104536 -0.000553204
v15256 0.0692334 -0.104533 -0.000570511
v15257 0.0695058 -0.104526 -0.000606361
v15258 0.0697796 -0.104518 -0.000638881
v15259 0.0700569 -0.104508 -0.000662461
v15260 0.0514767 -0.128583 0.00868302
v15261 0.051606 -0.128583 0.00864718
v15262 0.0703296 -0.104501 -0.000697957
v15263 0.0706058 -0.104492 -0.000724626
v15264 0.0519938 -0.128584 0.00853888
v15265 0.0708826 -0.104482 -0.000750076
v15266 0.0522505 -0.128586 0.00846111
v15267 0.0570513 -0.104189 0.00321774
v15268 0.0525029 -0.12859 0.00836996
v15269 0.0574253 -0.104205 0.00306072
v15270 0.0527586 -0.128592 0.00828917
v15271 0.0576692 -0.10422 0.00294045
v15272 0.0530094 -0.128596 0.00819335
v15273 0.0582851 -0.104251 0.00265955
v15274 0.0584091 -0.104257 0.00260576
v15275 0.0587809 -0.104273 0.00244528
v15276 0.0589059 -0.104278 0.00239481
v15277 0.0590364 -0.104279 0.00236044
v15278 0.0592864 -0.104288 0.00226012
v15279 0.0595388 -0.104296 0.00216684
v15280 0.0596628 -0.104302 0.00211402
v15281 0.0597867 -0.104307 0.00206112
v15282 0.0578059 -0.132088 0.00804814
v15283 0.057552 -0.132086 0.00813213
v15284 0.0568006 -0.132074 0.00841647
v15285 0.0522693 -0.132009 0.0101002
v15286 0.0521411 -0.132008 0.0101407
v15287 0.0518862 -0.132006 0.0102267
v15288 0.0516329 -0.132003 0.0103181
v15289 0.0515068 -0.132001 0.0103654
v15290 0.05126 -0.131994 0.0104785
v15291 0.0674009 -0.129923 0.00461995
v15292 0.0486953 -0.131975 0.0113037
v15293 0.0485709 -0.131972 0.0113585
v15294 0.0483213 -0.131966 0.0114653
v15295 0.0480709 -0.131961 0.0115702
v15296 0.0478179 -0.131957 0.011666
v15297 0.0472991 -0.131956 0.0118152
v15298 0.0466717 -0.131943 0.0120759
v15299 0.0458927 -0.131941 0.0122998
v15300 0.0456376 -0.131937 0.0123905
v15301 0.0455112 -0.131935 0.0124401
v15302 0.0659393 -0.12994 0.00487804
v15303 0.0447402 -0.131928 0.012695
v15304 0.0446119 -0.131927 0.0127383
v15305 0.0444849 -0.131925 0.0127862
v15306 0.044232 -0.131921 0.0128866
v15307 0.0439724 -0.13192 0.012963
v15308 0.0438416 -0.13192 0.0129979
v15309 0.043711 -0.13192 0.0130333
v15310 0.0434529 -0.131918 0.0131154
v15311 0.0429347 -0.131915 0.0132732
v15312 0.0600413 -0.104313 0.00197465
v15313 0.0602894 -0.104324 0.00186991
v15314 0.0606739 -0.10433 0.00174862
v15315 0.060931 -0.104335 0.0016697
v15316 0.0611824 -0.104343 0.00157538
v15317 0.0640945 -0.104417 0.00056201
v15318 0.0663127 -0.104423 3.68748e-06
v15319 0.0567709 -0.129934 0.00730778
v15320 0.0802018 -0.114971 -0.000320413
v15321 0.0799016 -0.114991 -0.000348293
v15322 0.0796087 -0.115007 -0.000359405
v15323 0.0767038 -0.11516 -0.000433055
v15324 0.076419 -0.115173 -0.00042867
v15325 0.0421677 -0.131905 0.0135493
v15326 0.0683188 -0.118352 0.000646136
v15327 0.0684631 -0.118344 0.000652954
v15328 0.0687599 -0.118324 0.000687254
v15329 0.0723939 -0.118187 0.000530896
v15330 0.0725365 -0.11818 0.000531086
v15331 0.0783339 -0.118009 2.45545e-05
v15332 0.0811575 -0.117841 0.000234608
v15333 0.0814586 -0.117822 0.000263643
v15334 0.0816117 -0.117811 0.000283758
v15335 0.0817669 -0.117799 0.000308646
v15336 0.0708929 -0.10434 -0.000738037
v15337 0.0711718 -0.104329 -0.000758401
v15338 0.0714541 -0.104316 -0.000770635
v15339 0.0717378 -0.104302 -0.000779253
v15340 0.0690524 -0.133186 0.00594546
v15341 0.0693234 -0.133181 0.00591016
v15342 0.0568196 -0.104028 0.00336505
v15343 0.0342482 -0.117704 0.0118673
v15344 0.0415309 -0.131895 0.0137901
v15345 0.0706627 -0.133164 0.00569162
v15346 0.0709423 -0.133156 0.00567804
v15347 0.0710823 -0.133152 0.00567177
v15348 0.0531277 -0.129878 0.00865491
v15349 0.0712246 -0.133147 0.00567102
v15350 0.0528725 -0.129876 0.00873731
v15351 0.0714969 -0.133142 0.00563827
v15352 0.0526198 -0.129872 0.00882761
v15353 0.0719046 -0.133135 0.00558695
v15354 0.0523652 -0.12987 0.00891231
v15355 0.052236 -0.129869 0.00894866
v15356 0.0521023 -0.129871 0.00897078
v15357 0.0745471 -0.133068 0.00540627
v15358 0.0518488 -0.129868 0.00905935
v15359 0.0746848 -0.133065 0.00539277
v15360 0.0515955 -0.129865 0.00914873
v15361 0.0514711 -0.129862 0.0092008
v15362 0.0513501 -0.129858 0.00926382
v15363 0.0749604 -0.133059 0.00536634
v15364 0.0407628 -0.131885 0.0140669
v15365 0.0509779 -0.129849 0.00942423
v15366 0.0401306 -0.131873 0.0143299
v15367 0.0507197 -0.129848 0.00949869
v15368 0.0773355 -0.132997 0.00521418
v15369 0.0504676 -0.129844 0.00959291
v15370 0.0776178 -0.132989 0.00520226
v15371 0.0502116 -0.129841 0.00967501
v15372 0.0576845 -0.104071 0.00297462
v15373 0.0499565 -0.129839 0.00976021
v15374 0.0603055 -0.104175 0.00190438
v15375 0.0496961 -0.129839 0.00982792
v15376 0.061451 -0.104202 0.00151738
v15377 0.0494419 -0.129836 0.00991645
v15378 0.0617013 -0.10421 0.00142011
v15379 0.0491839 -0.129834 0.00999248
v15380 0.0490547 -0.129834 0.01003
v15381 0.0489248 -0.129834 0.0100651
v15382 0.0619542 -0.104217 0.00133033
v15383 0.0621981 -0.104231 0.0012158
v15384 0.0485439 -0.129829 0.0102002
v15385 0.0624498 -0.104238 0.00112302
v15386 0.0482947 -0.129823 0.0103066
v15387 0.0392259 -0.131865 0.0146257
v15388 0.0384562 -0.131855 0.0149046
v15389 0.0376785 -0.131849 0.015154
v15390 0.0477891 -0.129815 0.0104958
v15391 0.0369046 -0.131841 0.0154212
v15392 0.0684974 -0.128621 0.0040165
v15393 0.0361321 -0.131831 0.0156963
v15394 0.0687676 -0.128616 0.00398089
v15395 0.0627086 -0.104241 0.00105021
v15396 0.0690379 -0.128611 0.00394569
v15397 0.0628355 -0.104244 0.00100703
v15398 0.0693083 -0.128606 0.00391051
v15399 0.0347198 -0.131811 0.0162246
v15400 0.0695801 -0.1286 0.00387902
v15401 0.0630947 -0.104246 0.000935274
v15402 0.0698515 -0.128595 0.00384626
v15403 0.0633427 -0.104256 0.000833298
v15404 0.0701226 -0.128589 0.00381263
v15405 0.0785848 -0.131948 0.00464416
v15406 0.0703968 -0.128583 0.00378667
v15407 0.0705346 -0.128579 0.0037756
v15408 0.0706705 -0.128576 0.00375946
v15409 0.0783074 -0.131954 0.00466799
v15410 0.0709397 -0.128572 0.00372064
v15411 0.0780249 -0.131962 0.00467958
v15412 0.0712133 -0.128566 0.00369283
v15413 0.0777447 -0.13197 0.00469627
v15414 0.0714861 -0.12856 0.0036627
v15415 0.0774636 -0.131978 0.0047109
v15416 0.0717576 -0.128554 0.00362949
v15417 0.077184 -0.131985 0.00472862
v15418 0.0720282 -0.128549 0.00359366
v15419 0.0769063 -0.131992 0.00475092
v15420 0.07677 -0.131995 0.00476834
v15421 0.0764937 -0.132001 0.00479371
v15422 0.0762129 -0.132009 0.00480793
v15423 0.0759292 -0.132018 0.00481499
v15424 0.075647 -0.132026 0.0048255
v15425 0.0753653 -0.132035 0.00483687
v15426 0.0706815 -0.107591 -0.000949697
v15427 0.0745228 -0.132059 0.00487602
v15428 0.0702655 -0.107606 -0.000917714
v15429 0.0742477 -0.132065 0.00490289
v15430 0.0723184 -0.132109 0.00507793
v15431 0.0697186 -0.107622 -0.000856199
v15432 0.0634652 -0.104262 0.000778109
v15433 0.0635959 -0.104263 0.00074545
v15434 0.0638518 -0.104267 0.000665536
v15435 0.0641065 -0.104272 0.000582305
v15436 0.0643679 -0.104273 0.000517172
v15437 0.0646302 -0.104273 0.000454873
v15438 0.0648912 -0.104273 0.000389061
v15439 0.0694453 -0.10763 -0.000825099
v15440 0.069312 -0.107631 -0.000801137
v15441 0.0691777 -0.107634 -0.00077973
v15442 0.0651482 -0.104277 0.000312349
v15443 0.0689139 -0.107636 -0.000724613
v15444 0.0654088 -0.104278 0.000245669
v15445 0.0686515 -0.107637 -0.000665788
v15446 0.0655377 -0.104279 0.0002085
v15447 0.0658035 -0.104277 0.000155555
v15448 0.066065 -0.104277 9.13287e-05
v15449 0.0663231 -0.10428 1.81602e-05
v15450 0.0664548 -0.10428 -1.13422e-05
v15451 0.0683824 -0.107642 -0.000624218
v15452 0.0665854 -0.10428 -4.39991e-05
v15453 0.0681163 -0.107645 -0.000575123
v15454 0.0668464 -0.10428 -0.0001092
v15455 0.0679899 -0.107643 -0.000533245
v15456 0.0671085 -0.10428 -0.000171846
v15457 0.0673726 -0.104279 -0.000228841
v15458 0.0673031 -0.107665 -0.000466741
v15459 0.0676379 -0.104277 -0.000282957
v15460 0.0670388 -0.107667 -0.000413125
v15461 0.0679069 -0.104272 -0.000327372
v15462 0.0781631 -0.128373 0.00321511
v15463 0.0681737 -0.104269 -0.000377491
v15464 0.0784446 -0.128365 0.003202
v15465 0.0684449 -0.104263 -0.000416353
v15466 0.0687162 -0.104257 -0.000455166
v15467 0.0689888 -0.10425 -0.000490482
v15468 0.0666421 -0.107671 -0.000333335
v15469 0.0692593 -0.104244 -0.000531446
v15470 0.0663768 -0.107674 -0.000282225
v15471 0.0662443 -0.107675 -0.000256491
v15472 0.0661113 -0.107677 -0.000231942
v15473 0.0693968 -0.10424 -0.00054636
v15474 0.0658444 -0.107681 -0.000185241
v15475 0.0695333 -0.104236 -0.000563493
v15476 0.0655822 -0.107681 -0.00012593
v15477 0.0698053 -0.104229 -0.000600887
v15478 0.065317 -0.107684 -7.47434e-05
v15479 0.07008 -0.104221 -0.000631393
v15480 0.0650567 -0.107684 -1.06637e-05
v15481 0.0649253 -0.107685 1.82639e-05
v15482 0.0647967 -0.107683 5.46326e-05
v15483 0.0703519 -0.104215 -0.000669213
v15484 0.0645411 -0.10768 0.000131703
v15485 0.0793077 -0.115161 -0.000374373
v15486 0.0642819 -0.107679 0.000199079
v15487 0.079152 -0.115174 -0.000401801
v15488 0.0640209 -0.107679 0.000261882
v15489 0.063888 -0.10768 0.000286707
v15490 0.0637596 -0.107679 0.000323723
v15491 0.0788659 -0.115187 -0.00039825
v15492 0.0785796 -0.1152 -0.000395078
v15493 0.0782908 -0.115215 -0.000398415
v15494 0.0779972 -0.115232 -0.00041305
v15495 0.0777124 -0.115244 -0.000407475
v15496 0.077571 -0.11525 -0.000402522
v15497 0.0342666 -0.128274 0.0143214
v15498 0.0343941 -0.128276 0.0142714
v15499 0.077283 -0.115264 -0.000404763
v15500 0.0346567 -0.128276 0.0142025
v15501 0.0769941 -0.115279 -0.000409532
v15502 0.0349156 -0.128279 0.014119
v15503 0.0350398 -0.128283 0.0140554
v15504 0.0351691 -0.128285 0.0140134
v15505 0.0720446 -0.132115 0.00510698
v15506 0.0354276 -0.128287 0.0139286
v15507 0.0715066 -0.132123 0.005189
v15508 0.0783289 -0.117877 -2.47467e-06
v15509 0.0358097 -0.128295 0.0137788
v15510 0.0784709 -0.117871 -6.12286e-06
v15511 0.0360656 -0.128299 0.0136843
v15512 0.0787673 -0.117854 1.56614e-05
v15513 0.0363263 -0.1283 0.013609
v15514 0.0790488 -0.117843 2.07031e-06
v15515 0.036581 -0.128305 0.0135103
v15516 0.079191 -0.117837 -1.44032e-06
v15517 0.0368321 -0.128312 0.0133973
v15518 0.0793341 -0.117831 -2.89045e-06
v15519 0.0370801 -0.128321 0.0132729
v15520 0.037204 -0.128325 0.0132103
v15521 0.0373286 -0.128329 0.0131507
v15522 0.0794806 -0.117823 3.55737e-06
v15523 0.0634955 -0.107681 0.000378063
v15524 0.0377005 -0.128342 0.0129652
v15525 0.0797722 -0.117808 1.28246e-05
v15526 0.0379495 -0.12835 0.0128464
v15527 0.0800815 -0.117785 6.29415e-05
v15528 0.0381998 -0.128357 0.0127331
v15529 0.0383262 -0.12836 0.0126815
v15530 0.0384528 -0.128363 0.0126306
v15531 0.0803876 -0.117763 0.000105143
v15532 0.0387054 -0.128368 0.0125271
v15533 0.0806967 -0.11774 0.000153548
v15534 0.0389634 -0.128371 0.012445
v15535 0.0390985 -0.128368 0.0124274
v15536 0.0392304 -0.128367 0.0123974
v15537 0.0706274 -0.104206 -0.000697961
v15538 0.0394942 -0.128366 0.0123375
v15539 0.0578234 -0.103928 0.0029536
v15540 0.0397582 -0.128365 0.0122786
v15541 0.0579471 -0.103934 0.00289863
v15542 0.0581972 -0.103944 0.00279666
v15543 0.0584432 -0.103957 0.00268328
v15544 0.0586903 -0.103969 0.00257334
v15545 0.0589377 -0.103981 0.00246458
v15546 0.059064 -0.103985 0.00241792
v15547 0.0593173 -0.103992 0.00232677
v15548 0.0595649 -0.104003 0.00221926
v15549 0.0598166 -0.104011 0.00212387
v15550 0.0600699 -0.104019 0.00203342
v15551 0.0603202 -0.104028 0.00193478
v15552 0.0604456 -0.104032 0.00188596
v15553 0.0605711 -0.104036 0.00183777
v15554 0.0608269 -0.104041 0.00175513
v15555 0.0612089 -0.10405 0.00162646
v15556 0.0613378 -0.104052 0.00158816
v15557 0.0614654 -0.104055 0.00154595
v15558 0.0617154 -0.104064 0.0014476
v15559 0.0619674 -0.104071 0.00135508
v15560 0.0399027 -0.132869 0.0150963
v15561 0.0402852 -0.132875 0.0149476
v15562 0.0405431 -0.132877 0.0148598
v15563 0.0406726 -0.132878 0.0148184
v15564 0.0409243 -0.132884 0.0147074
v15565 0.0411789 -0.132888 0.0146083
v15566 0.0413063 -0.13289 0.0145591
v15567 0.0414345 -0.132891 0.0145129
v15568 0.0416914 -0.132894 0.0144228
v15569 0.0435329 -0.128375 0.0112342
v15570 0.0419446 -0.132899 0.0143191
v15571 0.0422031 -0.132901 0.0142356
v15572 0.0439189 -0.128378 0.0111119
v15573 0.044047 -0.128379 0.011069
v15574 0.0441754 -0.128381 0.0110272
v15575 0.0424574 -0.132905 0.0141368
v15576 0.0444294 -0.128385 0.010934
v15577 0.042712 -0.132909 0.0140392
v15578 0.0446847 -0.128388 0.0108458
v15579 0.0448135 -0.128389 0.010806
v15580 0.043095 -0.132914 0.0138976
v15581 0.0433477 -0.132919 0.0137939
v15582 0.0434744 -0.132921 0.0137437
v15583 0.0436009 -0.132923 0.0136927
v15584 0.0438593 -0.132925 0.0136106
v15585 0.044119 -0.132926 0.0135332
v15586 0.0457201 -0.128393 0.0105449
v15587 0.0442508 -0.132925 0.0135015
v15588 0.0443745 -0.132929 0.0134406
v15589 0.0446284 -0.132933 0.013343
v15590 0.0448843 -0.132936 0.0132526
v15591 0.0450116 -0.132938 0.0132053
v15592 0.0452699 -0.132939 0.0131239
v15593 0.0466248 -0.128397 0.0102791
v15594 0.0467545 -0.128398 0.0102429
v15595 0.0468829 -0.128399 0.0102021
v15596 0.0455133 -0.132948 0.01299
v15597 0.0471428 -0.128399 0.0101314
v15598 0.0456409 -0.13295 0.0129441
v15599 0.045767 -0.132952 0.0128929
v15600 0.0475253 -0.128404 0.0100009
v15601 0.0460288 -0.132952 0.0128247
v15602 0.0462866 -0.132954 0.0127425
v15603 0.0464118 -0.132956 0.0126885
v15604 0.0682325 -0.132189 0.00555277
v15605 0.0472798 -0.129808 0.0106737
v15606 0.0465435 -0.132956 0.0126574
v15607 0.0470245 -0.129805 0.0107605
v15608 0.0468068 -0.132955 0.0125948
v15609 0.047057 -0.13296 0.0124868
v15610 0.0632282 -0.107685 0.000423435
v15611 0.0471807 -0.132964 0.0124281
v15612 0.0629704 -0.107683 0.000495188
v15613 0.0474345 -0.132967 0.0123331
v15614 0.0476939 -0.132968 0.0122574
v15615 0.0627136 -0.107681 0.00056946
v15616 0.0479524 -0.132969 0.012179
v15617 0.0480814 -0.13297 0.0121391
v15618 0.0623279 -0.107677 0.000680028
v15619 0.04821 -0.132971 0.0120977
v15620 0.0620655 -0.107678 0.000739157
v15621 0.0484647 -0.132974 0.0120069
v15622 0.0487169 -0.132978 0.0119076
v15623 0.0618051 -0.107677 0.000803924
v15624 0.0616796 -0.107674 0.000849446
v15625 0.0615489 -0.107674 0.000880328
v15626 0.0488438 -0.13298 0.0118608
v15627 0.0489656 -0.132984 0.0117969
v15628 0.0610264 -0.107674 0.00100546
v15629 0.049221 -0.132987 0.0117091
v15630 0.0494759 -0.132989 0.01162
v15631 0.0498607 -0.132992 0.0114948
v15632 0.0501149 -0.132995 0.0114036
v15633 0.0503755 -0.132995 0.0113341
v15634 0.0506323 -0.132997 0.0112522
v15635 0.0508917 -0.132998 0.0111787
v15636 0.0512734 -0.133002 0.0110449
v15637 0.0519028 -0.133012 0.0108011
v15638 0.0526513 -0.133027 0.0104889
v15639 0.0680955 -0.132192 0.00556572
v15640 0.067824 -0.132197 0.00559873
v15641 0.0675503 -0.132203 0.00562562
v15642 0.0672787 -0.132208 0.00565805
v15643 0.0670077 -0.132213 0.00569174
v15644 0.0531203 -0.128472 0.00809113
v15645 0.0667368 -0.132218 0.00572577
v15646 0.0664654 -0.132223 0.00575817
v15647 0.0607678 -0.107672 0.00107581
v15648 0.0606427 -0.107669 0.00112257
v15649 0.0661958 -0.132228 0.00579565
v15650 0.0659287 -0.132231 0.00583946
v15651 0.0656626 -0.132235 0.00588619
v15652 0.0653985 -0.132237 0.00593824
v15653 0.0652676 -0.132238 0.00596736
v15654 0.0651372 -0.132238 0.00599772
v15655 0.0578237 -0.132214 0.00811152
v15656 0.0726232 -0.107656 -0.00108852
v15657 0.0713642 -0.107707 -0.00101611
v15658 0.0575691 -0.132212 0.00819353
v15659 0.0562923 -0.132203 0.0085944
v15660 0.0561652 -0.132202 0.00863668
v15661 0.0710914 -0.107714 -0.000983094
v15662 0.0560382 -0.132201 0.00867912
v15663 0.0559115 -0.1322 0.00872254
v15664 0.0684499 -0.118084 0.000592052
v15665 0.0727999 -0.117911 0.000448882
v15666 0.0783154 -0.11775 -4.97058e-05
v15667 0.0784587 -0.117743 -5.00492e-05
v15668 0.0787527 -0.117727 -3.40309e-05
v15669 0.0794792 -0.11769 -1.53048e-05
v15670 0.0797718 -0.117674 -3.48922e-06
v15671 0.0814519 -0.117556 0.000216537
v15672 0.0703634 -0.104071 -0.000654054
v15673 0.070638 -0.104063 -0.000685195
v15674 0.0709117 -0.104056 -0.000718862
v15675 0.0711927 -0.104043 -0.000734034
v15676 0.0584545 -0.103811 0.0027054
v15677 0.0805032 -0.115219 -0.000258998
v15678 0.0803482 -0.115232 -0.000284021
v15679 0.0801972 -0.115242 -0.000299722
v15680 0.0798957 -0.115262 -0.000330655
v15681 0.0796 -0.11528 -0.000348415
v15682 0.0767051 -0.115428 -0.000399895
v15683 0.0764226 -0.11544 -0.000390163
v15684 0.0621067 -0.103929 0.00133414
v15685 0.0622302 -0.103935 0.00128094
v15686 0.0627449 -0.103942 0.00112612
v15687 0.0628696 -0.103947 0.00107668
v15688 0.0629974 -0.103949 0.00103552
v15689 0.0519081 -0.13213 0.0103055
v15690 0.0512788 -0.13212 0.0105475
v15691 0.0505007 -0.132118 0.0107651
v15692 0.0502486 -0.132114 0.0108618
v15693 0.0499927 -0.132112 0.0109461
v15694 0.0493513 -0.132107 0.0111522
v15695 0.0487122 -0.132101 0.0113678
v15696 0.0480867 -0.132088 0.0116305
v15697 0.0475711 -0.132085 0.0117904
v15698 0.0471921 -0.132079 0.0119373
v15699 0.0461679 -0.132068 0.0122853
v15700 0.0450164 -0.132056 0.0126837
v15701 0.0448872 -0.132055 0.0127238
v15702 0.0441195 -0.132046 0.0129922
v15703 0.0432125 -0.132042 0.0132672
v15704 0.0429536 -0.13204 0.0133473
v15705 0.0426958 -0.132038 0.0134311
v15706 0.042442 -0.132034 0.0135302
v15707 0.0423136 -0.132032 0.0135743
v15708 0.0420562 -0.13203 0.0136604
v15709 0.0540363 -0.133047 0.0099647
v15710 0.0418001 -0.132027 0.0137518
v15711 0.0416728 -0.132025 0.0138003
v15712 0.0546581 -0.133059 0.00970499
v15713 0.0561747 -0.133077 0.00916358
v15714 0.0563026 -0.133078 0.0091236
v15715 0.0415503 -0.13202 0.0138669
v15716 0.0412928 -0.132018 0.0139534
v15717 0.0410378 -0.132014 0.0140497
v15718 0.0409105 -0.132012 0.0140988
v15719 0.0407832 -0.13201 0.0141477
v15720 0.0573295 -0.133082 0.0088152
v15721 0.0575799 -0.133086 0.0087196
v15722 0.0578248 -0.133092 0.00860745
v15723 0.040533 -0.132003 0.014263
v15724 0.0593454 -0.133107 0.00809378
v15725 0.0601024 -0.133115 0.00782992
v15726 0.0402763 -0.132 0.0143539
v15727 0.0398907 -0.131996 0.0144886
v15728 0.0396305 -0.131995 0.0145668
v15729 0.0395046 -0.131992 0.0146221
v15730 0.0393745 -0.131991 0.0146614
v15731 0.0609937 -0.133121 0.00754774
v15732 0.0620276 -0.133121 0.00727134
v15733 0.0391165 -0.131989 0.0147484
v15734 0.0388585 -0.131986 0.0148355
v15735 0.0387301 -0.131985 0.0148817
v15736 0.0386028 -0.131982 0.0149322
v15737 0.0629283 -0.133123 0.00701917
v15738 0.0383458 -0.131979 0.0150239
v15739 0.0380857 -0.131978 0.0151039
v15740 0.0379571 -0.131976 0.0151498
v15741 0.065142 -0.133116 0.00648423
v15742 0.0652759 -0.133114 0.00646307
v15743 0.066739 -0.133098 0.00620141
v15744 0.0378279 -0.131975 0.0151928
v15745 0.0375705 -0.131972 0.0152842
v15746 0.0371826 -0.131968 0.0154138
v15747 0.0633761 -0.10396 0.0009001
v15748 0.0636302 -0.103966 0.000814514
v15749 0.0637567 -0.103969 0.000770352
v15750 0.0638845 -0.103971 0.000729601
v15751 0.06414 -0.103976 0.000648274
v15752 0.0644008 -0.103977 0.000581383
v15753 0.0727869 -0.117783 0.000402178
v15754 0.0777293 -0.129806 0.00371517
v15755 0.0730707 -0.117771 0.000398905
v15756 0.0788903 -0.117589 -6.35092e-05
v15757 0.0790354 -0.117582 -6.01637e-05
v15758 0.0793256 -0.117567 -5.37677e-05
v15759 0.0796186 -0.117551 -4.09012e-05
v15760 0.0797655 -0.117543 -3.38457e-05
v15761 0.0803791 -0.117499 5.41169e-05
v15762 0.0806797 -0.11748 8.28784e-05
v15763 0.0646605 -0.103979 0.000511366
v15764 0.0649234 -0.103979 0.000450199
v15765 0.0651828 -0.103981 0.000379725
v15766 0.0654419 -0.103983 0.000308682
v15767 0.0657008 -0.103985 0.000236794
v15768 0.0659648 -0.103984 0.000178965
v15769 0.0663545 -0.103986 7.52405e-05
v15770 0.0666189 -0.103985 1.85143e-05
v15771 0.0667457 -0.103988 -2.41644e-05
v15772 0.0668771 -0.103988 -5.48838e-05
v15773 0.0671413 -0.103986 -0.000112044
v15774 0.0699748 -0.128464 0.00378426
v15775 0.070109 -0.128462 0.00376384
v15776 0.0674014 -0.103987 -0.000180003
v15777 0.0676667 -0.103985 -0.000234528
v15778 0.0679318 -0.103983 -0.000289382
v15779 0.068203 -0.103977 -0.000328403
v15780 0.0684758 -0.10397 -0.000363652
v15781 0.0687505 -0.103962 -0.000393789
v15782 0.069019 -0.103957 -0.000440061
v15783 0.0692917 -0.10395 -0.000475882
v15784 0.0695631 -0.103944 -0.000514803
v15785 0.0698367 -0.103937 -0.00054845
v15786 0.0701098 -0.10393 -0.000583311
v15787 0.0592211 -0.103692 0.00243773
v15788 0.059345 -0.103697 0.00238406
v15789 0.0595965 -0.103706 0.00228734
v15790 0.0598463 -0.103716 0.00218631
v15791 0.0599738 -0.103719 0.00214333
v15792 0.0724256 -0.128412 0.00350431
v15793 0.0725621 -0.128409 0.00348925
v15794 0.0601007 -0.103722 0.00209851
v15795 0.0603515 -0.103731 0.0020006
v15796 0.0729715 -0.128401 0.00344382
v15797 0.0606066 -0.103737 0.00191517
v15798 0.0607328 -0.103741 0.00186896
v15799 0.0608596 -0.103744 0.00182414
v15800 0.0611148 -0.10375 0.00173953
v15801 0.0613674 -0.103757 0.00164775
v15802 0.061495 -0.10376 0.00160545
v15803 0.0617481 -0.103767 0.00151523
v15804 0.0740848 -0.128369 0.00337481
v15805 0.0627632 -0.103793 0.00116462
v15806 0.0631424 -0.103803 0.00102969
v15807 0.0793025 -0.115433 -0.00035549
v15808 0.0746408 -0.128353 0.00333765
v15809 0.0791492 -0.115444 -0.000377388
v15810 0.0749171 -0.128346 0.00331434
v15811 0.0788615 -0.115458 -0.000377598
v15812 0.0785705 -0.115473 -0.000385666
v15813 0.0782807 -0.115488 -0.000391506
v15814 0.0779889 -0.115504 -0.00040213
v15815 0.0778458 -0.115511 -0.000401031
v15816 0.077559 -0.115524 -0.000400416
v15817 0.0769957 -0.115546 -0.000375587
v15818 0.0344828 -0.131931 0.0164046
v15819 0.0702511 -0.107885 -0.000926653
v15820 0.0762309 -0.132135 0.00486659
v15821 0.0760929 -0.132138 0.00487971
v15822 0.0699847 -0.107889 -0.000877905
v15823 0.0759497 -0.132143 0.0048799
v15824 0.0697107 -0.107897 -0.000848846
v15825 0.0756667 -0.132152 0.00488823
v15826 0.0694369 -0.107905 -0.000819386
v15827 0.0693028 -0.107907 -0.000797519
v15828 0.0691669 -0.107911 -0.000780076
v15829 0.0753875 -0.13216 0.00490585
v15830 0.0689087 -0.107909 -0.00071077
v15831 0.0751017 -0.132169 0.00490704
v15832 0.0748165 -0.132179 0.00490939
v15833 0.0744036 -0.132188 0.00494947
v15834 0.0742649 -0.132192 0.00496012
v15835 0.0739867 -0.132199 0.00497901
v15836 0.0737098 -0.132205 0.00500134
v15837 0.0734362 -0.132211 0.00503144
v15838 0.0686438 -0.107912 -0.000658633
v15839 0.0731609 -0.132217 0.00505723
v15840 0.0683729 -0.107918 -0.000621973
v15841 0.0728834 -0.132224 0.00507744
v15842 0.0681073 -0.107921 -0.000571793
v15843 0.0679792 -0.10792 -0.0005344
v15844 0.0726095 -0.13223 0.00510657
v15845 0.0675592 -0.107938 -0.000515338
v15846 0.0723376 -0.132235 0.00514045
v15847 0.0672922 -0.107942 -0.00046886
v15848 0.0715243 -0.132249 0.00524791
v15849 0.0670297 -0.107943 -0.000410802
v15850 0.0712489 -0.132255 0.00527249
v15851 0.0667648 -0.107946 -0.000358935
v15852 0.0709741 -0.132262 0.00529836
v15853 0.0664947 -0.107952 -0.000320723
v15854 0.0687941 -0.132304 0.00554827
v15855 0.0686582 -0.132307 0.0055647
v15856 0.0660941 -0.107958 -0.000251729
v15857 0.0677074 -0.132325 0.00567887
v15858 0.0658288 -0.107961 -0.000200917
v15859 0.0675706 -0.132328 0.00569256
v15860 0.0655663 -0.107962 -0.000142918
v15861 0.0672982 -0.132334 0.00572285
v15862 0.065302 -0.107965 -8.95736e-05
v15863 0.0688976 -0.133063 0.00589917
v15864 0.0650417 -0.107964 -2.53438e-05
v15865 0.0649105 -0.107965 3.74071e-06
v15866 0.0647869 -0.10796 5.34172e-05
v15867 0.078444 -0.117482 -0.000115333
v15868 0.0645299 -0.107958 0.000126591
v15869 0.0707862 -0.133033 0.00562941
v15870 0.0642692 -0.107958 0.000189818
v15871 0.0336274 -0.128126 0.0145662
v15872 0.0724346 -0.132997 0.00546981
v15873 0.0338829 -0.128131 0.014467
v15874 0.0725729 -0.132994 0.00545861
v15875 0.0728514 -0.132986 0.00544083
v15876 0.0729917 -0.132982 0.00543452
v15877 0.0732721 -0.132975 0.00542128
v15878 0.0735525 -0.132967 0.00540805
v15879 0.0736919 -0.132963 0.00539918
v15880 0.0738317 -0.132959 0.0053912
v15881 0.0741132 -0.132951 0.00538019
v15882 0.0743914 -0.132944 0.00536053
v15883 0.0746639 -0.132939 0.00532664
v15884 0.0749362 -0.132934 0.0052921
v15885 0.0752161 -0.132927 0.00527622
v15886 0.0754989 -0.132918 0.00526717
v15887 0.0757817 -0.13291 0.00525805
v15888 0.0760667 -0.1329 0.00525399
v15889 0.0763449 -0.132894 0.00523308
v15890 0.0766194 -0.132888 0.005203
v15891 0.076895 -0.132882 0.00517533
v15892 0.0771738 -0.132875 0.00515536
v15893 0.0364425 -0.128173 0.0135131
v15894 0.0679469 -0.103837 -0.000263642
v15895 0.0695753 -0.1038 -0.000497499
v15896 0.06985 -0.103792 -0.000528234
v15897 0.0699874 -0.103788 -0.000543646
v15898 0.0701233 -0.103785 -0.00056289
v15899 0.0703964 -0.103778 -0.000598074
v15900 0.0706749 -0.103767 -0.000619791
v15901 0.0709522 -0.103757 -0.000644637
v15902 0.0712302 -0.103747 -0.000667993
v15903 0.0713715 -0.10374 -0.000674144
v15904 0.0716534 -0.103728 -0.00068788
v15905 0.0396276 -0.132739 0.0151151
v15906 0.0630258 -0.103656 0.00108949
v15907 0.0632832 -0.10366 0.00101228
v15908 0.0635326 -0.103669 0.000913138
v15909 0.0637806 -0.103679 0.000810665
v15910 0.0639075 -0.103682 0.000767405
v15911 0.0641638 -0.103687 0.000687985
v15912 0.0644231 -0.103689 0.00061657
v15913 0.0646801 -0.103693 0.000539091
v15914 0.0649406 -0.103694 0.000471343
v15915 0.0652007 -0.103696 0.000402309
v15916 0.0654598 -0.103698 0.000330784
v15917 0.0657202 -0.103699 0.000262942
v15918 0.0659838 -0.103698 0.000203529
v15919 0.0662434 -0.1037 0.000133777
v15920 0.0665075 -0.103699 7.57405e-05
v15921 0.0667701 -0.103699 1.39492e-05
v15922 0.0640064 -0.107959 0.000247227
v15923 0.0669032 -0.103697 -1.22575e-05
v15924 0.0671663 -0.103697 -7.28121e-05
v15925 0.067428 -0.103697 -0.000137009
v15926 0.0676921 -0.103696 -0.00019501
v15927 0.075641 -0.129862 0.00386163
v15928 0.0679613 -0.103691 -0.00023937
v15929 0.0753657 -0.129869 0.00388792
v15930 0.0682313 -0.103686 -0.000282008
v15931 0.0563116 -0.132328 0.00866305
v15932 0.0556837 -0.132319 0.00889753
v15933 0.0555582 -0.132318 0.00894496
v15934 0.0524263 -0.132265 0.010169
v15935 0.0521812 -0.132258 0.0102863
v15936 0.0520544 -0.132257 0.0103314
v15937 0.0517969 -0.132255 0.0104095
v15938 0.0515458 -0.132251 0.0105083
v15939 0.051419 -0.132249 0.0105538
v15940 0.0512973 -0.132246 0.0106159
v15941 0.0510379 -0.132245 0.0106883
v15942 0.0507765 -0.132245 0.0107541
v15943 0.0505184 -0.132244 0.0108308
v15944 0.0502678 -0.13224 0.0109328
v15945 0.0431399 -0.12824 0.0113269
v15946 0.0498831 -0.132237 0.0110566
v15947 0.0497528 -0.132237 0.0110914
v15948 0.0494964 -0.132235 0.0111746
v15949 0.0493682 -0.132234 0.0112161
v15950 0.0491192 -0.132228 0.0113245
v15951 0.0685015 -0.103681 -0.000324105
v15952 0.068774 -0.103674 -0.000360349
v15953 0.0690442 -0.103669 -0.000402759
v15954 0.0693143 -0.103663 -0.000445366
v15955 0.0592571 -0.103391 0.00251917
v15956 0.0601275 -0.103429 0.00215201
v15957 0.0603812 -0.103435 0.00206219
v15958 0.0606364 -0.103441 0.0019766
v15959 0.0608917 -0.103447 0.00189172
v15960 0.0611437 -0.103455 0.0017974
v15961 0.0730079 -0.129931 0.00406155
v15962 0.061399 -0.103461 0.00171279
v15963 0.0616516 -0.103468 0.00162098
v15964 0.0619088 -0.103472 0.00154176
v15965 0.0625412 -0.10349 0.00131593
v15966 0.0627943 -0.103497 0.00122613
v15967 0.0630415 -0.103508 0.00112041
v15968 0.0632973 -0.103513 0.00103851
v15969 0.0808066 -0.115467 -0.000192967
v15970 0.0805025 -0.115489 -0.000229209
v15971 0.0802011 -0.115509 -0.000259532
v15972 0.0800494 -0.115519 -0.000276958
v15973 0.0798981 -0.11553 -0.000293955
v15974 0.0795978 -0.11555 -0.000322483
v15975 0.0489905 -0.132227 0.0113649
v15976 0.0488632 -0.132226 0.0114097
v15977 0.0486053 -0.132224 0.0114888
v15978 0.0473857 -0.128274 0.00999636
v15979 0.0483558 -0.132219 0.011596
v15980 0.0482318 -0.132216 0.0116526
v15981 0.0475874 -0.132212 0.0118531
v15982 0.0474609 -0.13221 0.0119014
v15983 0.0472086 -0.132205 0.0120006
v15984 0.0461851 -0.132195 0.0123513
v15985 0.0459287 -0.132192 0.0124378
v15986 0.0456738 -0.132189 0.01253
v15987 0.045288 -0.132186 0.0126559
v15988 0.0709759 -0.129968 0.0043274
v15989 0.0451618 -0.132183 0.0127068
v15990 0.0791649 -0.117314 -0.000124164
v15991 0.0793158 -0.117304 -0.000107517
v15992 0.079607 -0.117289 -9.90479e-05
v15993 0.0797534 -0.117281 -9.29659e-05
v15994 0.0635478 -0.103522 0.000942473
v15995 0.0637437 -0.10796 0.000305135
v15996 0.0803739 -0.117233 1.06456e-05
v15997 0.0806697 -0.117216 2.84343e-05
v15998 0.0634803 -0.107962 0.000360974
v15999 0.0809669 -0.117198 4.90789e-05
v16000 0.0632131 -0.107966 0.000406657
v16001 0.0646898 -0.10355 0.000552783
v16002 0.0629561 -0.107964 0.000480163
v16003 0.0657286 -0.103557 0.000272375
v16004 0.0626987 -0.107961 0.000552655
v16005 0.0682449 -0.103541 -0.000260066
v16006 0.0624412 -0.107959 0.000625045
v16007 0.0686507 -0.103532 -0.000322289
v16008 0.0410315 -0.132761 0.0145784
v16009 0.0683532 -0.130036 0.00452664
v16010 0.0417945 -0.132773 0.0142793
v16011 0.0680842 -0.13004 0.00456524
v16012 0.0425628 -0.132783 0.0140027
v16013 0.0678137 -0.130045 0.00459987
v16014 0.0432043 -0.13279 0.0137789
v16015 0.0675443 -0.13005 0.00463713
v16016 0.0439696 -0.1328 0.0134961
v16017 0.0672803 -0.130052 0.0046888
v16018 0.0447375 -0.132809 0.0132252
v16019 0.0478049 -0.132843 0.0121491
v16020 0.0687857 -0.10353 -0.000343772
v16021 0.0670153 -0.130055 0.00473791
v16022 0.0690566 -0.103524 -0.000384526
v16023 0.0667497 -0.130058 0.00478519
v16024 0.0485712 -0.132851 0.011884
v16025 0.0664856 -0.130061 0.00483666
v16026 0.0493299 -0.132862 0.0115953
v16027 0.0662193 -0.130064 0.00488218
v16028 0.0500966 -0.13287 0.0113356
v16029 0.0509985 -0.132874 0.0110595
v16030 0.0511263 -0.132875 0.0110166
v16031 0.0656844 -0.130072 0.00496647
v16032 0.0513844 -0.132877 0.0109395
v16033 0.0517574 -0.132885 0.0107783
v16034 0.0652836 -0.130077 0.00503061
v16035 0.0693255 -0.10352 -0.000430264
v16036 0.059458 -0.130082 0.00651646
v16037 0.0522633 -0.132891 0.0105921
v16038 0.0549947 -0.128374 0.00735198
v16039 0.052509 -0.132898 0.0104762
v16040 0.0527576 -0.132903 0.01037
v16041 0.0582898 -0.130084 0.0068089
v16042 0.0530105 -0.132906 0.0102778
v16043 0.0580434 -0.130078 0.00691315
v16044 0.0531336 -0.13291 0.010221
v16045 0.0577928 -0.130074 0.00700537
v16046 0.057668 -0.130072 0.00705306
v16047 0.0575399 -0.130071 0.00709099
v16048 0.0532589 -0.132912 0.0101713
v16049 0.0572938 -0.130066 0.00719692
v16050 0.0536329 -0.132919 0.0100172
v16051 0.0537589 -0.132921 0.00997009
v16052 0.0569156 -0.130061 0.0073294
v16053 0.0538855 -0.132922 0.0099248
v16054 0.0566559 -0.130061 0.00739536
v16055 0.0541371 -0.132926 0.00982976
v16056 0.0563997 -0.13006 0.00747176
v16057 0.0543883 -0.13293 0.00973373
v16058 0.0561439 -0.130058 0.00754929
v16059 0.0560204 -0.130055 0.00760177
v16060 0.0558951 -0.130053 0.0076488
v16061 0.0545137 -0.132932 0.00968504
v16062 0.0556462 -0.130048 0.00774788
v16063 0.0546426 -0.132932 0.00964745
v16064 0.0553949 -0.130045 0.00784003
v16065 0.0549018 -0.132932 0.0095769
v16066 0.0551439 -0.130041 0.0079336
v16067 0.0551496 -0.132938 0.00947076
v16068 0.0696037 -0.103509 -0.000452457
v16069 0.0547666 -0.130035 0.00807148
v16070 0.0546408 -0.130033 0.00811767
v16071 0.0545163 -0.130031 0.00816776
v16072 0.0552751 -0.132939 0.00942283
v16073 0.0542687 -0.130025 0.00827242
v16074 0.0698794 -0.1035 -0.00048098
v16075 0.0540226 -0.130019 0.00838236
v16076 0.0700141 -0.103498 -0.000503354
v16077 0.0702875 -0.103491 -0.00053818
v16078 0.0434887 -0.132169 0.0132554
v16079 0.0411861 -0.13214 0.0140837
v16080 0.040551 -0.132129 0.0143348
v16081 0.0532695 -0.130006 0.00866728
v16082 0.0404232 -0.132128 0.0143825
v16083 0.0397797 -0.132121 0.0146044
v16084 0.0382362 -0.132103 0.015147
v16085 0.0374617 -0.132095 0.0154109
v16086 0.0704235 -0.103487 -0.000557387
v16087 0.0525059 -0.129999 0.00892144
v16088 0.0705642 -0.103481 -0.00056468
v16089 0.0708412 -0.103472 -0.000590453
v16090 0.0711185 -0.103462 -0.000615857
v16091 0.0713999 -0.103449 -0.000631113
v16092 0.0609057 -0.1033 0.00191961
v16093 0.06167 -0.103318 0.00166044
v16094 0.0378892 -0.115509 0.0101603
v16095 0.0625615 -0.103339 0.00135994
v16096 0.0633186 -0.103361 0.00108491
v16097 0.0638196 -0.103379 0.000892328
v16098 0.0642005 -0.103388 0.000762634
v16099 0.050995 -0.129974 0.0094878
v16100 0.0644589 -0.103391 0.000688446
v16101 0.0647155 -0.103395 0.000609405
v16102 0.0649739 -0.103398 0.000535481
v16103 0.0652304 -0.103402 0.000456405
v16104 0.0654929 -0.103402 0.000393748
v16105 0.0657536 -0.103403 0.000326184
v16106 0.0500956 -0.129969 0.00976344
v16107 0.0660165 -0.103403 0.000264742
v16108 0.0662769 -0.103405 0.000196583
v16109 0.0665411 -0.103403 0.000138492
v16110 0.0668036 -0.103403 7.59343e-05
v16111 0.0670681 -0.103402 1.85317e-05
v16112 0.0493273 -0.129962 0.0100099
v16113 0.0672008 -0.103401 -8.81283e-06
v16114 0.0673326 -0.1034 -3.85137e-05
v16115 0.0675976 -0.103399 -9.45996e-05
v16116 0.0678642 -0.103396 -0.000146358
v16117 0.0681362 -0.103389 -0.000184044
v16118 0.0684037 -0.103386 -0.000233509
v16119 0.0484359 -0.129952 0.0103163
v16120 0.0792932 -0.115706 -0.000346089
v16121 0.0791428 -0.115716 -0.000361464
v16122 0.0788567 -0.115729 -0.000358044
v16123 0.07856 -0.115747 -0.000379751
v16124 0.07827 -0.115762 -0.000385923
v16125 0.0620521 -0.107958 0.000725658
v16126 0.07798 -0.115777 -0.000392589
v16127 0.0778359 -0.115784 -0.000394117
v16128 0.0777778 -0.132225 0.00480598
v16129 0.0774989 -0.132232 0.00482584
v16130 0.0470399 -0.129932 0.0108199
v16131 0.0772229 -0.132238 0.00485253
v16132 0.061792 -0.107957 0.000791073
v16133 0.0616648 -0.107955 0.000831866
v16134 0.0615343 -0.107955 0.000863347
v16135 0.0769447 -0.132245 0.00487385
v16136 0.0612702 -0.107957 0.000917522
v16137 0.076666 -0.132252 0.00489351
v16138 0.0610111 -0.107956 0.00098588
v16139 0.0763886 -0.132258 0.00491649
v16140 0.060756 -0.107952 0.00106558
v16141 0.0606294 -0.107949 0.00110803
v16142 0.0684816 -0.128362 0.00394885
v16143 0.0761145 -0.132264 0.00494713
v16144 0.0605007 -0.107948 0.00114494
v16145 0.0758291 -0.132273 0.00494986
v16146 0.0602435 -0.107945 0.00121899
v16147 0.0756866 -0.132278 0.00495175
v16148 0.0692888 -0.128348 0.00383319
v16149 0.0754066 -0.132286 0.00496752
v16150 0.0695613 -0.128342 0.00380366
v16151 0.0751217 -0.132295 0.00497085
v16152 0.074835 -0.132305 0.00496963
v16153 0.0729031 -0.13235 0.00514111
v16154 0.0700968 -0.128334 0.00371898
v16155 0.0726292 -0.132356 0.00517014
v16156 0.0703691 -0.128328 0.00368831
v16157 0.0782947 -0.117224 -0.000159574
v16158 0.0706409 -0.128323 0.00365636
v16159 0.0784416 -0.117216 -0.000151756
v16160 0.0709121 -0.128317 0.00362278
v16161 0.0787378 -0.117198 -0.000130414
v16162 0.0711868 -0.128311 0.00359777
v16163 0.080367 -0.117102 -2.08172e-05
v16164 0.0714581 -0.128305 0.00356412
v16165 0.070586 -0.103331 -0.000523556
v16166 0.0717282 -0.1283 0.00352709
v16167 0.0718634 -0.128298 0.00350917
v16168 0.0719992 -0.128295 0.00349241
v16169 0.0602884 -0.103133 0.00218124
v16170 0.0722743 -0.128288 0.00346797
v16171 0.0604129 -0.103138 0.00212924
v16172 0.0725486 -0.128282 0.00344131
v16173 0.0606677 -0.103144 0.00204215
v16174 0.0609206 -0.103152 0.00194997
v16175 0.0611768 -0.103157 0.00186734
v16176 0.0614293 -0.103165 0.00177431
v16177 0.0555275 -0.132943 0.00933181
v16178 0.0557795 -0.132946 0.00923931
v16179 0.0560305 -0.13295 0.00914416
v16180 0.0599927 -0.107938 0.00131118
v16181 0.0616861 -0.103169 0.00169366
v16182 0.0562876 -0.132951 0.00906822
v16183 0.0619363 -0.103179 0.00159491
v16184 0.056544 -0.132952 0.00899002
v16185 0.0598685 -0.107934 0.00136094
v16186 0.0567969 -0.132955 0.00890129
v16187 0.0570536 -0.132956 0.00882433
v16188 0.05731 -0.132957 0.00874644
v16189 0.0575567 -0.132963 0.00863978
v16190 0.0576776 -0.132966 0.00857911
v16191 0.0579239 -0.132972 0.00847178
v16192 0.0581757 -0.132975 0.00838119
v16193 0.0596158 -0.107928 0.00144831
v16194 0.0582995 -0.132977 0.00832952
v16195 0.0757431 -0.128193 0.0032222
v16196 0.0584227 -0.13298 0.0082764
v16197 0.0593643 -0.107921 0.0015391
v16198 0.0586765 -0.132982 0.00819216
v16199 0.0591136 -0.107914 0.00163264
v16200 0.0589359 -0.132982 0.00812451
v16201 0.0588624 -0.107907 0.0017249
v16202 0.0590678 -0.132981 0.00809722
v16203 0.0586119 -0.107899 0.00181925
v16204 0.0593207 -0.132983 0.00801082
v16205 0.0583577 -0.107894 0.0019035
v16206 0.0595743 -0.132986 0.00792636
v16207 0.0581061 -0.107887 0.00199528
v16208 0.0598272 -0.132988 0.00784024
v16209 0.0599555 -0.132989 0.00780268
v16210 0.072614 -0.107931 -0.00108271
v16211 0.0600846 -0.132989 0.00776728
v16212 0.078143 -0.128115 0.0031371
v16213 0.0621974 -0.10318 0.00152657
v16214 0.0784238 -0.128106 0.00312223
v16215 0.0624456 -0.103191 0.00142246
v16216 0.0627014 -0.103196 0.00133971
v16217 0.0724764 -0.107936 -0.00106885
v16218 0.0628234 -0.103203 0.00128208
v16219 0.0716342 -0.107972 -0.00102801
v16220 0.0630685 -0.103216 0.00117037
v16221 0.0713579 -0.107981 -0.00100372
v16222 0.0613556 -0.132998 0.00735887
v16223 0.0710834 -0.107989 -0.000975187
v16224 0.0616139 -0.132998 0.00728926
v16225 0.0617446 -0.132998 0.00725905
v16226 0.0620055 -0.132997 0.00719688
v16227 0.0633282 -0.103218 0.00109874
v16228 0.0634529 -0.103223 0.00104896
v16229 0.0635791 -0.103226 0.00100348
v16230 0.0638334 -0.103232 0.000917442
v16231 0.0631676 -0.132997 0.00688504
v16232 0.0632998 -0.132996 0.00685918
v16233 0.0640932 -0.103234 0.000846606
v16234 0.0642138 -0.103242 0.000786114
v16235 0.0643417 -0.103244 0.00074543
v16236 0.0640797 -0.132994 0.00666654
v16237 0.0643415 -0.132993 0.00660757
v16238 0.0647278 -0.10325 0.000629929
v16239 0.0649844 -0.103254 0.000551138
v16240 0.0649904 -0.132992 0.00644485
v16241 0.0652558 -0.132989 0.00639569
v16242 0.0655188 -0.132987 0.00634018
v16243 0.0657801 -0.132986 0.00627975
v16244 0.066044 -0.132984 0.00622682
v16245 0.0661761 -0.132982 0.00620054
v16246 0.0663136 -0.132979 0.00618915
v16247 0.0665831 -0.132975 0.00615097
v16248 0.0668486 -0.132972 0.00610215
v16249 0.0671178 -0.132968 0.00606302
v16250 0.0673921 -0.132962 0.00603761
v16251 0.067663 -0.132957 0.00600288
v16252 0.067933 -0.132953 0.0059655
v16253 0.0682053 -0.132947 0.00593433
v16254 0.034127 -0.128006 0.01432
v16255 0.0651135 -0.103256 0.000513763
v16256 0.0343833 -0.128011 0.0142248
v16257 0.0690165 -0.132934 0.00582497
v16258 0.0346398 -0.128015 0.014131
v16259 0.069289 -0.132928 0.00579382
v16260 0.0348963 -0.128019 0.0140376
v16261 0.0682711 -0.13244 0.00568073
v16262 0.0351514 -0.128024 0.0139383
v16263 0.0679977 -0.132446 0.00570876
v16264 0.0673185 -0.132459 0.00578984
v16265 0.0355364 -0.128029 0.0138
v16266 0.035665 -0.128031 0.0137554
v16267 0.0357939 -0.128033 0.0137119
v16268 0.0671796 -0.132462 0.00579771
v16269 0.0360485 -0.128038 0.0136117
v16270 0.0709092 -0.132902 0.00556562
v16271 0.0363031 -0.128043 0.0135122
v16272 0.0711849 -0.132896 0.00554181
v16273 0.0365565 -0.128048 0.0134086
v16274 0.0714614 -0.132889 0.00551994
v16275 0.0368099 -0.128054 0.0133049
v16276 0.0669084 -0.132467 0.00583104
v16277 0.0370608 -0.128061 0.0131916
v16278 0.0666387 -0.132472 0.00586846
v16279 0.0373126 -0.128067 0.0130828
v16280 0.0663698 -0.132476 0.00590778
v16281 0.0375578 -0.128078 0.0129482
v16282 0.0376825 -0.128082 0.0128894
v16283 0.0661007 -0.13248 0.00594646
v16284 0.0379333 -0.128089 0.0127776
v16285 0.0624404 -0.132498 0.0067816
v16286 0.0381836 -0.128096 0.0126643
v16287 0.0565866 -0.132455 0.00865185
v16288 0.0557007 -0.132446 0.00895924
v16289 0.0553233 -0.13244 0.00909898
v16290 0.055066 -0.132439 0.00917466
v16291 0.0549386 -0.132438 0.00921649
v16292 0.0389599 -0.128102 0.0124252
v16293 0.0548166 -0.132435 0.00927529
v16294 0.0392238 -0.1281 0.0123655
v16295 0.0545572 -0.132435 0.0093448
v16296 0.0394874 -0.128099 0.0123048
v16297 0.053187 -0.132408 0.00990845
v16298 0.0397521 -0.128098 0.0122483
v16299 0.0678849 -0.117441 0.000530649
v16300 0.0681802 -0.117421 0.000561544
v16301 0.0793036 -0.117042 -0.000166916
v16302 0.0796029 -0.117023 -0.000139702
v16303 0.0797511 -0.117014 -0.000129588
v16304 0.0800564 -0.116992 -8.90303e-05
v16305 0.0803639 -0.116969 -4.36462e-05
v16306 0.0806619 -0.116951 -2.09864e-05
v16307 0.066219 -0.108097 -0.000284673
v16308 0.0809642 -0.116931 1.13157e-05
v16309 0.0652414 -0.103258 0.000473234
v16310 0.0655051 -0.103257 0.000413613
v16311 0.0657652 -0.103259 0.000344393
v16312 0.0660259 -0.10326 0.000276742
v16313 0.0661569 -0.10326 0.000244673
v16314 0.0662883 -0.10326 0.000213757
v16315 0.066552 -0.103259 0.00015423
v16316 0.0668137 -0.10326 8.93604e-05
v16317 0.0670777 -0.103259 3.06326e-05
v16318 0.0673462 -0.103255 -1.63139e-05
v16319 0.0676106 -0.103254 -7.38087e-05
v16320 0.0678763 -0.103251 -0.000128208
v16321 0.0681475 -0.103245 -0.000167989
v16322 0.0684183 -0.10324 -0.000209117
v16323 0.0686856 -0.103236 -0.000259364
v16324 0.0688197 -0.103235 -0.000283353
v16325 0.0689543 -0.103232 -0.000306029
v16326 0.0692248 -0.103227 -0.000348075
v16327 0.0694992 -0.103219 -0.000380308
v16328 0.0697756 -0.10321 -0.000407329
v16329 0.0700534 -0.103199 -0.000431246
v16330 0.0703256 -0.103193 -0.000469306
v16331 0.0705997 -0.103185 -0.000502674
v16332 0.0708764 -0.103176 -0.000529877
v16333 0.0710153 -0.103171 -0.000541871
v16334 0.0611921 -0.103009 0.00189872
v16335 0.0619533 -0.10303 0.00163041
v16336 0.0808023 -0.115738 -0.000171403
v16337 0.0804994 -0.115759 -0.000204962
v16338 0.0801952 -0.11578 -0.000241634
v16339 0.0798936 -0.115801 -0.000273153
v16340 0.0797423 -0.115811 -0.000290066
v16341 0.0673577 -0.103111 6.66305e-07
v16342 0.0507943 -0.132371 0.0108204
v16343 0.0476055 -0.132337 0.0119216
v16344 0.0463288 -0.132323 0.0123685
v16345 0.0460735 -0.13232 0.0124587
v16346 0.0453014 -0.132314 0.012709
v16347 0.0450492 -0.132309 0.0128113
v16348 0.0447953 -0.132305 0.0129078
v16349 0.044538 -0.132303 0.0129925
v16350 0.044282 -0.1323 0.013082
v16351 0.0440254 -0.132298 0.0131699
v16352 0.0437663 -0.132296 0.0132487
v16353 0.0435064 -0.132295 0.0133247
v16354 0.0432506 -0.132292 0.0134158
v16355 0.042867 -0.132288 0.0135536
v16356 0.0472483 -0.128144 0.00999924
v16357 0.0426089 -0.132286 0.013637
v16358 0.0423509 -0.132283 0.0137212
v16359 0.0420972 -0.132279 0.0138214
v16360 0.0418433 -0.132275 0.0139211
v16361 0.0415898 -0.13227 0.0140228
v16362 0.0414622 -0.132268 0.0140703
v16363 0.0413338 -0.132267 0.0141153
v16364 0.0724132 -0.132872 0.00540159
v16365 0.0725522 -0.132868 0.00539225
v16366 0.0728349 -0.132859 0.00538511
v16367 0.0410821 -0.132261 0.0142244
v16368 0.0406959 -0.132257 0.0143561
v16369 0.0731147 -0.132852 0.00537059
v16370 0.0733957 -0.132844 0.005359
v16371 0.0767381 -0.132759 0.00512792
v16372 0.076877 -0.132755 0.0051168
v16373 0.0771526 -0.13275 0.0050892
v16374 0.0591029 -0.108057 0.00161279
v16375 0.0774398 -0.13274 0.00508954
v16376 0.0777201 -0.132732 0.00507284
v16377 0.0613354 -0.102863 0.00188831
v16378 0.0614628 -0.102866 0.00184482
v16379 0.0617169 -0.102873 0.00175632
v16380 0.0583452 -0.108039 0.00187792
v16381 0.0619686 -0.102882 0.00166102
v16382 0.0620923 -0.102887 0.00160751
v16383 0.0622181 -0.102891 0.00156016
v16384 0.0624667 -0.102902 0.001457
v16385 0.0627163 -0.102912 0.00135678
v16386 0.0628431 -0.102915 0.0013122
v16387 0.0630948 -0.102923 0.00121827
v16388 0.0633481 -0.10293 0.00112892
v16389 0.0394787 -0.132613 0.0150792
v16390 0.0398612 -0.132619 0.0149303
v16391 0.0401187 -0.132622 0.0148413
v16392 0.0403737 -0.132626 0.0147426
v16393 0.0406319 -0.132628 0.0146565
v16394 0.0407554 -0.132632 0.0145924
v16395 0.0709447 -0.10813 -0.000950652
v16396 0.0708068 -0.108134 -0.000938236
v16397 0.0408835 -0.132634 0.0145458
v16398 0.0705262 -0.108146 -0.000925464
v16399 0.0411394 -0.132638 0.0144517
v16400 0.0702465 -0.108158 -0.000910458
v16401 0.0413954 -0.132641 0.0143583
v16402 0.0699722 -0.108167 -0.00088229
v16403 0.041524 -0.132642 0.014314
v16404 0.0697003 -0.108173 -0.00084798
v16405 0.0416529 -0.132643 0.0142706
v16406 0.0694295 -0.10818 -0.000810933
v16407 0.0419024 -0.13265 0.0141537
v16408 0.0691598 -0.108185 -0.000771173
v16409 0.0421572 -0.132654 0.0140566
v16410 0.0688945 -0.108188 -0.000720206
v16411 0.0422866 -0.132655 0.0140158
v16412 0.0686304 -0.10819 -0.00066619
v16413 0.04254 -0.132659 0.013914
v16414 0.0683662 -0.108193 -0.000612587
v16415 0.0427943 -0.132663 0.0138161
v16416 0.042924 -0.132664 0.0137766
v16417 0.0430545 -0.132664 0.0137401
v16418 0.0551083 -0.128248 0.00725933
v16419 0.0433094 -0.132668 0.0136449
v16420 0.0680991 -0.108197 -0.000566244
v16421 0.0435622 -0.132672 0.0135421
v16422 0.0678268 -0.108204 -0.00053363
v16423 0.0436884 -0.132675 0.0134902
v16424 0.0675537 -0.108212 -0.000503172
v16425 0.0438207 -0.132674 0.0134608
v16426 0.0672891 -0.108214 -0.000450682
v16427 0.0440793 -0.132676 0.0133796
v16428 0.0670232 -0.108218 -0.000401496
v16429 0.0443345 -0.132679 0.0132864
v16430 0.0444628 -0.13268 0.0132425
v16431 0.077609 -0.129936 0.00378568
v16432 0.0774733 -0.129939 0.00380431
v16433 0.0447183 -0.132683 0.013151
v16434 0.0667529 -0.108224 -0.00036404
v16435 0.0404413 -0.132253 0.0144548
v16436 0.0664819 -0.10823 -0.000328519
v16437 0.0401866 -0.132249 0.0145538
v16438 0.0662154 -0.108234 -0.000281274
v16439 0.0660825 -0.108236 -0.000256551
v16440 0.0659486 -0.108238 -0.000234611
v16441 0.0400579 -0.132248 0.0145985
v16442 0.0656859 -0.10824 -0.000177178
v16443 0.0399287 -0.132247 0.014641
v16444 0.0396709 -0.132244 0.0147285
v16445 0.0394147 -0.132241 0.0148227
v16446 0.0386442 -0.132231 0.0150995
v16447 0.0385177 -0.132228 0.0151535
v16448 0.0382578 -0.132227 0.0152344
v16449 0.0379996 -0.132224 0.0153221
v16450 0.0634728 -0.102935 0.00107887
v16451 0.0652929 -0.108241 -8.83801e-05
v16452 0.0635972 -0.10294 0.00102838
v16453 0.0638638 -0.102937 0.000975669
v16454 0.0641243 -0.102939 0.00090643
v16455 0.0742714 -0.130025 0.00402341
v16456 0.0643719 -0.10295 0.000802137
v16457 0.0739941 -0.130032 0.004044
v16458 0.0646244 -0.102957 0.000711672
v16459 0.0648807 -0.102962 0.000631321
v16460 0.0652632 -0.10297 0.000506302
v16461 0.06553 -0.102967 0.000454477
v16462 0.0657898 -0.102969 0.000384058
v16463 0.0731609 -0.130054 0.0041015
v16464 0.066049 -0.102971 0.000312275
v16465 0.0728875 -0.13006 0.0041314
v16466 0.06631 -0.102972 0.000245295
v16467 0.0726203 -0.130064 0.0041764
v16468 0.0665742 -0.102971 0.000186762
v16469 0.0723511 -0.130068 0.00421669
v16470 0.0678835 -0.117308 0.000513698
v16471 0.0720789 -0.130073 0.00424896
v16472 0.0681822 -0.117287 0.000553597
v16473 0.0718077 -0.130078 0.00428376
v16474 0.0782937 -0.116957 -0.00019256
v16475 0.0715339 -0.130084 0.00431196
v16476 0.0713984 -0.130087 0.00432938
v16477 0.0712613 -0.13009 0.00434301
v16478 0.0784367 -0.11695 -0.000193813
v16479 0.0709905 -0.130095 0.00437841
v16480 0.0787245 -0.116937 -0.000192371
v16481 0.0707202 -0.1301 0.00441512
v16482 0.0790083 -0.116925 -0.000200669
v16483 0.0704481 -0.130105 0.00444696
v16484 0.0809606 -0.116799 -1.27527e-05
v16485 0.0668348 -0.102973 0.000118749
v16486 0.0650318 -0.108241 -2.68086e-05
v16487 0.0648999 -0.108242 4.21657e-07
v16488 0.064769 -0.108243 3.03816e-05
v16489 0.0670995 -0.102971 6.14259e-05
v16490 0.0645118 -0.10824 0.000102796
v16491 0.0673692 -0.102966 1.75779e-05
v16492 0.0642511 -0.10824 0.000165647
v16493 0.0675027 -0.102965 -8.0037e-06
v16494 0.0639899 -0.108241 0.000227397
v16495 0.0676355 -0.102964 -3.5393e-05
v16496 0.0637285 -0.108241 0.000288405
v16497 0.0679014 -0.102962 -8.93777e-05
v16498 0.0681733 -0.102955 -0.000127844
v16499 0.0682338 -0.130165 0.00459871
v16500 0.0680986 -0.130167 0.00461616
v16501 0.0684448 -0.102949 -0.00016744
v16502 0.0687114 -0.102946 -0.000219764
v16503 0.0689804 -0.102942 -0.000265989
v16504 0.0691174 -0.102938 -0.000282745
v16505 0.0692548 -0.102934 -0.000298436
v16506 0.0695291 -0.102926 -0.000331112
v16507 0.0614795 -0.102717 0.00188003
v16508 0.063628 -0.102781 0.00110012
v16509 0.0643905 -0.1028 0.000840059
v16510 0.0651585 -0.102814 0.000596385
v16511 0.0663332 -0.10282 0.000293508
v16512 0.0664962 -0.130189 0.00487764
v16513 0.079894 -0.115935 -0.000256441
v16514 0.079291 -0.115975 -0.000320335
v16515 0.079144 -0.115984 -0.000327562
v16516 0.0788567 -0.115997 -0.000327215
v16517 0.0785613 -0.116015 -0.00034598
v16518 0.0781341 -0.116033 -0.000337249
v16519 0.0779941 -0.116038 -0.000328956
v16520 0.0676633 -0.102808 2.39292e-05
v16521 0.0692757 -0.102784 -0.000258356
v16522 0.0613702 -0.102563 0.00196266
v16523 0.0617497 -0.102575 0.00182434
v16524 0.0648953 -0.130211 0.00514084
v16525 0.061997 -0.102587 0.0017164
v16526 0.0622488 -0.102595 0.00162143
v16527 0.0624968 -0.102606 0.00151614
v16528 0.0694159 -0.128216 0.00378141
v16529 0.0627496 -0.102614 0.00142453
v16530 0.0630029 -0.102621 0.00133429
v16531 0.0632561 -0.102628 0.00124439
v16532 0.0776535 -0.132356 0.0048673
v16533 0.0775148 -0.132359 0.00487914
v16534 0.0772394 -0.132365 0.00490725
v16535 0.0737473 -0.132458 0.00512335
v16536 0.0736103 -0.132461 0.00513804
v16537 0.0734744 -0.132463 0.00515556
v16538 0.0732009 -0.132468 0.00518613
v16539 0.0729218 -0.132476 0.00520238
v16540 0.0726438 -0.132483 0.00522106
v16541 0.0684268 -0.132563 0.00572988
v16542 0.0682896 -0.132566 0.00574255
v16543 0.0680168 -0.132571 0.00577239
v16544 0.0715802 -0.128175 0.00349898
v16545 0.0677458 -0.132576 0.00580665
v16546 0.0449762 -0.132685 0.0130681
v16547 0.0452304 -0.132689 0.0129725
v16548 0.0454824 -0.132694 0.0128692
v16549 0.0457379 -0.132697 0.0127789
v16550 0.0663865 -0.132602 0.0059655
v16551 0.0459956 -0.132698 0.0126964
v16552 0.0462525 -0.132701 0.0126111
v16553 0.0465066 -0.132704 0.0125166
v16554 0.0467642 -0.132706 0.0124344
v16555 0.0468926 -0.132707 0.0123918
v16556 0.0471466 -0.132711 0.0122974
v16557 0.0474023 -0.132713 0.0122093
v16558 0.073499 -0.12813 0.00330871
v16559 0.0736396 -0.128126 0.00330372
v16560 0.0476588 -0.132716 0.0121242
v16561 0.0739157 -0.128119 0.00328088
v16562 0.047914 -0.132718 0.0120347
v16563 0.0481683 -0.132722 0.0119422
v16564 0.0484266 -0.132723 0.0118639
v16565 0.0744751 -0.128102 0.00325231
v16566 0.074613 -0.128098 0.00324026
v16567 0.04868 -0.132727 0.011769
v16568 0.0748903 -0.128091 0.00321949
v16569 0.0490582 -0.132733 0.0116207
v16570 0.0751668 -0.128083 0.00319686
v16571 0.0499498 -0.132743 0.011308
v16572 0.0754474 -0.128075 0.00318399
v16573 0.0507237 -0.132747 0.0110741
v16574 0.0757284 -0.128066 0.00317169
v16575 0.0514881 -0.132755 0.0108106
v16576 0.0634664 -0.108242 0.000347594
v16577 0.0661165 -0.132607 0.00600183
v16578 0.0632029 -0.108244 0.000403057
v16579 0.0681807 -0.117154 0.000536571
v16580 0.0629433 -0.108243 0.000469263
v16581 0.0523746 -0.132766 0.0104887
v16582 0.0626836 -0.108242 0.00053528
v16583 0.0625566 -0.10824 0.000576025
v16584 0.0624293 -0.108238 0.000616109
v16585 0.0792989 -0.116776 -0.000208768
v16586 0.0621683 -0.108238 0.000678712
v16587 0.0534855 -0.132793 0.0099877
v16588 0.0542398 -0.132804 0.00970093
v16589 0.0617767 -0.108238 0.000772099
v16590 0.0550021 -0.132811 0.00944131
v16591 0.0795972 -0.116757 -0.000184057
v16592 0.0797468 -0.116748 -0.00017071
v16593 0.0800495 -0.116727 -0.000136041
v16594 0.0557609 -0.13282 0.00917281
v16595 0.056523 -0.132827 0.00891625
v16596 0.0616492 -0.108236 0.000811863
v16597 0.0615188 -0.108236 0.000843446
v16598 0.0803545 -0.116706 -9.68188e-05
v16599 0.0612563 -0.108237 0.000901832
v16600 0.0806581 -0.116685 -6.1265e-05
v16601 0.0609972 -0.108236 0.000970093
v16602 0.0809597 -0.116665 -3.07784e-05
v16603 0.0607422 -0.108232 0.00104965
v16604 0.0606159 -0.108229 0.00109291
v16605 0.0604888 -0.108227 0.001134
v16606 0.0587891 -0.132856 0.00809745
v16607 0.0602301 -0.108225 0.00120372
v16608 0.0636376 -0.102638 0.00111408
v16609 0.0599803 -0.108218 0.00129856
v16610 0.0637661 -0.10264 0.00107427
v16611 0.0597264 -0.108213 0.00138211
v16612 0.0638927 -0.102643 0.0010296
v16613 0.0641468 -0.10265 0.000942438
v16614 0.0593481 -0.108204 0.00151502
v16615 0.0644032 -0.102654 0.000861823
v16616 0.0590973 -0.108196 0.00160781
v16617 0.058973 -0.108192 0.00165752
v16618 0.0588471 -0.108189 0.00170277
v16619 0.0646602 -0.102658 0.00078303
v16620 0.0585906 -0.108185 0.00177965
v16621 0.0649153 -0.102664 0.000699281
v16622 0.058339 -0.108179 0.00187076
v16623 0.0582116 -0.108176 0.00191182
v16624 0.058089 -0.108171 0.0019671
v16625 0.0651717 -0.102669 0.000619166
v16626 0.0578392 -0.108163 0.00206404
v16627 0.065429 -0.102672 0.000541501
v16628 0.0655605 -0.102672 0.000510446
v16629 0.0656929 -0.102672 0.00048164
v16630 0.0660793 -0.102677 0.000366719
v16631 0.0663441 -0.102676 0.000309554
v16632 0.0666082 -0.102675 0.00025028
v16633 0.0668712 -0.102675 0.000188214
v16634 0.0671363 -0.102673 0.00013193
v16635 0.0674083 -0.102667 9.34976e-05
v16636 0.0676742 -0.102664 3.89073e-05
v16637 0.0679401 -0.102662 -1.55737e-05
v16638 0.0347603 -0.127886 0.0140514
v16639 0.0682117 -0.102656 -5.51426e-05
v16640 0.0684816 -0.102651 -9.94235e-05
v16641 0.068748 -0.102649 -0.000152543
v16642 0.0690188 -0.102643 -0.000194453
v16643 0.0692918 -0.102636 -0.000230763
v16644 0.0695629 -0.102631 -0.000272139
v16645 0.0610087 -0.102401 0.00214064
v16646 0.0617648 -0.102427 0.00185469
v16647 0.0620144 -0.102437 0.00175312
v16648 0.0622644 -0.102447 0.00165276
v16649 0.0623898 -0.102451 0.00160397
v16650 0.0368824 -0.116572 0.0106262
v16651 0.0573714 -0.132586 0.00847663
v16652 0.0572459 -0.132584 0.0085234
v16653 0.0569919 -0.132582 0.00860797
v16654 0.056865 -0.132581 0.00865079
v16655 0.0369289 -0.127926 0.0132205
v16656 0.056736 -0.13258 0.00868715
v16657 0.056483 -0.132577 0.00877519
v16658 0.0561002 -0.132575 0.00889736
v16659 0.0559714 -0.132574 0.00893473
v16660 0.0558525 -0.13257 0.00900216
v16661 0.0555967 -0.132568 0.00908233
v16662 0.0553473 -0.132563 0.00918255
v16663 0.055221 -0.132562 0.00922775
v16664 0.0380485 -0.127963 0.0126794
v16665 0.0550931 -0.132561 0.00926785
v16666 0.0548441 -0.132556 0.0093699
v16667 0.0545822 -0.132557 0.00943189
v16668 0.0543217 -0.132558 0.00949831
v16669 0.0534473 -0.132542 0.00984927
v16670 0.0532111 -0.132531 0.00999372
v16671 0.0530872 -0.132528 0.0100475
v16672 0.0529644 -0.132525 0.010105
v16673 0.0524599 -0.132518 0.0102935
v16674 0.0523443 -0.132511 0.0103747
v16675 0.0519673 -0.132505 0.0105215
v16676 0.0517104 -0.132504 0.0106017
v16677 0.051583 -0.132502 0.0106452
v16678 0.0513329 -0.132498 0.0107477
v16679 0.0510721 -0.132498 0.0108157
v16680 0.0630156 -0.102475 0.00135715
v16681 0.0679531 -0.102517 4.96275e-06
v16682 0.0812666 -0.115971 -6.76726e-05
v16683 0.0809622 -0.115992 -0.000103755
v16684 0.08081 -0.116003 -0.000122182
v16685 0.0805042 -0.116025 -0.000162443
v16686 0.0801984 -0.116047 -0.00020302
v16687 0.0798941 -0.116069 -0.000240641
v16688 0.0570594 -0.130188 0.00734867
v16689 0.0795955 -0.116088 -0.000265604
v16690 0.0508146 -0.132496 0.0108947
v16691 0.0504272 -0.132495 0.0110094
v16692 0.050177 -0.13249 0.011113
v16693 0.0499177 -0.132489 0.0111865
v16694 0.0496587 -0.132488 0.0112613
v16695 0.0494019 -0.132486 0.0113436
v16696 0.0492806 -0.132482 0.0114083
v16697 0.0491525 -0.132481 0.0114508
v16698 0.0488978 -0.132478 0.0115403
v16699 0.0482638 -0.132469 0.0117749
v16700 0.0480025 -0.132469 0.0118433
v16701 0.0474967 -0.132462 0.0120373
v16702 0.0472439 -0.132457 0.0121352
v16703 0.046722 -0.132457 0.0122753
v16704 0.0455805 -0.13244 0.0127079
v16705 0.0448127 -0.132432 0.0129756
v16706 0.0439104 -0.132425 0.0132669
v16707 0.0431425 -0.132416 0.0135386
v16708 0.0423676 -0.13241 0.0137874
v16709 0.067732 -0.117053 0.000461791
v16710 0.0678782 -0.117044 0.000473651
v16711 0.0785712 -0.11668 -0.000245822
v16712 0.0540361 -0.130146 0.00843346
v16713 0.0787124 -0.116675 -0.000251581
v16714 0.0537867 -0.130141 0.00853358
v16715 0.0790028 -0.11666 -0.00024454
v16716 0.0615931 -0.132873 0.00721854
v16717 0.0534108 -0.130135 0.00867817
v16718 0.0695776 -0.102484 -0.000248349
v16719 0.0531591 -0.130131 0.00877177
v16720 0.0625279 -0.10231 0.00157837
v16721 0.0528986 -0.130131 0.00883746
v16722 0.0627778 -0.102319 0.0014782
v16723 0.052643 -0.130129 0.00891866
v16724 0.0525212 -0.130125 0.00897862
v16725 0.0523929 -0.130124 0.00901774
v16726 0.0630267 -0.10233 0.00137555
v16727 0.0521347 -0.130124 0.00909143
v16728 0.0631517 -0.102335 0.00132596
v16729 0.051872 -0.130125 0.00915051
v16730 0.0632824 -0.102335 0.00129193
v16731 0.0635374 -0.102341 0.00120666
v16732 0.0644271 -0.102364 0.000901683
v16733 0.0657596 -0.132861 0.00621183
v16734 0.0512556 -0.130108 0.00942935
v16735 0.0511281 -0.130107 0.00947169
v16736 0.0510035 -0.130104 0.00952335
v16737 0.0676449 -0.132831 0.00594168
v16738 0.0507506 -0.130101 0.00961532
v16739 0.0679144 -0.132827 0.00590324
v16740 0.0505001 -0.130096 0.00971507
v16741 0.0646847 -0.102368 0.000824026
v16742 0.0648144 -0.102369 0.00078782
v16743 0.0649434 -0.102371 0.000749586
v16744 0.0651996 -0.102375 0.000668574
v16745 0.0654552 -0.102381 0.000586092
v16746 0.049728 -0.130091 0.00994881
v16747 0.0657152 -0.102383 0.000515354
v16748 0.0659741 -0.102386 0.000441909
v16749 0.0493434 -0.130088 0.0100707
v16750 0.0662376 -0.102385 0.000380966
v16751 0.0490844 -0.130088 0.0101439
v16752 0.0665001 -0.102385 0.000317067
v16753 0.0488309 -0.130084 0.0102352
v16754 0.0487035 -0.130083 0.0102789
v16755 0.0485765 -0.130081 0.0103239
v16756 0.0667639 -0.102385 0.000256951
v16757 0.0483254 -0.130076 0.0104243
v16758 0.0668979 -0.102383 0.00023222
v16759 0.0480744 -0.130071 0.0105249
v16760 0.0574652 -0.10815 0.00221204
v16761 0.0619219 -0.102134 0.00187024
v16762 0.0572166 -0.108141 0.00231308
v16763 0.0739323 -0.132704 0.00525702
v16764 0.0569601 -0.108137 0.00239132
v16765 0.0568328 -0.108135 0.00243314
v16766 0.0740695 -0.132701 0.00524258
v16767 0.0743477 -0.132694 0.00522312
v16768 0.0746202 -0.132689 0.00518941
v16769 0.0748963 -0.132682 0.00516442
v16770 0.0751795 -0.132674 0.00515686
v16771 0.075464 -0.132664 0.00515224
v16772 0.0757448 -0.132657 0.0051383
v16773 0.0758848 -0.132653 0.00513032
v16774 0.0716293 -0.108245 -0.00101192
v16775 0.0760263 -0.132649 0.00512579
v16776 0.0713572 -0.108252 -0.000977526
v16777 0.076306 -0.132641 0.00510878
v16778 0.0765816 -0.132635 0.00508151
v16779 0.0768578 -0.132629 0.00505538
v16780 0.0771357 -0.132622 0.00503342
v16781 0.0774177 -0.132614 0.00502114
v16782 0.0622964 -0.102149 0.00171791
v16783 0.0625451 -0.10216 0.00161389
v16784 0.0627946 -0.10217 0.0015125
v16785 0.0657393 -0.102229 0.000566928
v16786 0.0409736 -0.132385 0.0143483
v16787 0.0394357 -0.132365 0.0149069
v16788 0.0386659 -0.132355 0.015187
v16789 0.0378899 -0.132348 0.0154452
v16790 0.0619387 -0.101984 0.00190523
v16791 0.062561 -0.102011 0.00164595
v16792 0.0634463 -0.102038 0.0013246
v16793 0.0635742 -0.102041 0.00128273
v16794 0.0638308 -0.102046 0.0012013
v16795 0.0640902 -0.102048 0.00112787
v16796 0.06434 -0.102058 0.00102854
v16797 0.0647209 -0.102068 0.000896475
v16798 0.0649798 -0.102071 0.00082234
v16799 0.0651078 -0.102074 0.000781135
v16800 0.065238 -0.102075 0.000746102
v16801 0.0654889 -0.102083 0.000650659
v16802 0.0657531 -0.102082 0.000590994
v16803 0.0660126 -0.102085 0.000518482
v16804 0.0662784 -0.102083 0.00046307
v16805 0.0665372 -0.102086 0.000389254
v16806 0.0684273 -0.102052 7.77167e-05
v16807 0.06869 -0.102052 1.42821e-05
v16808 0.0620804 -0.10184 0.00188925
v16809 0.0638456 -0.101898 0.00122951
v16810 0.064105 -0.101901 0.00115573
v16811 0.0643562 -0.101909 0.00106
v16812 0.0660289 -0.101937 0.000549151
v16813 0.0673595 -0.101926 0.00027514
v16814 0.0792904 -0.116244 -0.00029059
v16815 0.0791409 -0.116253 -0.000303907
v16816 0.0788536 -0.116267 -0.000303502
v16817 0.0785617 -0.116283 -0.000314125
v16818 0.0755847 -0.132534 0.0050823
v16819 0.0753025 -0.132543 0.00509273
v16820 0.0750207 -0.132551 0.0051039
v16821 0.0748759 -0.132557 0.00509953
v16822 0.0745987 -0.132563 0.00512168
v16823 0.0693874 -0.132674 0.00565249
v16824 0.0691147 -0.132679 0.00568331
v16825 0.0677261 -0.116922 0.000433375
v16826 0.0780018 -0.11657 -0.000249766
v16827 0.0794461 -0.116499 -0.000231839
v16828 0.079597 -0.116489 -0.000215611
v16829 0.0797474 -0.116479 -0.000200381
v16830 0.0800457 -0.116461 -0.000176191
v16831 0.0803524 -0.116438 -0.000133042
v16832 0.0806553 -0.116418 -9.90309e-05
v16833 0.0809565 -0.116398 -6.95629e-05
v16834 0.0643699 -0.101763 0.0010846
v16835 0.0646237 -0.101769 0.00099595
v16836 0.064878 -0.101776 0.000908573
v16837 0.0660475 -0.101787 0.0005855
v16838 0.0678523 -0.116656 0.000366607
v16839 0.0677094 -0.116664 0.000363417
v16840 0.0622404 -0.101544 0.00191242
v16841 0.0633749 -0.101583 0.00148465
v16842 0.0636297 -0.101589 0.00139754
v16843 0.0638765 -0.101601 0.00128883
v16844 0.0641369 -0.101603 0.00121759
v16845 0.0643972 -0.101606 0.00114616
v16846 0.0605118 -0.101317 0.00267885
v16847 0.0630094 -0.101423 0.00164937
v16848 0.0654336 -0.101481 0.000835204
v16849 0.0398403 -0.132495 0.0148467
v16850 0.0412477 -0.132514 0.014327
v16851 0.0443145 -0.132554 0.0132093
v16852 0.045084 -0.132562 0.0129463
v16853 0.0458516 -0.13257 0.0126784
v16854 0.0495478 -0.132613 0.0113681
v16855 0.0503222 -0.132617 0.0111354
v16856 0.0512193 -0.132624 0.0108445
v16857 0.0632776 -0.101283 0.00158645
v16858 0.0635307 -0.101291 0.00149427
v16859 0.0669441 -0.132719 0.00595231
v16860 0.0666762 -0.132723 0.00599462
v16861 0.0656088 -0.132736 0.00617449
v16862 0.062095 -0.132747 0.00702704
v16863 0.0562474 -0.132701 0.00892618
v16864 0.0554888 -0.132692 0.00919365
v16865 0.0547315 -0.132682 0.00946724
v16866 0.054601 -0.132683 0.00949943
v16867 0.0539686 -0.132675 0.00972533
v16868 0.0538448 -0.132672 0.0097789
v16869 0.0537189 -0.132671 0.00982615
v16870 0.0778605 -0.116442 -0.000259753
v16871 0.0648037 -0.101324 0.00105694
v16872 0.0633173 -0.100979 0.00167116
v16873 0.0634367 -0.100988 0.00160505
v16874 0.0635642 -0.100991 0.00156135
v16875 0.06382 -0.100997 0.00147641
v16876 0.061582 -0.100756 0.00241646
v16877 0.0643527 -0.100856 0.0013518
v16878 0.0371296 -0.116173 0.0104895
v16879 0.0373874 -0.116177 0.0104022
v16880 0.0376421 -0.116184 0.0103031
v16881 0.0377711 -0.116186 0.0102603
v16882 0.0378999 -0.116188 0.0102164
v16883 0.038153 -0.116196 0.0101121
v16884 0.038408 -0.116203 0.010015
v16885 0.0385372 -0.116205 0.00997348
v16886 0.0386663 -0.116207 0.0099311
v16887 0.0390499 -0.116215 0.00979104
v16888 0.039303 -0.116223 0.00968831
v16889 0.0782851 -0.116425 -0.000273945
v16890 0.0781469 -0.116429 -0.000261173
v16891 0.0777183 -0.116448 -0.000256602
v16892 0.0775765 -0.116454 -0.000252767
v16893 0.0772995 -0.116463 -0.000229469
v16894 0.0770232 -0.116471 -0.000204697
v16895 0.0767415 -0.116482 -0.00019275
v16896 0.0764635 -0.116491 -0.000172471
v16897 0.0761816 -0.116502 -0.000161468
v16898 0.0758989 -0.116514 -0.000152965
v16899 0.0756183 -0.116524 -0.000139408
v16900 0.070938 -0.108404 -0.000939674
v16901 0.0753436 -0.116532 -0.000111746
v16902 0.0707991 -0.108409 -0.000929629
v16903 0.0750667 -0.116541 -8.96411e-05
v16904 0.0705246 -0.108417 -0.000901698
v16905 0.0747893 -0.11655 -6.90676e-05
v16906 0.0692754 -0.128088 0.00377189
v16907 0.0745108 -0.11656 -5.10201e-05
v16908 0.0742296 -0.116571 -4.01659e-05
v16909 0.0702447 -0.108429 -0.000887455
v16910 0.0739476 -0.116582 -3.11527e-05
v16911 0.0699651 -0.108441 -0.000872734
v16912 0.0736685 -0.116592 -1.5503e-05
v16913 0.0733902 -0.116602 1.92564e-06
v16914 0.0703501 -0.12807 0.00361244
v16915 0.0732522 -0.116606 1.34934e-05
v16916 0.0706229 -0.128064 0.00358315
v16917 0.0729721 -0.116617 2.61461e-05
v16918 0.0708941 -0.128059 0.00354943
v16919 0.072694 -0.116627 4.35348e-05
v16920 0.071164 -0.128054 0.00351237
v16921 0.0724134 -0.116638 5.45772e-05
v16922 0.0714313 -0.12805 0.00346835
v16923 0.0721344 -0.116648 6.94444e-05
v16924 0.0717037 -0.128045 0.00343751
v16925 0.0718577 -0.116657 8.97429e-05
v16926 0.0719751 -0.128039 0.00340389
v16927 0.0715866 -0.116664 0.000123913
v16928 0.0722468 -0.128034 0.00337091
v16929 0.0713128 -0.116671 0.000151213
v16930 0.0725217 -0.128027 0.0033457
v16931 0.0710396 -0.116679 0.000179857
v16932 0.0727971 -0.12802 0.00332193
v16933 0.0707663 -0.116686 0.000207965
v16934 0.0730703 -0.128014 0.00329222
v16935 0.0704902 -0.116695 0.000229057
v16936 0.0702111 -0.116706 0.000242131
v16937 0.0699283 -0.116718 0.000245606
v16938 0.0696495 -0.116729 0.000258976
v16939 0.0693714 -0.116739 0.000273963
v16940 0.0739016 -0.127991 0.00323148
v16941 0.069093 -0.116749 0.000287992
v16942 0.0741794 -0.127983 0.00321278
v16943 0.0688268 -0.116753 0.000333465
v16944 0.0744609 -0.127974 0.00320282
v16945 0.0685572 -0.116759 0.000369841
v16946 0.068283 -0.116767 0.000394229
v16947 0.0395567 -0.11623 0.0095878
v16948 0.0675722 -0.116802 0.00038819
v16949 0.0672918 -0.116814 0.000395285
v16950 0.0670159 -0.116823 0.000414295
v16951 0.0667283 -0.116839 0.000402056
v16952 0.0664501 -0.116849 0.000414366
v16953 0.0661798 -0.116856 0.000447211
v16954 0.0519809 -0.132633 0.0105734
v16955 0.0651123 -0.116874 0.00061492
v16956 0.0648325 -0.116886 0.000621813
v16957 0.0696913 -0.108449 -0.000843278
v16958 0.0398093 -0.116238 0.00948368
v16959 0.0694265 -0.108452 -0.000791273
v16960 0.0399357 -0.116242 0.00943223
v16961 0.0691579 -0.108457 -0.000748779
v16962 0.0400615 -0.116246 0.00937839
v16963 0.0688836 -0.108465 -0.000721162
v16964 0.040316 -0.116253 0.00928212
v16965 0.0686137 -0.108471 -0.000682449
v16966 0.0405699 -0.11626 0.00918404
v16967 0.0683512 -0.108472 -0.000624436
v16968 0.0408208 -0.116269 0.00907487
v16969 0.0779804 -0.127861 0.00306113
v16970 0.0411964 -0.116282 0.00890969
v16971 0.0782606 -0.127853 0.00304504
v16972 0.0680843 -0.108476 -0.000577838
v16973 0.0414464 -0.116292 0.00879833
v16974 0.0786882 -0.127838 0.00303787
v16975 0.0416959 -0.116302 0.00868547
v16976 0.0678131 -0.108483 -0.000542633
v16977 0.0676793 -0.108485 -0.000520356
v16978 0.0675458 -0.108487 -0.000497283
v16979 0.0418214 -0.116306 0.00863211
v16980 0.0672798 -0.10849 -0.000448578
v16981 0.0419465 -0.11631 0.00857762
v16982 0.0670081 -0.108497 -0.000414825
v16983 0.0421955 -0.11632 0.00846398
v16984 0.0667391 -0.108503 -0.000374197
v16985 0.0424475 -0.116328 0.0083615
v16986 0.0664712 -0.108507 -0.000330876
v16987 0.0428281 -0.116337 0.008218
v16988 0.0662075 -0.108509 -0.000276182
v16989 0.066075 -0.108511 -0.000250558
v16990 0.0659421 -0.108513 -0.000226256
v16991 0.0430793 -0.116345 0.00811398
v16992 0.0656797 -0.108514 -0.000168118
v16993 0.0432061 -0.116349 0.00806602
v16994 0.0654172 -0.108515 -0.000110558
v16995 0.0433324 -0.116352 0.00801679
v16996 0.0435845 -0.116359 0.0079164
v16997 0.0650251 -0.108516 -1.93767e-05
v16998 0.0648934 -0.108517 8.17788e-06
v16999 0.0647605 -0.108518 3.26435e-05
v17000 0.0438361 -0.116367 0.00781439
v17001 0.064499 -0.108519 9.32419e-05
v17002 0.0440862 -0.116375 0.00770768
v17003 0.0642383 -0.108519 0.000156023
v17004 0.05764 -0.132715 0.00844636
v17005 0.0639776 -0.108519 0.000218586
v17006 0.0578903 -0.132719 0.00835117
v17007 0.0637151 -0.10852 0.00027646
v17008 0.0336057 -0.127731 0.0144744
v17009 0.058139 -0.132723 0.00825125
v17010 0.0338588 -0.127737 0.014365
v17011 0.058643 -0.132729 0.00807215
v17012 0.0341196 -0.127739 0.014288
v17013 0.0595389 -0.132734 0.00780153
v17014 0.0343764 -0.127743 0.0141948
v17015 0.0603032 -0.132739 0.00756026
v17016 0.0346242 -0.127752 0.014065
v17017 0.034752 -0.127755 0.0140162
v17018 0.0348798 -0.127757 0.0139677
v17019 0.060558 -0.132741 0.0074803
v17020 0.0609425 -0.132742 0.00736724
v17021 0.0352654 -0.127762 0.0138311
v17022 0.0353935 -0.127764 0.0137841
v17023 0.0355193 -0.127768 0.0137278
v17024 0.0611955 -0.132744 0.00728267
v17025 0.0357784 -0.12777 0.0136457
v17026 0.0443394 -0.116382 0.00761229
v17027 0.03603 -0.127777 0.0135338
v17028 0.0361561 -0.127781 0.0134791
v17029 0.0362816 -0.127784 0.0134222
v17030 0.0444651 -0.116386 0.00756147
v17031 0.0365336 -0.127791 0.0133127
v17032 0.0622233 -0.132747 0.00699001
v17033 0.0367919 -0.127793 0.0132292
v17034 0.0624812 -0.132747 0.00691993
v17035 0.0370462 -0.127798 0.0131293
v17036 0.0627414 -0.132747 0.00685639
v17037 0.0632632 -0.132745 0.00673325
v17038 0.037423 -0.127809 0.0129624
v17039 0.0635266 -0.132743 0.00667879
v17040 0.0376688 -0.127819 0.0128302
v17041 0.0639128 -0.132743 0.00657231
v17042 0.0379188 -0.127826 0.0127155
v17043 0.0380428 -0.127831 0.0126544
v17044 0.0381719 -0.127832 0.0126132
v17045 0.0643 -0.132743 0.00646865
v17046 0.0384313 -0.127833 0.0125358
v17047 0.0644302 -0.132743 0.00643748
v17048 0.0386956 -0.127832 0.0124774
v17049 0.0646916 -0.132742 0.00637765
v17050 0.0389578 -0.127832 0.0124108
v17051 0.0447176 -0.116392 0.00746388
v17052 0.0392215 -0.127831 0.0123503
v17053 0.0449689 -0.1164 0.00736235
v17054 0.039484 -0.12783 0.0122853
v17055 0.0452167 -0.11641 0.00724945
v17056 0.0397493 -0.127828 0.0122307
v17057 0.0454659 -0.116418 0.00714152
v17058 0.040014 -0.127826 0.0121741
v17059 0.0457164 -0.116426 0.00703847
v17060 0.0458408 -0.116431 0.00698423
v17061 0.0634499 -0.108523 0.000327101
v17062 0.0459653 -0.116435 0.00693033
v17063 0.0631883 -0.108524 0.000387572
v17064 0.0463355 -0.116451 0.00675791
v17065 0.040922 -0.127831 0.0119069
v17066 0.0410505 -0.127833 0.0118642
v17067 0.0411777 -0.127835 0.011817
v17068 0.046585 -0.116459 0.0066527
v17069 0.0468327 -0.116468 0.00654202
v17070 0.0469563 -0.116473 0.00648577
v17071 0.0629294 -0.108523 0.000455199
v17072 0.0486771 -0.116682 0.0056862
v17073 0.0626693 -0.108522 0.000519737
v17074 0.0625405 -0.108521 0.000555531
v17075 0.0624126 -0.10852 0.000593868
v17076 0.0470751 -0.116481 0.00641355
v17077 0.074286 -0.130152 0.00407394
v17078 0.0473192 -0.116493 0.00629152
v17079 0.0478143 -0.116647 0.00607896
v17080 0.047571 -0.116635 0.00620283
v17081 0.0621565 -0.108517 0.000669693
v17082 0.0474444 -0.116633 0.00624819
v17083 0.0618956 -0.108517 0.000732286
v17084 0.0472012 -0.11662 0.00637307
v17085 0.0469584 -0.116608 0.00649989
v17086 0.0467115 -0.116598 0.00661319
v17087 0.0464605 -0.116591 0.00671285
v17088 0.046338 -0.116585 0.00677334
v17089 0.0462147 -0.11658 0.00683092
v17090 0.0458449 -0.116564 0.0070046
v17091 0.0457202 -0.11656 0.00705803
v17092 0.0455952 -0.116556 0.00711024
v17093 0.0453451 -0.116547 0.00721495
v17094 0.0450951 -0.116539 0.00732015
v17095 0.0448466 -0.11653 0.00743097
v17096 0.0445946 -0.116523 0.00752986
v17097 0.0718238 -0.130205 0.0043387
v17098 0.0444684 -0.116519 0.0075789
v17099 0.0442169 -0.116512 0.00768013
v17100 0.0396852 -0.11637 0.0095478
v17101 0.0394326 -0.116362 0.00965198
v17102 0.0391798 -0.116354 0.00975574
v17103 0.0389254 -0.116347 0.00985405
v17104 0.0385406 -0.116339 0.0099898
v17105 0.0384131 -0.116336 0.0100381
v17106 0.0382854 -0.116333 0.0100856
v17107 0.0380298 -0.116327 0.0101802
v17108 0.0377744 -0.116321 0.0102759
v17109 0.0615038 -0.108517 0.000825102
v17110 0.0375163 -0.116317 0.0103615
v17111 0.0612432 -0.108517 0.000888587
v17112 0.0372621 -0.11631 0.0104626
v17113 0.0609872 -0.108514 0.000965162
v17114 0.0475675 -0.116502 0.00618384
v17115 0.0476889 -0.116508 0.00612089
v17116 0.0607331 -0.108509 0.00104722
v17117 0.0606061 -0.108507 0.00108825
v17118 0.0604774 -0.108506 0.00112473
v17119 0.0480539 -0.116526 0.00593565
v17120 0.06022 -0.108503 0.00119782
v17121 0.0649636 -0.116751 0.000582042
v17122 0.0599655 -0.108499 0.00127931
v17123 0.0663055 -0.116724 0.00039287
v17124 0.0665803 -0.116715 0.000371706
v17125 0.0668593 -0.116704 0.000361576
v17126 0.0679788 -0.130296 0.00468724
v17127 0.0678433 -0.130299 0.00470406
v17128 0.0671464 -0.116689 0.000372296
v17129 0.0675726 -0.130304 0.00473792
v17130 0.0674264 -0.116677 0.000364094
v17131 0.067307 -0.130307 0.00478552
v17132 0.0689442 -0.116626 0.000256926
v17133 0.0670393 -0.130311 0.00482748
v17134 0.0692217 -0.116616 0.000240713
v17135 0.0667721 -0.130315 0.00487067
v17136 0.0666394 -0.130316 0.00489457
v17137 0.0725463 -0.116502 1.65581e-05
v17138 0.0663722 -0.13032 0.00493765
v17139 0.0728261 -0.116492 3.37265e-06
v17140 0.0661027 -0.130325 0.00497429
v17141 0.0729662 -0.116486 -2.82605e-06
v17142 0.0653038 -0.130335 0.00511011
v17143 0.0731073 -0.11648 -6.59816e-06
v17144 0.0650389 -0.130337 0.00515914
v17145 0.0782885 -0.116557 -0.000250607
v17146 0.0647752 -0.13034 0.00521141
v17147 0.0733819 -0.116473 -3.29943e-05
v17148 0.0777184 -0.116582 -0.000241211
v17149 0.0775781 -0.116587 -0.000233857
v17150 0.0596154 -0.130336 0.00658589
v17151 0.0773042 -0.116594 -0.000203267
v17152 0.0593429 -0.130342 0.00661327
v17153 0.0770276 -0.116603 -0.000178968
v17154 0.058563 -0.130344 0.00680478
v17155 0.0767459 -0.116614 -0.00016736
v17156 0.058316 -0.130338 0.0069071
v17157 0.0764677 -0.116623 -0.000147335
v17158 0.0580732 -0.130331 0.00702221
v17159 0.057949 -0.130329 0.00707163
v17160 0.0578233 -0.130327 0.00711657
v17161 0.0761869 -0.116633 -0.000133859
v17162 0.0575727 -0.130323 0.00720919
v17163 0.0739555 -0.116712 2.50693e-06
v17164 0.057324 -0.130319 0.0073077
v17165 0.0571983 -0.130317 0.007353
v17166 0.0736768 -0.116722 1.91733e-05
v17167 0.0569438 -0.130315 0.00743444
v17168 0.0720059 -0.116781 0.000118362
v17169 0.0566863 -0.130314 0.00750698
v17170 0.0718681 -0.116786 0.00012978
v17171 0.0564268 -0.130314 0.00757341
v17172 0.0715962 -0.116792 0.00016204
v17173 0.0561695 -0.130313 0.00764676
v17174 0.0713209 -0.116801 0.000185435
v17175 0.0710482 -0.116808 0.000215377
v17176 0.0555369 -0.130306 0.00786312
v17177 0.0554151 -0.130303 0.00792123
v17178 0.070775 -0.116815 0.000244007
v17179 0.0704979 -0.116825 0.000262326
v17180 0.0703599 -0.116829 0.00027285
v17181 0.054922 -0.130291 0.00813559
v17182 0.0702178 -0.116836 0.000272875
v17183 0.0699359 -0.116848 0.000278585
v17184 0.069658 -0.116858 0.000294443
v17185 0.0693822 -0.116867 0.000315328
v17186 0.0542982 -0.130279 0.00838279
v17187 0.0691058 -0.116876 0.000334397
v17188 0.0688384 -0.116881 0.000376573
v17189 0.0685698 -0.116886 0.000415639
v17190 0.0682956 -0.116894 0.000440025
v17191 0.0736609 -0.116462 -4.855e-05
v17192 0.0535517 -0.130264 0.00868778
v17193 0.0738007 -0.116457 -5.57681e-05
v17194 0.0687114 -0.132685 0.0057439
v17195 0.0740806 -0.116447 -6.97753e-05
v17196 0.0695249 -0.132671 0.0056402
v17197 0.069796 -0.132666 0.00560526
v17198 0.0527866 -0.130257 0.0089369
v17199 0.0700685 -0.132661 0.00557389
v17200 0.070336 -0.132657 0.00552927
v17201 0.0706098 -0.132652 0.00550101
v17202 0.0708832 -0.132646 0.00547169
v17203 0.0711553 -0.132641 0.00543871
v17204 0.0714317 -0.132634 0.00541678
v17205 0.0715693 -0.132631 0.00540408
v17206 0.0717087 -0.132627 0.00539602
v17207 0.0597118 -0.108494 0.00136288
v17208 0.0719754 -0.132624 0.00534873
v17209 0.0722476 -0.132619 0.0053156
v17210 0.0594562 -0.10849 0.00144151
v17211 0.0743638 -0.116435 -7.56856e-05
v17212 0.074645 -0.116423 -8.68594e-05
v17213 0.0749224 -0.116414 -0.000107597
v17214 0.0751982 -0.116406 -0.000132321
v17215 0.0754743 -0.116398 -0.000156286
v17216 0.0757496 -0.11639 -0.000182662
v17217 0.0777189 -0.116314 -0.000270456
v17218 0.0778604 -0.116308 -0.000275265
v17219 0.039175 -0.116083 0.00973042
v17220 0.0398091 -0.116101 0.00947886
v17221 0.0590841 -0.108477 0.00159204
v17222 0.0589581 -0.108474 0.00163667
v17223 0.0585749 -0.108468 0.00175619
v17224 0.0399361 -0.116105 0.00942981
v17225 0.0583253 -0.10846 0.00185295
v17226 0.0400609 -0.11611 0.00937215
v17227 0.0403153 -0.116116 0.00927545
v17228 0.0405679 -0.116124 0.00917213
v17229 0.0409438 -0.116138 0.00900734
v17230 0.0411939 -0.116147 0.00889597
v17231 0.0414455 -0.116156 0.00879022
v17232 0.0416933 -0.116167 0.00867127
v17233 0.0418181 -0.116172 0.00861553
v17234 0.0419438 -0.116176 0.00856291
v17235 0.0421927 -0.116186 0.0084486
v17236 0.042444 -0.116194 0.00834374
v17237 0.0428239 -0.116204 0.00819764
v17238 0.0430769 -0.116211 0.00810004
v17239 0.0433293 -0.116218 0.00800029
v17240 0.0435814 -0.116225 0.00789967
v17241 0.0438326 -0.116233 0.00779622
v17242 0.0474603 -0.130186 0.0108308
v17243 0.0450895 -0.116271 0.0072881
v17244 0.0478182 -0.11678 0.00609926
v17245 0.0582 -0.108456 0.00189985
v17246 0.0580799 -0.108449 0.00196192
v17247 0.0439703 -0.116637 0.0078048
v17248 0.0578297 -0.108441 0.0020575
v17249 0.0438442 -0.116634 0.00785443
v17250 0.0575748 -0.108437 0.00213961
v17251 0.0574525 -0.108431 0.00219592
v17252 0.0437189 -0.11663 0.00790718
v17253 0.0572058 -0.10842 0.00230244
v17254 0.0434661 -0.116623 0.00800485
v17255 0.056948 -0.108418 0.00237645
v17256 0.0432128 -0.116617 0.00810092
v17257 0.0566941 -0.108412 0.00246205
v17258 0.0430863 -0.116613 0.00814947
v17259 0.0429615 -0.116609 0.00820446
v17260 0.0716207 -0.10852 -0.00100533
v17261 0.0427071 -0.116603 0.00829731
v17262 0.0713504 -0.108526 -0.000966422
v17263 0.0424536 -0.116597 0.00839363
v17264 0.0423271 -0.116593 0.00844312
v17265 0.0420748 -0.116586 0.00854406
v17266 0.0418245 -0.116577 0.00865309
v17267 0.0415731 -0.116569 0.00875833
v17268 0.0413216 -0.116561 0.00886386
v17269 0.0410717 -0.116551 0.00897517
v17270 0.0406949 -0.116538 0.00913634
v17271 0.0404436 -0.11653 0.00924371
v17272 0.0401923 -0.116521 0.0093517
v17273 0.0399397 -0.116513 0.00945497
v17274 0.0398134 -0.116509 0.00950685
v17275 0.0479286 -0.116387 0.0059778
v17276 0.0480523 -0.116392 0.00592324
v17277 0.0484246 -0.116405 0.00576296
v17278 0.0721247 -0.13275 0.0053795
v17279 0.071858 -0.132753 0.00542673
v17280 0.0707571 -0.132778 0.00552726
v17281 0.0704834 -0.132783 0.00555574
v17282 0.0702163 -0.132787 0.00560153
v17283 0.0699466 -0.132791 0.00564023
v17284 0.0696764 -0.132795 0.00567765
v17285 0.0688625 -0.13281 0.00578058
v17286 0.0685944 -0.132814 0.00582323
v17287 0.0622429 -0.132872 0.00705713
v17288 0.0757676 -0.116782 -9.46587e-05
v17289 0.0756304 -0.116786 -8.0635e-05
v17290 0.0753572 -0.116793 -4.92577e-05
v17291 0.0750796 -0.116802 -2.89839e-05
v17292 0.0748012 -0.116812 -1.08501e-05
v17293 0.074666 -0.116814 7.95541e-06
v17294 0.0745258 -0.11682 1.46394e-05
v17295 0.0742459 -0.11683 2.88777e-05
v17296 0.0739635 -0.116842 3.67464e-05
v17297 0.0708856 -0.127929 0.00351416
v17298 0.0736853 -0.116851 5.45956e-05
v17299 0.0734078 -0.116861 7.41422e-05
v17300 0.073129 -0.116871 9.01916e-05
v17301 0.0729857 -0.116878 8.82875e-05
v17302 0.0727102 -0.116886 0.000112134
v17303 0.0724339 -0.116895 0.000133866
v17304 0.070783 -0.116945 0.000277862
v17305 0.0684015 -0.116506 0.00030703
v17306 0.0674531 -0.117064 0.00047316
v17307 0.0673089 -0.117072 0.00046622
v17308 0.06703 -0.117082 0.000477337
v17309 0.0667435 -0.117098 0.000468023
v17310 0.0664668 -0.117107 0.000484237
v17311 0.0686746 -0.116498 0.000279941
v17312 0.0688089 -0.116495 0.000260365
v17313 0.0689422 -0.116493 0.000238126
v17314 0.0731948 -0.127883 0.0032331
v17315 0.0733329 -0.127879 0.00322197
v17316 0.0692142 -0.116486 0.000207748
v17317 0.0736109 -0.127871 0.00320389
v17318 0.0694961 -0.116474 0.000202758
v17319 0.06513 -0.117132 0.000687415
v17320 0.0740269 -0.12786 0.0031742
v17321 0.0741654 -0.127856 0.00316383
v17322 0.0697745 -0.116464 0.00018836
v17323 0.0744458 -0.127847 0.00315119
v17324 0.0700595 -0.11645 0.000190695
v17325 0.0747232 -0.12784 0.00313109
v17326 0.0703428 -0.116437 0.000188328
v17327 0.0750038 -0.127831 0.00311849
v17328 0.0706164 -0.116429 0.000160977
v17329 0.0752827 -0.127823 0.00310155
v17330 0.0754231 -0.127818 0.00309528
v17331 0.0708906 -0.116421 0.000135052
v17332 0.075702 -0.12781 0.00307829
v17333 0.0711642 -0.116414 0.000107483
v17334 0.0759808 -0.127802 0.00306047
v17335 0.071438 -0.116406 8.02901e-05
v17336 0.0717083 -0.1164 4.41262e-05
v17337 0.0719826 -0.116392 1.78516e-05
v17338 0.0722598 -0.116383 -1.3869e-06
v17339 0.0725381 -0.116373 -1.80152e-05
v17340 0.0763137 -0.116233 -0.000218037
v17341 0.0765938 -0.116223 -0.000233473
v17342 0.0768745 -0.116212 -0.000247437
v17343 0.0771493 -0.116205 -0.000275766
v17344 0.0774251 -0.116197 -0.000302014
v17345 0.0777123 -0.116183 -0.000301382
v17346 0.0371245 -0.115901 0.0104646
v17347 0.0373805 -0.115907 0.0103701
v17348 0.0376375 -0.115913 0.0102799
v17349 0.0377665 -0.115915 0.0102365
v17350 0.0378957 -0.115917 0.0101943
v17351 0.0381495 -0.115924 0.0100922
v17352 0.0525855 -0.13252 0.0102445
v17353 0.0384048 -0.115931 0.00999636
v17354 0.0386624 -0.115935 0.00990977
v17355 0.039045 -0.115945 0.00976554
v17356 0.0391732 -0.115947 0.00971999
v17357 0.0392996 -0.115951 0.00966797
v17358 0.0395545 -0.115958 0.0095721
v17359 0.0398092 -0.115964 0.00947561
v17360 0.0399361 -0.115968 0.00942572
v17361 0.0576207 -0.13259 0.00837819
v17362 0.058369 -0.132602 0.00808583
v17363 0.0584986 -0.132602 0.00805189
v17364 0.0587534 -0.132604 0.0079711
v17365 0.0590097 -0.132605 0.00789455
v17366 0.05927 -0.132605 0.00783
v17367 0.0595219 -0.132608 0.007741
v17368 0.0472074 -0.116887 0.00640816
v17369 0.0469632 -0.116876 0.00652983
v17370 0.0467129 -0.116868 0.00663154
v17371 0.0464645 -0.116859 0.0067399
v17372 0.0463423 -0.116853 0.00680129
v17373 0.0462205 -0.116847 0.0068641
v17374 0.0458478 -0.116834 0.00702763
v17375 0.063707 -0.108661 0.000266965
v17376 0.045723 -0.11683 0.00708043
v17377 0.0455989 -0.116825 0.0071359
v17378 0.0453523 -0.116814 0.00725225
v17379 0.0452284 -0.11681 0.00730853
v17380 0.045103 -0.116806 0.00736009
v17381 0.044851 -0.116799 0.00745859
v17382 0.0446007 -0.116791 0.00756328
v17383 0.0444771 -0.116786 0.0076214
v17384 0.0411961 -0.116693 0.00892185
v17385 0.0396885 -0.116641 0.00956786
v17386 0.0394391 -0.116631 0.00968386
v17387 0.0393118 -0.116628 0.00973259
v17388 0.0391847 -0.116625 0.00978151
v17389 0.0338456 -0.127609 0.0143092
v17390 0.0388015 -0.116616 0.00992281
v17391 0.0385468 -0.116609 0.0100198
v17392 0.0382941 -0.116601 0.0101252
v17393 0.0380372 -0.116596 0.0102148
v17394 0.0377794 -0.116592 0.0103013
v17395 0.0375211 -0.116588 0.0103858
v17396 0.0372683 -0.11658 0.0104921
v17397 0.0437059 -0.116094 0.00783851
v17398 0.0440814 -0.116106 0.00767903
v17399 0.0443341 -0.116113 0.00758164
v17400 0.0444607 -0.116116 0.00753401
v17401 0.0447143 -0.116122 0.00744026
v17402 0.0449668 -0.116129 0.00734286
v17403 0.0450884 -0.116136 0.00727811
v17404 0.0452127 -0.11614 0.00722282
v17405 0.0454603 -0.11615 0.00710936
v17406 0.0457107 -0.116158 0.00700575
v17407 0.0459616 -0.116166 0.00690439
v17408 0.0463315 -0.116182 0.00673091
v17409 0.0465821 -0.116189 0.00662932
v17410 0.0468255 -0.116202 0.0065036
v17411 0.036655 -0.127661 0.0132378
v17412 0.0469481 -0.116207 0.00644428
v17413 0.047069 -0.116214 0.00637901
v17414 0.0473123 -0.116227 0.00625389
v17415 0.0474335 -0.116233 0.00619031
v17416 0.0604501 -0.132865 0.00758769
v17417 0.0580336 -0.132847 0.00836775
v17418 0.0528634 -0.13278 0.0102493
v17419 0.0780053 -0.116837 -0.000211048
v17420 0.0777234 -0.116848 -0.000198931
v17421 0.0774456 -0.116857 -0.000177576
v17422 0.0773079 -0.11686 -0.000164093
v17423 0.0770358 -0.116867 -0.000129475
v17424 0.0767589 -0.116875 -0.000106332
v17425 0.0764802 -0.116885 -8.76419e-05
v17426 0.0761964 -0.116897 -8.12383e-05
v17427 0.0749458 -0.116938 7.82823e-06
v17428 0.0388213 -0.127699 0.01242
v17429 0.0716169 -0.117049 0.000241921
v17430 0.0713408 -0.117058 0.000263456
v17431 0.0712037 -0.117062 0.000276599
v17432 0.0710663 -0.117066 0.000288825
v17433 0.0707934 -0.117073 0.000318087
v17434 0.0705143 -0.117084 0.000331522
v17435 0.070236 -0.117094 0.000346741
v17436 0.0699543 -0.117106 0.0003528
v17437 0.0696738 -0.117117 0.000362053
v17438 0.0694007 -0.117125 0.00038972
v17439 0.0691325 -0.117129 0.000430047
v17440 0.0688702 -0.117131 0.000485703
v17441 0.0685949 -0.11714 0.00050727
v17442 0.0521214 -0.132763 0.0105807
v17443 0.0597688 -0.132613 0.00763763
v17444 0.0600253 -0.132614 0.00756243
v17445 0.0602864 -0.132613 0.00750081
v17446 0.0606716 -0.132614 0.00738962
v17447 0.0609285 -0.132615 0.00731609
v17448 0.0610547 -0.132616 0.0072726
v17449 0.0611792 -0.132618 0.00722475
v17450 0.0614305 -0.132621 0.00713527
v17451 0.0616237 -0.108659 0.000776197
v17452 0.061683 -0.132623 0.00704944
v17453 0.0618141 -0.132623 0.0070204
v17454 0.0619447 -0.132622 0.00699024
v17455 0.0624637 -0.132621 0.00685895
v17456 0.062724 -0.13262 0.00679591
v17457 0.0629848 -0.13262 0.00673406
v17458 0.0631142 -0.132619 0.00670036
v17459 0.0633769 -0.132618 0.00664401
v17460 0.0636368 -0.132617 0.00657984
v17461 0.0638936 -0.132618 0.00650696
v17462 0.0640218 -0.132618 0.00647018
v17463 0.0641505 -0.132618 0.00643485
v17464 0.0644117 -0.132617 0.00637449
v17465 0.0646738 -0.132616 0.00631642
v17466 0.0596982 -0.108639 0.00133529
v17467 0.064935 -0.132615 0.0062563
v17468 0.0651951 -0.132614 0.00619283
v17469 0.0654567 -0.132613 0.00613384
v17470 0.0657191 -0.132611 0.00607697
v17471 0.0649506 -0.116491 0.000522034
v17472 0.0660274 -0.116468 0.000379566
v17473 0.0663006 -0.11646 0.000354319
v17474 0.0665714 -0.116453 0.000322537
v17475 0.0668515 -0.116441 0.000315027
v17476 0.0671364 -0.116427 0.000319983
v17477 0.0674148 -0.116416 0.000307465
v17478 0.0688295 -0.132557 0.00566757
v17479 0.0689637 -0.132555 0.00564675
v17480 0.0711423 -0.132513 0.00539178
v17481 0.0676942 -0.116405 0.000297315
v17482 0.0679747 -0.116393 0.000289974
v17483 0.0682515 -0.116383 0.000272384
v17484 0.0683875 -0.116379 0.00025761
v17485 0.0685218 -0.116377 0.000238038
v17486 0.0718363 -0.116267 -5.94875e-06
v17487 0.0719747 -0.116262 -1.60485e-05
v17488 0.0726707 -0.116237 -5.70432e-05
v17489 0.0728097 -0.116233 -6.58676e-05
v17490 0.0730899 -0.116222 -7.80321e-05
v17491 0.0733671 -0.116212 -9.80842e-05
v17492 0.0736487 -0.116201 -0.000107578
v17493 0.0446032 -0.116925 0.00757798
v17494 0.0442285 -0.116912 0.00773864
v17495 0.0439777 -0.116904 0.0078425
v17496 0.043725 -0.116898 0.00793996
v17497 0.0434722 -0.116891 0.00803743
v17498 0.0432186 -0.116885 0.00813238
v17499 0.0710671 -0.108674 -0.000946121
v17500 0.0429653 -0.116879 0.00822875
v17501 0.0707901 -0.108684 -0.000924349
v17502 0.0425863 -0.116869 0.00837715
v17503 0.0705138 -0.108694 -0.000901107
v17504 0.0424616 -0.116864 0.00843292
v17505 0.0702381 -0.108703 -0.000876369
v17506 0.0423345 -0.116861 0.00847983
v17507 0.0699626 -0.108712 -0.000851616
v17508 0.0420794 -0.116856 0.00857065
v17509 0.0696866 -0.108722 -0.00082792
v17510 0.0418291 -0.116847 0.00867933
v17511 0.0694153 -0.108728 -0.000792639
v17512 0.0415755 -0.11684 0.00877662
v17513 0.0691452 -0.108734 -0.000754149
v17514 0.0413256 -0.116831 0.00888761
v17515 0.0688703 -0.108743 -0.000728287
v17516 0.0411997 -0.116827 0.0089398
v17517 0.0685995 -0.10875 -0.000692042
v17518 0.041074 -0.116823 0.00899277
v17519 0.0683343 -0.108752 -0.000641253
v17520 0.0406961 -0.116811 0.00914932
v17521 0.0680701 -0.108755 -0.000588126
v17522 0.0405693 -0.116808 0.00919873
v17523 0.0678035 -0.108759 -0.000541028
v17524 0.0676704 -0.10876 -0.00051697
v17525 0.0675364 -0.108763 -0.000495391
v17526 0.0404452 -0.116802 0.00925805
v17527 0.0672664 -0.108769 -0.00045722
v17528 0.0401956 -0.116792 0.00937195
v17529 0.0669981 -0.108774 -0.000415007
v17530 0.0399426 -0.116785 0.00947388
v17531 0.0667321 -0.108777 -0.000366603
v17532 0.0379132 -0.116728 0.0102798
v17533 0.0664681 -0.108779 -0.000312939
v17534 0.037143 -0.116712 0.0105521
v17535 0.0357401 -0.116675 0.0110953
v17536 0.0739293 -0.11619 -0.00011963
v17537 0.0662016 -0.108783 -0.000266027
v17538 0.0740691 -0.116185 -0.000126863
v17539 0.0659333 -0.108788 -0.000223859
v17540 0.0743521 -0.116173 -0.000133561
v17541 0.0656705 -0.10879 -0.000167058
v17542 0.0746352 -0.116161 -0.000140087
v17543 0.0654083 -0.108791 -0.000108767
v17544 0.0749119 -0.116152 -0.000162409
v17545 0.0651445 -0.108793 -5.46666e-05
v17546 0.0751897 -0.116142 -0.000182291
v17547 0.0648837 -0.108793 7.57095e-06
v17548 0.0647555 -0.108792 4.45809e-05
v17549 0.0754661 -0.116134 -0.000205826
v17550 0.0644927 -0.108793 0.000101278
v17551 0.0757409 -0.116126 -0.000233124
v17552 0.0642291 -0.108795 0.000155823
v17553 0.0760242 -0.116114 -0.000240454
v17554 0.0639679 -0.108796 0.000217187
v17555 0.0768696 -0.116081 -0.000274133
v17556 0.0637062 -0.108796 0.000277035
v17557 0.040061 -0.115836 0.00936472
v17558 0.0403146 -0.115843 0.00926441
v17559 0.0405669 -0.115851 0.00915996
v17560 0.0409426 -0.115865 0.00899382
v17561 0.0411928 -0.115874 0.0088827
v17562 0.0414424 -0.115884 0.00876973
v17563 0.0736059 -0.130298 0.00417234
v17564 0.0734708 -0.1303 0.0041912
v17565 0.0416933 -0.115893 0.00866203
v17566 0.0731966 -0.130306 0.00421929
v17567 0.0418185 -0.115898 0.00860728
v17568 0.072918 -0.130314 0.0042359
v17569 0.0419433 -0.115903 0.00855138
v17570 0.0726493 -0.130318 0.00427744
v17571 0.0755049 -0.117052 -8.54062e-06
v17572 0.0723837 -0.130321 0.00432679
v17573 0.0753672 -0.117056 4.28601e-06
v17574 0.0721145 -0.130325 0.00436708
v17575 0.0750903 -0.117065 2.62864e-05
v17576 0.071838 -0.130332 0.00438836
v17577 0.0748146 -0.117073 5.11718e-05
v17578 0.0715633 -0.130339 0.00441426
v17579 0.0745397 -0.11708 7.76738e-05
v17580 0.0712947 -0.130343 0.00445556
v17581 0.074264 -0.117089 0.000102148
v17582 0.071025 -0.130347 0.00449416
v17583 0.0739856 -0.117098 0.000119729
v17584 0.070748 -0.130354 0.00451371
v17585 0.0737075 -0.117108 0.000138124
v17586 0.059099 -0.12786 0.00610991
v17587 0.0734276 -0.117118 0.000151612
v17588 0.0731488 -0.117128 0.000167681
v17589 0.0704771 -0.130359 0.0045487
v17590 0.0728683 -0.117139 0.000179392
v17591 0.0702133 -0.130362 0.00460217
v17592 0.072591 -0.117148 0.000198745
v17593 0.0723134 -0.117158 0.000217116
v17594 0.0634407 -0.1088 0.000326473
v17595 0.0721752 -0.117162 0.000227651
v17596 0.0631771 -0.108802 0.000381213
v17597 0.0718975 -0.117172 0.000245639
v17598 0.0629204 -0.108799 0.000454767
v17599 0.0716249 -0.117179 0.000276094
v17600 0.0626607 -0.108799 0.000520261
v17601 0.0625324 -0.108797 0.000557431
v17602 0.062403 -0.108797 0.000591259
v17603 0.0421927 -0.115912 0.00843874
v17604 0.0621455 -0.108795 0.000663121
v17605 0.0682657 -0.130417 0.00470874
v17606 0.0424432 -0.115921 0.00833068
v17607 0.0675992 -0.117322 0.000511181
v17608 0.0674602 -0.117327 0.000517813
v17609 0.0671788 -0.117339 0.000522509
v17610 0.0668942 -0.117353 0.000518241
v17611 0.0667557 -0.117358 0.000526098
v17612 0.0664803 -0.117367 0.000545523
v17613 0.0428227 -0.115932 0.00818282
v17614 0.0670505 -0.130439 0.00487018
v17615 0.0430742 -0.11594 0.00807951
v17616 0.0651393 -0.117394 0.000737328
v17617 0.0433272 -0.115946 0.00798154
v17618 0.0435792 -0.115954 0.00788053
v17619 0.0437048 -0.115958 0.00782889
v17620 0.0438304 -0.115962 0.00777714
v17621 0.0476779 -0.116109 0.00606225
v17622 0.0479226 -0.11612 0.00594309
v17623 0.0481707 -0.116129 0.00583601
v17624 0.0484183 -0.116138 0.0057271
v17625 0.0485423 -0.116143 0.00567362
v17626 0.0653146 -0.130463 0.00515177
v17627 0.048665 -0.116148 0.00561579
v17628 0.0676848 -0.116276 0.000259688
v17629 0.0679622 -0.116266 0.000244135
v17630 0.0690556 -0.116235 0.000137911
v17631 0.0693402 -0.116221 0.000140037
v17632 0.0694816 -0.116214 0.000138502
v17633 0.0697603 -0.116204 0.000124785
v17634 0.0700435 -0.116191 0.000122481
v17635 0.0703264 -0.116178 0.000118994
v17636 0.070602 -0.116169 9.68363e-05
v17637 0.0708766 -0.116161 7.20096e-05
v17638 0.0711499 -0.116153 4.37133e-05
v17639 0.071424 -0.116146 1.70924e-05
v17640 0.0468363 -0.13233 0.012178
v17641 0.0469658 -0.132331 0.0121396
v17642 0.0715588 -0.116143 -1.90392e-06
v17643 0.0716936 -0.11614 -2.0902e-05
v17644 0.071968 -0.116132 -4.69362e-05
v17645 0.0722459 -0.116122 -6.43888e-05
v17646 0.0478614 -0.13234 0.0118349
v17647 0.0760175 -0.115984 -0.000271428
v17648 0.0763001 -0.115972 -0.000280522
v17649 0.0764417 -0.115966 -0.000284552
v17650 0.0765819 -0.115961 -0.000291755
v17651 0.0472148 -0.117154 0.00644706
v17652 0.0469655 -0.117146 0.0065516
v17653 0.0467191 -0.117135 0.00666635
v17654 0.0464712 -0.117126 0.0067765
v17655 0.0461013 -0.117111 0.00694885
v17656 0.0458525 -0.117102 0.00705696
v17657 0.0456033 -0.117094 0.00716386
v17658 0.0453569 -0.117083 0.00728101
v17659 0.0565704 -0.130441 0.00759192
v17660 0.0452326 -0.117079 0.00733562
v17661 0.045107 -0.117075 0.00738636
v17662 0.0448571 -0.117067 0.00749188
v17663 0.0446076 -0.117058 0.00759931
v17664 0.0444819 -0.117055 0.00764991
v17665 0.039695 -0.11691 0.0096
v17666 0.0394453 -0.116901 0.00971468
v17667 0.0393179 -0.116897 0.00976292
v17668 0.0391906 -0.116894 0.00981136
v17669 0.0388076 -0.116885 0.00995266
v17670 0.0386812 -0.116881 0.0100048
v17671 0.038554 -0.116878 0.0100541
v17672 0.070334 -0.127811 0.00354409
v17673 0.0383019 -0.11687 0.0101617
v17674 0.0706074 -0.127805 0.00351614
v17675 0.0707421 -0.127802 0.00349702
v17676 0.0708769 -0.1278 0.0034781
v17677 0.0380455 -0.116864 0.0102531
v17678 0.0711441 -0.127796 0.00343405
v17679 0.0379171 -0.116862 0.0102978
v17680 0.0714098 -0.127793 0.00338628
v17681 0.0377885 -0.11686 0.0103424
v17682 0.0716816 -0.127788 0.00335388
v17683 0.0375309 -0.116855 0.0104293
v17684 0.071954 -0.127782 0.00332266
v17685 0.0372776 -0.116847 0.0105339
v17686 0.0722235 -0.127777 0.00328422
v17687 0.037149 -0.116845 0.0105782
v17688 0.0724969 -0.127771 0.00325534
v17689 0.072634 -0.127768 0.00324213
v17690 0.0727718 -0.127764 0.0032304
v17691 0.0370205 -0.116842 0.0106234
v17692 0.0730458 -0.127758 0.00320286
v17693 0.0366373 -0.116833 0.0107686
v17694 0.0733206 -0.127751 0.00317711
v17695 0.0365091 -0.11683 0.0108152
v17696 0.0735972 -0.127744 0.00315573
v17697 0.0363845 -0.116824 0.0108762
v17698 0.0361274 -0.116819 0.010967
v17699 0.0358707 -0.116814 0.0110596
v17700 0.0357443 -0.116809 0.0111141
v17701 0.0356179 -0.116805 0.0111685
v17702 0.0353673 -0.116795 0.0112867
v17703 0.0768649 -0.115949 -0.000300446
v17704 0.0771411 -0.115941 -0.000325592
v17705 0.0774168 -0.115933 -0.000352099
v17706 0.0381469 -0.115651 0.010076
v17707 0.0384044 -0.115656 0.00998867
v17708 0.0386573 -0.115664 0.00988356
v17709 0.0390395 -0.115674 0.00973772
v17710 0.0391685 -0.115676 0.00969518
v17711 0.0392981 -0.115678 0.00965502
v17712 0.0395532 -0.115684 0.00955968
v17713 0.0398083 -0.11569 0.00946445
v17714 0.0399356 -0.115694 0.00941617
v17715 0.0423175 -0.11578 0.00837824
v17716 0.0440772 -0.115837 0.00765284
v17717 0.0618838 -0.108795 0.000723238
v17718 0.0443318 -0.115842 0.00756204
v17719 0.0444586 -0.115845 0.00751464
v17720 0.0616201 -0.108797 0.000777799
v17721 0.0614912 -0.108796 0.000813488
v17722 0.0613616 -0.108796 0.00084691
v17723 0.04471 -0.115853 0.00741309
v17724 0.0449629 -0.115859 0.00731708
v17725 0.0609768 -0.108792 0.000959195
v17726 0.045084 -0.115866 0.00725063
v17727 0.0452089 -0.115871 0.00719739
v17728 0.0780136 -0.117101 -0.000160971
v17729 0.0782405 -0.127594 0.00296695
v17730 0.0777347 -0.11711 -0.000141843
v17731 0.0607206 -0.108789 0.00103499
v17732 0.0786706 -0.127578 0.00296567
v17733 0.0774518 -0.117121 -0.000132597
v17734 0.0771765 -0.117129 -0.000105619
v17735 0.0770402 -0.117132 -8.88955e-05
v17736 0.0604633 -0.108786 0.00110795
v17737 0.0767654 -0.11714 -6.06389e-05
v17738 0.0602042 -0.108785 0.00117579
v17739 0.0764883 -0.117148 -3.83228e-05
v17740 0.0599507 -0.10878 0.00125967
v17741 0.0762068 -0.117159 -2.65023e-05
v17742 0.059695 -0.108777 0.00133745
v17743 0.0595649 -0.108776 0.00137014
v17744 0.0594409 -0.108772 0.00142002
v17745 0.0759283 -0.117169 -7.85786e-06
v17746 0.0591874 -0.108767 0.00150449
v17747 0.0757896 -0.117173 2.68646e-06
v17748 0.0756497 -0.117178 1.03849e-05
v17749 0.058811 -0.108756 0.00164262
v17750 0.0720458 -0.117296 0.000274298
v17751 0.058557 -0.108752 0.00172604
v17752 0.0717697 -0.117305 0.000296149
v17753 0.0583076 -0.108744 0.00182307
v17754 0.0712189 -0.117321 0.000342689
v17755 0.0580586 -0.108735 0.0019215
v17756 0.0710805 -0.117326 0.000352335
v17757 0.0708034 -0.117335 0.000370953
v17758 0.0705212 -0.117348 0.000376423
v17759 0.05756 -0.108719 0.00211753
v17760 0.057437 -0.108713 0.00217159
v17761 0.0702423 -0.117358 0.000389964
v17762 0.0571886 -0.108704 0.00227286
v17763 0.0699623 -0.117369 0.000400661
v17764 0.0569342 -0.108699 0.0023566
v17765 0.0696838 -0.117379 0.00041461
v17766 0.0335883 -0.127469 0.0144006
v17767 0.0694101 -0.117387 0.000440908
v17768 0.0338391 -0.127477 0.0142815
v17769 0.0691354 -0.117395 0.000464366
v17770 0.0340993 -0.127479 0.0142022
v17771 0.0688656 -0.117401 0.00050057
v17772 0.0343555 -0.127483 0.0141066
v17773 0.0344784 -0.127489 0.0140375
v17774 0.0346086 -0.12749 0.0139986
v17775 0.0685883 -0.117411 0.000516956
v17776 0.0454562 -0.115881 0.00708238
v17777 0.0350005 -0.127491 0.0138877
v17778 0.0455782 -0.115887 0.00701963
v17779 0.0352558 -0.127496 0.0137896
v17780 0.035383 -0.127499 0.0137387
v17781 0.0355063 -0.127504 0.0136721
v17782 0.0674653 -0.117458 0.000544272
v17783 0.0357618 -0.127509 0.0135757
v17784 0.0671861 -0.117469 0.000554682
v17785 0.0360162 -0.127514 0.0134749
v17786 0.0668991 -0.117484 0.000544016
v17787 0.0362685 -0.12752 0.0133659
v17788 0.0667612 -0.117489 0.000553287
v17789 0.0365212 -0.127527 0.0132592
v17790 0.0366495 -0.127528 0.0132141
v17791 0.0367777 -0.12753 0.0131684
v17792 0.0457034 -0.115891 0.00696773
v17793 0.0525672 -0.132394 0.0101775
v17794 0.0371562 -0.12754 0.0130071
v17795 0.0372822 -0.127543 0.0129533
v17796 0.03741 -0.127545 0.0129062
v17797 0.052814 -0.1324 0.0100662
v17798 0.0376641 -0.12755 0.012807
v17799 0.0460763 -0.115905 0.00680383
v17800 0.0379191 -0.127554 0.0127116
v17801 0.038042 -0.12756 0.0126459
v17802 0.0381728 -0.12756 0.012611
v17803 0.0462018 -0.115909 0.00675356
v17804 0.0384351 -0.12756 0.0125447
v17805 0.0533115 -0.132411 0.00985671
v17806 0.0386928 -0.127562 0.0124605
v17807 0.0388244 -0.127562 0.012429
v17808 0.0389554 -0.127562 0.0123953
v17809 0.0535577 -0.132417 0.00974424
v17810 0.0392206 -0.12756 0.0123404
v17811 0.0536851 -0.132418 0.00970205
v17812 0.039484 -0.127559 0.0122785
v17813 0.0538114 -0.13242 0.00965602
v17814 0.0397478 -0.127558 0.012218
v17815 0.0541857 -0.132427 0.00950447
v17816 0.0400112 -0.127557 0.0121563
v17817 0.0543069 -0.13243 0.00944299
v17818 0.0463264 -0.115913 0.00669988
v17819 0.0403984 -0.12756 0.0120336
v17820 0.0465729 -0.115924 0.00658453
v17821 0.0406601 -0.12756 0.0119657
v17822 0.0468169 -0.115936 0.00646075
v17823 0.040919 -0.127562 0.0118875
v17824 0.0470608 -0.115948 0.00633721
v17825 0.041176 -0.127565 0.0118021
v17826 0.0473052 -0.11596 0.00621571
v17827 0.0474272 -0.115966 0.00615459
v17828 0.0550624 -0.130419 0.00814399
v17829 0.0567154 -0.132456 0.0086149
v17830 0.0548113 -0.130415 0.00823761
v17831 0.0568454 -0.132455 0.00858142
v17832 0.0545609 -0.130411 0.0083338
v17833 0.0544373 -0.130408 0.00838678
v17834 0.0543139 -0.130405 0.00844054
v17835 0.0571032 -0.132456 0.0085085
v17836 0.0574811 -0.132461 0.00837266
v17837 0.0539422 -0.130397 0.00859783
v17838 0.0589871 -0.132481 0.00781741
v17839 0.0536909 -0.130393 0.00869215
v17840 0.0598767 -0.132488 0.00752987
v17841 0.05344 -0.130389 0.00878788
v17842 0.06078 -0.132489 0.007284
v17843 0.0531909 -0.130384 0.0088897
v17844 0.0625719 -0.132497 0.006754
v17845 0.0529315 -0.130383 0.00895914
v17846 0.0637456 -0.132492 0.00647708
v17847 0.0526741 -0.130382 0.00903483
v17848 0.0649146 -0.13249 0.00618792
v17849 0.0524213 -0.130379 0.00912546
v17850 0.0721385 -0.132878 0.00542846
v17851 0.0700983 -0.132915 0.0056781
v17852 0.0566806 -0.108694 0.00244294
v17853 0.0699613 -0.132918 0.00569176
v17854 0.0564193 -0.108694 0.00250671
v17855 0.0689469 -0.132428 0.00558948
v17856 0.0515426 -0.130364 0.00946459
v17857 0.0692169 -0.132424 0.00555208
v17858 0.0512812 -0.130364 0.00952833
v17859 0.0694921 -0.132417 0.00552817
v17860 0.0510238 -0.130363 0.00960563
v17861 0.0697668 -0.132411 0.00550267
v17862 0.0507767 -0.130356 0.00971636
v17863 0.0700389 -0.132406 0.00547029
v17864 0.0505339 -0.130348 0.00984156
v17865 0.0703093 -0.132402 0.00543356
v17866 0.0442359 -0.11718 0.00777609
v17867 0.0561574 -0.108694 0.00256845
v17868 0.0439819 -0.117174 0.00786864
v17869 0.0437263 -0.117169 0.00795593
v17870 0.0434744 -0.117162 0.00805641
v17871 0.0496328 -0.130343 0.0101138
v17872 0.0432216 -0.117156 0.00815404
v17873 0.0493732 -0.130342 0.010185
v17874 0.0429676 -0.11715 0.00824759
v17875 0.049113 -0.130342 0.0102538
v17876 0.0425918 -0.117137 0.0084074
v17877 0.0423411 -0.117129 0.00851394
v17878 0.0420853 -0.117124 0.00860219
v17879 0.0418313 -0.117118 0.00869703
v17880 0.0415782 -0.117112 0.00879597
v17881 0.041329 -0.117102 0.00890912
v17882 0.0412047 -0.117097 0.00896696
v17883 0.0481059 -0.130324 0.0106454
v17884 0.0410795 -0.117092 0.009022
v17885 0.0407026 -0.11708 0.00918188
v17886 0.0477307 -0.130316 0.010802
v17887 0.047604 -0.130314 0.0108489
v17888 0.0474782 -0.130312 0.0108986
v17889 0.0405765 -0.117076 0.00923385
v17890 0.047219 -0.130311 0.0109726
v17891 0.0404521 -0.117071 0.00929215
v17892 0.0402016 -0.117062 0.00940267
v17893 0.0723173 -0.108763 -0.00102271
v17894 0.0399489 -0.117054 0.00950507
v17895 0.0352448 -0.116925 0.0113587
v17896 0.0647291 -0.132993 0.00650503
v17897 0.0716159 -0.108793 -0.000988913
v17898 0.063692 -0.132994 0.00676893
v17899 0.0713409 -0.108801 -0.000962019
v17900 0.06252 -0.132998 0.00705264
v17901 0.0605897 -0.132994 0.00759384
v17902 0.0660229 -0.116203 0.000342068
v17903 0.0662951 -0.116195 0.000314087
v17904 0.0665672 -0.116188 0.000285707
v17905 0.066845 -0.116177 0.000271935
v17906 0.0671267 -0.116165 0.000268437
v17907 0.0674042 -0.116154 0.000253465
v17908 0.0676769 -0.116147 0.00022586
v17909 0.067951 -0.116138 0.000201737
v17910 0.0682264 -0.116129 0.000180677
v17911 0.0684939 -0.116125 0.000139238
v17912 0.0695472 -0.108862 -0.000806077
v17913 0.06877 -0.116115 0.000119788
v17914 0.07128 -0.116019 -1.04133e-06
v17915 0.0762118 -0.117291 4.62867e-07
v17916 0.0752384 -0.117323 6.82378e-05
v17917 0.0751023 -0.117326 8.49456e-05
v17918 0.0748311 -0.117332 0.000120481
v17919 0.0745576 -0.117339 0.000150456
v17920 0.0742838 -0.117346 0.000179674
v17921 0.0740111 -0.117353 0.000211286
v17922 0.0737343 -0.117362 0.000232689
v17923 0.0734533 -0.117373 0.000243739
v17924 0.0731763 -0.117382 0.000264309
v17925 0.072895 -0.117393 0.000273913
v17926 0.0726137 -0.117404 0.000283497
v17927 0.0723336 -0.117415 0.000295609
v17928 0.0720559 -0.117424 0.000313652
v17929 0.0717781 -0.117434 0.000331209
v17930 0.0715075 -0.11744 0.000366636
v17931 0.0680298 -0.117566 0.000552228
v17932 0.0677489 -0.117578 0.000558503
v17933 0.0674685 -0.11759 0.000565841
v17934 0.0671893 -0.117601 0.000575937
v17935 0.0669038 -0.117615 0.000569372
v17936 0.066766 -0.11762 0.000578973
v17937 0.0664896 -0.117629 0.000595911
v17938 0.0662193 -0.117636 0.000628818
v17939 0.070584 -0.132395 0.00540761
v17940 0.0707188 -0.132393 0.00538802
v17941 0.0651445 -0.117658 0.000776519
v17942 0.071677 -0.132373 0.00528764
v17943 0.0719468 -0.132369 0.00524858
v17944 0.0730749 -0.115962 -0.000143859
v17945 0.073353 -0.115952 -0.000161658
v17946 0.0736362 -0.11594 -0.000167052
v17947 0.0739161 -0.115929 -0.000180828
v17948 0.0742 -0.115916 -0.000185021
v17949 0.0743426 -0.11591 -0.00018587
v17950 0.0746269 -0.115897 -0.000189351
v17951 0.074904 -0.115888 -0.000210886
v17952 0.0751798 -0.11588 -0.000235661
v17953 0.075457 -0.115871 -0.000257279
v17954 0.0755933 -0.115867 -0.000273605
v17955 0.0757302 -0.115864 -0.000288611
v17956 0.0760119 -0.115852 -0.000299786
v17957 0.0400604 -0.115562 0.00935422
v17958 0.0403123 -0.11557 0.00924784
v17959 0.0405656 -0.115578 0.00914676
v17960 0.0409405 -0.115593 0.00897734
v17961 0.041065 -0.115598 0.00891956
v17962 0.0411889 -0.115604 0.00885923
v17963 0.041439 -0.115613 0.00874811
v17964 0.0416893 -0.115622 0.00863795
v17965 0.0419407 -0.115631 0.00853209
v17966 0.0421897 -0.115641 0.00841806
v17967 0.042315 -0.115646 0.00836402
v17968 0.0424411 -0.115649 0.00831321
v17969 0.0428187 -0.115661 0.00815808
v17970 0.0430696 -0.11567 0.00805226
v17971 0.0433218 -0.115677 0.00795155
v17972 0.0435745 -0.115684 0.00785275
v17973 0.0437003 -0.115688 0.00780156
v17974 0.0438257 -0.115692 0.00774927
v17975 0.0476749 -0.11584 0.00603791
v17976 0.0479227 -0.115849 0.00592879
v17977 0.0481686 -0.115859 0.00581386
v17978 0.0464785 -0.117393 0.00681467
v17979 0.046103 -0.117382 0.00696775
v17980 0.0458536 -0.117373 0.00707372
v17981 0.0456063 -0.117363 0.00718707
v17982 0.0453577 -0.117355 0.00729628
v17983 0.0452334 -0.11735 0.00735086
v17984 0.0451093 -0.117345 0.0074067
v17985 0.0448605 -0.117336 0.00751609
v17986 0.0447371 -0.117331 0.00757449
v17987 0.0444881 -0.117322 0.00768361
v17988 0.0441129 -0.11731 0.00784238
v17989 0.0433484 -0.117295 0.00811197
v17990 0.0419584 -0.117258 0.00865459
v17991 0.0400792 -0.117192 0.00947262
v17992 0.0397028 -0.117179 0.00963686
v17993 0.0394524 -0.117169 0.00974913
v17994 0.0390696 -0.11716 0.00989066
v17995 0.0388156 -0.117154 0.00999
v17996 0.0386887 -0.11715 0.0100404
v17997 0.0385611 -0.117147 0.010088
v17998 0.0589294 -0.1089 0.00158726
v17999 0.0383081 -0.117139 0.010192
v18000 0.0380522 -0.117134 0.0102849
v18001 0.037797 -0.117128 0.0103812
v18002 0.0375404 -0.117122 0.0104718
v18003 0.037288 -0.117114 0.0105798
v18004 0.0370308 -0.117109 0.0106691
v18005 0.0366483 -0.117099 0.0108166
v18006 0.0363947 -0.117092 0.0109207
v18007 0.036136 -0.117088 0.0110053
v18008 0.0358796 -0.117082 0.011099
v18009 0.0356269 -0.117073 0.0112083
v18010 0.0353749 -0.117064 0.0113206
v18011 0.0352479 -0.11706 0.0113728
v18012 0.0484159 -0.115869 0.00570411
v18013 0.0485367 -0.115875 0.00564003
v18014 0.0486589 -0.115881 0.00558064
v18015 0.0564994 -0.11611 0.00246183
v18016 0.0665639 -0.116056 0.000264108
v18017 0.0668418 -0.116045 0.00025055
v18018 0.0691854 -0.115967 7.99817e-05
v18019 0.0693269 -0.11596 7.86937e-05
v18020 0.0696104 -0.115947 7.75682e-05
v18021 0.0697484 -0.115942 6.71576e-05
v18022 0.0700276 -0.115932 5.4544e-05
v18023 0.054749 -0.108809 0.00301691
v18024 0.070309 -0.11592 4.74459e-05
v18025 0.0705883 -0.115909 3.44914e-05
v18026 0.0544966 -0.108802 0.00310838
v18027 0.0708631 -0.115901 1.00426e-05
v18028 0.0542427 -0.108796 0.00319547
v18029 0.0709996 -0.115897 -4.44015e-06
v18030 0.0539878 -0.108791 0.00327956
v18031 0.0711363 -0.115893 -1.84556e-05
v18032 0.0714108 -0.115885 -4.40625e-05
v18033 0.071681 -0.115879 -8.04877e-05
v18034 0.0719545 -0.115872 -0.000108825
v18035 0.072233 -0.115861 -0.000124686
v18036 0.0725123 -0.115851 -0.000139046
v18037 0.0727908 -0.115841 -0.000155299
v18038 0.0713343 -0.10894 -0.000964401
v18039 0.0782954 -0.117358 -0.000142676
v18040 0.0710582 -0.10895 -0.000940468
v18041 0.0780234 -0.117364 -0.000107238
v18042 0.0707828 -0.108959 -0.000914873
v18043 0.0777441 -0.117373 -8.93086e-05
v18044 0.0705046 -0.108969 -0.00089657
v18045 0.0774616 -0.117384 -7.91404e-05
v18046 0.0702296 -0.108978 -0.000870425
v18047 0.0771846 -0.117393 -5.60608e-05
v18048 0.0769087 -0.117401 -3.06782e-05
v18049 0.0743161 -0.130407 0.00417728
v18050 0.0767696 -0.117405 -2.07495e-05
v18051 0.0740361 -0.130415 0.00419115
v18052 0.0764939 -0.117413 5.08265e-06
v18053 0.076215 -0.117423 2.29563e-05
v18054 0.0759394 -0.117431 4.86794e-05
v18055 0.0756604 -0.117441 6.58057e-05
v18056 0.073462 -0.117502 0.000279576
v18057 0.0731862 -0.117511 0.000302991
v18058 0.0709551 -0.117591 0.000422544
v18059 0.0708171 -0.117596 0.000433313
v18060 0.0705331 -0.117609 0.00043428
v18061 0.0702508 -0.117621 0.000439077
v18062 0.0699744 -0.11763 0.000458712
v18063 0.0697004 -0.117638 0.000484489
v18064 0.0694273 -0.117645 0.000512194
v18065 0.0722122 -0.127649 0.00324172
v18066 0.0691431 -0.117659 0.000511122
v18067 0.0688584 -0.117672 0.000508583
v18068 0.0685774 -0.117684 0.000515261
v18069 0.0683071 -0.11769 0.000549649
v18070 0.0680272 -0.117701 0.000558625
v18071 0.0677522 -0.11771 0.0005803
v18072 0.0753116 -0.115745 -0.000277707
v18073 0.0771382 -0.115674 -0.000362629
v18074 0.038143 -0.115379 0.010055
v18075 0.0383994 -0.115385 0.00996306
v18076 0.0387812 -0.115396 0.00981458
v18077 0.039038 -0.115401 0.009725
v18078 0.0392963 -0.115405 0.00964097
v18079 0.0395523 -0.11541 0.00954869
v18080 0.0398059 -0.115418 0.00944764
v18081 0.0400615 -0.115424 0.00935443
v18082 0.0745583 -0.127588 0.00304771
v18083 0.0746983 -0.127583 0.00304093
v18084 0.0404383 -0.115437 0.00919067
v18085 0.0749775 -0.127575 0.00302489
v18086 0.0529257 -0.132275 0.00996469
v18087 0.0752552 -0.127567 0.00300515
v18088 0.0579609 -0.132344 0.00811012
v18089 0.0699592 -0.108984 -0.00083264
v18090 0.0580853 -0.132346 0.00806063
v18091 0.0582095 -0.132348 0.00801063
v18092 0.0696825 -0.108994 -0.000811079
v18093 0.0695423 -0.109 -0.000804881
v18094 0.0694062 -0.109004 -0.000788543
v18095 0.0584659 -0.13235 0.0079342
v18096 0.0691326 -0.109012 -0.000759256
v18097 0.0587203 -0.132352 0.00785217
v18098 0.0504651 -0.117652 0.00517445
v18099 0.0688652 -0.109016 -0.000714247
v18100 0.0588502 -0.132351 0.00781947
v18101 0.0685964 -0.109021 -0.000673177
v18102 0.0589707 -0.132355 0.00775861
v18103 0.0683271 -0.109027 -0.000633158
v18104 0.0592291 -0.132355 0.00768883
v18105 0.0594883 -0.132355 0.00762135
v18106 0.0779541 -0.127472 0.00295326
v18107 0.0491061 -0.117604 0.00576831
v18108 0.0782319 -0.127464 0.00293139
v18109 0.0596113 -0.132358 0.00756852
v18110 0.0680599 -0.109031 -0.000587751
v18111 0.0598634 -0.132361 0.00748055
v18112 0.0601206 -0.132361 0.00740753
v18113 0.0603798 -0.132361 0.0073405
v18114 0.0605063 -0.132362 0.00729812
v18115 0.0677969 -0.109033 -0.000531612
v18116 0.0606332 -0.132363 0.00725671
v18117 0.067529 -0.109037 -0.000488139
v18118 0.0608884 -0.132365 0.0071786
v18119 0.0672598 -0.109043 -0.000448222
v18120 0.0611421 -0.132367 0.00709608
v18121 0.0669927 -0.109047 -0.000402775
v18122 0.0613954 -0.132369 0.0070126
v18123 0.0667279 -0.10905 -0.00035163
v18124 0.0616514 -0.13237 0.00693699
v18125 0.0664629 -0.109053 -0.000300816
v18126 0.046601 -0.117534 0.00676177
v18127 0.0661959 -0.109057 -0.000255158
v18128 0.044243 -0.117447 0.00781299
v18129 0.0659259 -0.109063 -0.000217886
v18130 0.0441168 -0.117443 0.00786179
v18131 0.0656656 -0.109063 -0.000154645
v18132 0.0439866 -0.117443 0.0078969
v18133 0.0654034 -0.109064 -9.63375e-05
v18134 0.043731 -0.117439 0.00798371
v18135 0.0651378 -0.109067 -4.71873e-05
v18136 0.0434787 -0.117432 0.00808255
v18137 0.0648782 -0.109067 1.79639e-05
v18138 0.0647541 -0.109063 6.57047e-05
v18139 0.0433528 -0.117428 0.00813314
v18140 0.0644916 -0.109064 0.000123248
v18141 0.0432268 -0.117425 0.00818347
v18142 0.0642282 -0.109066 0.000178473
v18143 0.0429741 -0.117418 0.00828135
v18144 0.0639642 -0.109068 0.000231794
v18145 0.0427242 -0.117409 0.00839022
v18146 0.0337062 -0.127342 0.0143092
v18147 0.0425987 -0.117405 0.00844268
v18148 0.0423475 -0.117397 0.00854705
v18149 0.0420905 -0.117394 0.00863062
v18150 0.0419641 -0.11739 0.00868035
v18151 0.0418381 -0.117386 0.00873156
v18152 0.0415849 -0.11738 0.00882959
v18153 0.0413356 -0.11737 0.00894272
v18154 0.041087 -0.11736 0.00905848
v18155 0.0407099 -0.117348 0.00921751
v18156 0.0404583 -0.11734 0.00932353
v18157 0.0402083 -0.11733 0.00943565
v18158 0.0400839 -0.117325 0.00949406
v18159 0.0399576 -0.117321 0.00954569
v18160 0.0374209 -0.11725 0.0105545
v18161 0.0429446 -0.115529 0.00810164
v18162 0.0440769 -0.115564 0.00764003
v18163 0.035884 -0.127378 0.0135033
v18164 0.0443262 -0.115573 0.00753041
v18165 0.0444511 -0.115578 0.00747671
v18166 0.0447043 -0.115584 0.0073809
v18167 0.0449604 -0.115588 0.00729602
v18168 0.0452059 -0.1156 0.00717435
v18169 0.0454523 -0.115611 0.00705616
v18170 0.0455772 -0.115616 0.00700313
v18171 0.0457009 -0.115621 0.00694615
v18172 0.0460696 -0.115638 0.0067675
v18173 0.0461947 -0.115642 0.00671597
v18174 0.0463182 -0.115647 0.00665851
v18175 0.0465667 -0.115656 0.0065498
v18176 0.0466873 -0.115663 0.00648286
v18177 0.0468082 -0.11567 0.00641748
v18178 0.0470529 -0.115682 0.00629661
v18179 0.0473014 -0.115691 0.00618884
v18180 0.0474251 -0.115696 0.00613347
v18181 0.0562612 -0.115963 0.00257826
v18182 0.0705145 -0.133038 0.00566308
v18183 0.0703816 -0.133039 0.00568771
v18184 0.070249 -0.13304 0.00571313
v18185 0.0699787 -0.133045 0.00575045
v18186 0.0769157 -0.117531 1.09638e-06
v18187 0.0766361 -0.117541 1.75518e-05
v18188 0.0747153 -0.117593 0.000215827
v18189 0.0745784 -0.117596 0.000230479
v18190 0.0743041 -0.117604 0.000258284
v18191 0.0741679 -0.117607 0.000274559
v18192 0.0740294 -0.117612 0.000285165
v18193 0.0737543 -0.117619 0.000310928
v18194 0.0734751 -0.117629 0.000326227
v18195 0.0726327 -0.117662 0.000359182
v18196 0.0723506 -0.117674 0.000366329
v18197 0.0720694 -0.117685 0.000375532
v18198 0.0717915 -0.117695 0.000392774
v18199 0.0715197 -0.117701 0.000425092
v18200 0.0712419 -0.117711 0.000442277
v18201 0.0694346 -0.117775 0.000544384
v18202 0.0691495 -0.117789 0.000541029
v18203 0.0688666 -0.117802 0.000543282
v18204 0.0685831 -0.117815 0.000543348
v18205 0.0673323 -0.117861 0.000605996
v18206 0.0671954 -0.117865 0.000618132
v18207 0.0669115 -0.117878 0.000615436
v18208 0.0666371 -0.117887 0.000637927
v18209 0.0663635 -0.117895 0.000661878
v18210 0.0662245 -0.1179 0.000668204
v18211 0.0619087 -0.132371 0.00686519
v18212 0.0622923 -0.132372 0.00675105
v18213 0.0625535 -0.132371 0.00669046
v18214 0.0628139 -0.13237 0.00662783
v18215 0.0630737 -0.13237 0.00656342
v18216 0.0633363 -0.132368 0.006507
v18217 0.063467 -0.132368 0.00647722
v18218 0.0635983 -0.132367 0.00644902
v18219 0.063855 -0.132367 0.0063761
v18220 0.0641127 -0.132368 0.0063061
v18221 0.0643724 -0.132367 0.00624191
v18222 0.064502 -0.132367 0.00620897
v18223 0.0646345 -0.132366 0.00618406
v18224 0.0726673 -0.130444 0.00433692
v18225 0.0654191 -0.132362 0.00600649
v18226 0.0697106 -0.133048 0.00579347
v18227 0.0686293 -0.133066 0.00594134
v18228 0.0657415 -0.115948 0.00032024
v18229 0.066017 -0.115938 0.000300946
v18230 0.0662901 -0.11593 0.000275283
v18231 0.0664278 -0.115926 0.00026518
v18232 0.0665645 -0.115922 0.000252659
v18233 0.066841 -0.115912 0.000235486
v18234 0.0671206 -0.1159 0.000226339
v18235 0.0673976 -0.11589 0.000210186
v18236 0.067666 -0.115885 0.000171038
v18237 0.0701577 -0.132277 0.00539591
v18238 0.0702934 -0.132275 0.00537873
v18239 0.067935 -0.115879 0.000133685
v18240 0.0704971 -0.130484 0.00461377
v18241 0.0682101 -0.115871 0.00011184
v18242 0.0684785 -0.115865 7.27247e-05
v18243 0.0687556 -0.115855 5.58134e-05
v18244 0.0732035 -0.115694 -0.000207136
v18245 0.0733428 -0.115689 -0.000215464
v18246 0.0637034 -0.109069 0.000293979
v18247 0.0736252 -0.115677 -0.000222972
v18248 0.0634377 -0.109072 0.000342659
v18249 0.0739072 -0.115666 -0.000231768
v18250 0.0631732 -0.109075 0.000394762
v18251 0.0741887 -0.115654 -0.000241936
v18252 0.0629157 -0.109073 0.000466099
v18253 0.0744739 -0.115641 -0.000243161
v18254 0.0626563 -0.109072 0.000532247
v18255 0.0625266 -0.109071 0.000565322
v18256 0.0746153 -0.115635 -0.000246925
v18257 0.0748904 -0.115627 -0.000273378
v18258 0.0751647 -0.115619 -0.000301772
v18259 0.0754426 -0.11561 -0.000321691
v18260 0.075719 -0.115601 -0.000345289
v18261 0.0759997 -0.115591 -0.000358737
v18262 0.0674698 -0.130559 0.00486726
v18263 0.0461078 -0.11765 0.0069974
v18264 0.0459826 -0.117646 0.00704848
v18265 0.067066 -0.130566 0.00492412
v18266 0.0669331 -0.130567 0.00494766
v18267 0.0458603 -0.11764 0.00710974
v18268 0.0666642 -0.130572 0.00498621
v18269 0.0456117 -0.117631 0.00721851
v18270 0.0663925 -0.130577 0.00501716
v18271 0.045364 -0.117622 0.00733078
v18272 0.066123 -0.130582 0.005054
v18273 0.0451171 -0.117612 0.00744622
v18274 0.0658542 -0.130586 0.00509266
v18275 0.0448694 -0.117602 0.00755907
v18276 0.0655895 -0.130589 0.00514226
v18277 0.0447441 -0.117598 0.00761091
v18278 0.065325 -0.130592 0.00519233
v18279 0.0444941 -0.11759 0.00771639
v18280 0.0650624 -0.130593 0.00524785
v18281 0.0408417 -0.117484 0.00919146
v18282 0.0647999 -0.130595 0.00530323
v18283 0.0397114 -0.117446 0.00967718
v18284 0.0645338 -0.130599 0.00534916
v18285 0.0394605 -0.117437 0.00978712
v18286 0.0642684 -0.130602 0.00539652
v18287 0.0641373 -0.130602 0.00542487
v18288 0.0640063 -0.130603 0.00545342
v18289 0.0390795 -0.117427 0.00993543
v18290 0.0610482 -0.130598 0.0062665
v18291 0.0388247 -0.117421 0.0100318
v18292 0.0607854 -0.1306 0.00632183
v18293 0.03857 -0.117415 0.0101284
v18294 0.0605319 -0.130597 0.00640396
v18295 0.0383175 -0.117407 0.0102342
v18296 0.0381901 -0.117403 0.0102829
v18297 0.0380627 -0.1174 0.0103317
v18298 0.0378063 -0.117395 0.0104227
v18299 0.0596434 -0.13059 0.00668913
v18300 0.0375499 -0.11739 0.0105147
v18301 0.0593715 -0.130596 0.00671807
v18302 0.0374256 -0.117384 0.0105757
v18303 0.0591013 -0.130601 0.00675193
v18304 0.0589728 -0.130601 0.0067882
v18305 0.058846 -0.130599 0.00682974
v18306 0.0372976 -0.117381 0.0106227
v18307 0.0585909 -0.130598 0.00690793
v18308 0.0369128 -0.117373 0.0107603
v18309 0.0583436 -0.130593 0.00700965
v18310 0.0582192 -0.13059 0.00705839
v18311 0.0581017 -0.130585 0.00712762
v18312 0.0366575 -0.117367 0.0108574
v18313 0.0364036 -0.11736 0.0109605
v18314 0.0577304 -0.130577 0.00727984
v18315 0.0576044 -0.130576 0.00732415
v18316 0.0574805 -0.130573 0.00737493
v18317 0.0361468 -0.117354 0.0110525
v18318 0.0572291 -0.13057 0.00746529
v18319 0.036018 -0.117352 0.0110968
v18320 0.0569751 -0.130568 0.00754848
v18321 0.0568451 -0.130568 0.00758113
v18322 0.0567168 -0.130567 0.00761867
v18323 0.0358907 -0.117348 0.0111473
v18324 0.0564523 -0.13057 0.00767037
v18325 0.0356367 -0.117341 0.0112513
v18326 0.0561921 -0.13057 0.00773486
v18327 0.0353842 -0.117332 0.0113614
v18328 0.0559423 -0.130566 0.00783122
v18329 0.0558152 -0.130565 0.00787267
v18330 0.0403123 -0.115296 0.00923961
v18331 0.0404377 -0.115301 0.00918424
v18332 0.0405634 -0.115305 0.00913023
v18333 0.040937 -0.115321 0.00895568
v18334 0.0551979 -0.13055 0.00813749
v18335 0.0410637 -0.115325 0.00890572
v18336 0.0411885 -0.11533 0.00884862
v18337 0.0414381 -0.11534 0.00873544
v18338 0.04169 -0.115348 0.0086308
v18339 0.0419407 -0.115357 0.00852251
v18340 0.0421919 -0.115366 0.00841613
v18341 0.0423173 -0.11537 0.00836228
v18342 0.0424424 -0.115375 0.00830748
v18343 0.0428183 -0.115388 0.00814636
v18344 0.0591046 -0.12759 0.00610476
v18345 0.0429439 -0.115392 0.0080935
v18346 0.043069 -0.115397 0.00803932
v18347 0.0433219 -0.115404 0.00794087
v18348 0.0435733 -0.115412 0.00783732
v18349 0.0538171 -0.130529 0.00865574
v18350 0.0438254 -0.11542 0.00773673
v18351 0.0780332 -0.117627 -5.35963e-05
v18352 0.0777491 -0.117639 -4.71749e-05
v18353 0.0774691 -0.117648 -3.10964e-05
v18354 0.0532051 -0.130511 0.00894349
v18355 0.077198 -0.117654 5.92471e-06
v18356 0.0769232 -0.117661 3.41115e-05
v18357 0.0766396 -0.117673 4.09052e-05
v18358 0.0764998 -0.117678 4.90541e-05
v18359 0.0762237 -0.117686 7.36742e-05
v18360 0.0759522 -0.117692 0.000108992
v18361 0.0523092 -0.130504 0.00922524
v18362 0.0756774 -0.1177 0.000136543
v18363 0.0754075 -0.117705 0.000175543
v18364 0.0623964 -0.109071 0.000596934
v18365 0.0751351 -0.117711 0.000208432
v18366 0.0745891 -0.117725 0.000271087
v18367 0.0705548 -0.117865 0.000516773
v18368 0.0704148 -0.11787 0.000522315
v18369 0.0702736 -0.117876 0.000524554
v18370 0.0699955 -0.117886 0.000539885
v18371 0.0698553 -0.117892 0.000544577
v18372 0.0697182 -0.117896 0.000557197
v18373 0.062139 -0.109069 0.000668981
v18374 0.0694416 -0.117905 0.000576019
v18375 0.0691555 -0.117919 0.000569964
v18376 0.0688743 -0.117931 0.000576344
v18377 0.0683093 -0.117956 0.000581798
v18378 0.0680244 -0.11797 0.000577702
v18379 0.0677483 -0.117979 0.00059633
v18380 0.0476704 -0.115571 0.00600847
v18381 0.0479175 -0.115581 0.00589691
v18382 0.0481653 -0.11559 0.00578812
v18383 0.0484105 -0.115601 0.00567123
v18384 0.0487783 -0.115618 0.00549666
v18385 0.061876 -0.109071 0.000725075
v18386 0.0490241 -0.115628 0.00538284
v18387 0.0616117 -0.109073 0.000777879
v18388 0.0614824 -0.109073 0.00081229
v18389 0.0613531 -0.109072 0.000846453
v18390 0.0492714 -0.115637 0.00527433
v18391 0.0495189 -0.115646 0.00516661
v18392 0.0609669 -0.109069 0.000954544
v18393 0.0496425 -0.115651 0.00511267
v18394 0.0642315 -0.133118 0.0067069
v18395 0.0639731 -0.133118 0.00677551
v18396 0.0624098 -0.133123 0.00715215
v18397 0.0609347 -0.1181 0.00163606
v18398 0.0565115 -0.115834 0.00247727
v18399 0.0566362 -0.115837 0.00243063
v18400 0.0568837 -0.115844 0.00233209
v18401 0.0580726 -0.133097 0.00850478
v18402 0.057201 -0.133082 0.00885331
v18403 0.0569425 -0.133082 0.00892483
v18404 0.0566858 -0.13308 0.00900191
v18405 0.0661503 -0.115803 0.000266534
v18406 0.0694585 -0.115691 2.50121e-05
v18407 0.069599 -0.115686 2.12138e-05
v18408 0.0698776 -0.115675 7.23889e-06
v18409 0.0607091 -0.109067 0.00102552
v18410 0.0462977 -0.132069 0.0122477
v18411 0.0604518 -0.109065 0.00109843
v18412 0.0465552 -0.132071 0.0121655
v18413 0.0601942 -0.109063 0.00117011
v18414 0.0468093 -0.132074 0.0120717
v18415 0.0599393 -0.109059 0.0012498
v18416 0.0700167 -0.11567 -5.29647e-07
v18417 0.0596836 -0.109055 0.00132751
v18418 0.0595554 -0.109054 0.00136538
v18419 0.0594292 -0.109051 0.0014088
v18420 0.0702967 -0.115659 -1.12665e-05
v18421 0.0591754 -0.109046 0.00149221
v18422 0.0705765 -0.115647 -2.27686e-05
v18423 0.058921 -0.109042 0.00157408
v18424 0.0708554 -0.115637 -3.69155e-05
v18425 0.0586672 -0.109037 0.00165765
v18426 0.058544 -0.109032 0.00171047
v18427 0.0711288 -0.115629 -6.52318e-05
v18428 0.0437611 -0.13041 0.0121394
v18429 0.0714053 -0.11562 -8.5628e-05
v18430 0.0489732 -0.132101 0.0112995
v18431 0.0582933 -0.109025 0.00180319
v18432 0.0716774 -0.115613 -0.00011756
v18433 0.0494799 -0.132108 0.0111119
v18434 0.0708564 -0.127543 0.00339839
v18435 0.0496086 -0.132109 0.0110722
v18436 0.0711248 -0.127538 0.00335748
v18437 0.0505889 -0.117926 0.00513824
v18438 0.0713942 -0.127534 0.00331914
v18439 0.0504732 -0.117916 0.00521688
v18440 0.0716628 -0.12753 0.00327864
v18441 0.0499868 -0.117894 0.00545667
v18442 0.0719311 -0.127525 0.00323708
v18443 0.0496259 -0.117875 0.00565051
v18444 0.0722012 -0.127521 0.00320012
v18445 0.0495055 -0.117868 0.00571494
v18446 0.0724723 -0.127515 0.0031655
v18447 0.0493808 -0.117865 0.00576541
v18448 0.0727441 -0.12751 0.0031328
v18449 0.0719503 -0.115606 -0.000147403
v18450 0.0730177 -0.127503 0.00310424
v18451 0.0722246 -0.115598 -0.000174024
v18452 0.0732947 -0.127496 0.00308401
v18453 0.0725012 -0.115589 -0.000194942
v18454 0.0735706 -0.127489 0.00306115
v18455 0.0506309 -0.132118 0.0107305
v18456 0.0738494 -0.12748 0.00304509
v18457 0.0508931 -0.132118 0.0106672
v18458 0.0741271 -0.127472 0.003026
v18459 0.0727774 -0.11558 -0.000217062
v18460 0.0442424 -0.117719 0.0078224
v18461 0.0441164 -0.117716 0.007872
v18462 0.043988 -0.117714 0.00791302
v18463 0.043734 -0.117709 0.00800547
v18464 0.043482 -0.117702 0.00810535
v18465 0.0751024 -0.127444 0.00296641
v18466 0.0752413 -0.12744 0.00295659
v18467 0.0433562 -0.117698 0.0081562
v18468 0.0755228 -0.127431 0.00294594
v18469 0.0432301 -0.117695 0.00820583
v18470 0.042979 -0.117687 0.00830949
v18471 0.0427294 -0.117678 0.00841924
v18472 0.0580406 -0.109019 0.00189073
v18473 0.0579172 -0.109014 0.00194305
v18474 0.0577933 -0.109009 0.00199409
v18475 0.0426045 -0.117674 0.00847366
v18476 0.0423538 -0.117666 0.00857988
v18477 0.0420972 -0.117662 0.00866501
v18478 0.0569204 -0.108981 0.00233682
v18479 0.0418473 -0.117653 0.0087746
v18480 0.0566695 -0.108973 0.00243073
v18481 0.0565399 -0.108973 0.00246565
v18482 0.0564099 -0.108972 0.00249932
v18483 0.0415969 -0.117644 0.0088832
v18484 0.0414708 -0.11764 0.00893404
v18485 0.0413469 -0.117635 0.00899325
v18486 0.0409734 -0.117621 0.00916484
v18487 0.0408469 -0.117617 0.00921516
v18488 0.0407212 -0.117613 0.00926832
v18489 0.0561509 -0.10897 0.00256944
v18490 0.0404691 -0.117605 0.00937205
v18491 0.0787919 -0.127314 0.0028826
v18492 0.0402194 -0.117596 0.00948517
v18493 0.0395894 -0.117576 0.00974862
v18494 0.0367902 -0.117504 0.0108314
v18495 0.0558855 -0.108973 0.00262091
v18496 0.0744678 -0.11551 -0.000272594
v18497 0.0556191 -0.108977 0.00266916
v18498 0.0554941 -0.108973 0.00271788
v18499 0.074609 -0.115504 -0.000276968
v18500 0.0381398 -0.115107 0.0100364
v18501 0.0382683 -0.115109 0.00999135
v18502 0.0383963 -0.115112 0.00994464
v18503 0.0387808 -0.115121 0.00980649
v18504 0.0390376 -0.115126 0.00971619
v18505 0.0716102 -0.109066 -0.000974998
v18506 0.039293 -0.115132 0.00962132
v18507 0.0395484 -0.115139 0.00952666
v18508 0.0398045 -0.115144 0.00943471
v18509 0.0400602 -0.11515 0.00934181
v18510 0.0440718 -0.115295 0.00761072
v18511 0.0441963 -0.1153 0.00755486
v18512 0.0444422 -0.115311 0.00743328
v18513 0.0446967 -0.115317 0.00734243
v18514 0.0449581 -0.115317 0.00727581
v18515 0.0452038 -0.115329 0.00715452
v18516 0.0454492 -0.115341 0.00703281
v18517 0.0774776 -0.117778 4.15849e-06
v18518 0.0748737 -0.117846 0.000282808
v18519 0.0741899 -0.117864 0.000357401
v18520 0.0740522 -0.117868 0.000369995
v18521 0.0737773 -0.117875 0.000396142
v18522 0.0735016 -0.117884 0.00042034
v18523 0.0732262 -0.117892 0.000445023
v18524 0.0335719 -0.127207 0.0143308
v18525 0.0336974 -0.127211 0.0142719
v18526 0.0338226 -0.127215 0.0142117
v18527 0.045578 -0.115343 0.00699332
v18528 0.0340797 -0.127219 0.0141197
v18529 0.0457012 -0.115348 0.00693428
v18530 0.0343353 -0.127224 0.0140213
v18531 0.0726577 -0.117917 0.000449733
v18532 0.0723736 -0.11793 0.000451862
v18533 0.0347275 -0.127225 0.0139113
v18534 0.0720892 -0.117942 0.000453109
v18535 0.0349899 -0.127226 0.0138419
v18536 0.07181 -0.117953 0.000467213
v18537 0.0352462 -0.12723 0.0137476
v18538 0.0715354 -0.117961 0.000492602
v18539 0.0354956 -0.127238 0.0136257
v18540 0.0712567 -0.117971 0.00050756
v18541 0.0357506 -0.127243 0.0135272
v18542 0.0358775 -0.127246 0.0134754
v18543 0.0360026 -0.12725 0.0134166
v18544 0.0709795 -0.11798 0.000525855
v18545 0.0362569 -0.127256 0.0133159
v18546 0.0708448 -0.117983 0.000544822
v18547 0.0365091 -0.127262 0.0132071
v18548 0.0707053 -0.117988 0.000551701
v18549 0.0704272 -0.117998 0.000567499
v18550 0.0368899 -0.12727 0.0130547
v18551 0.0701463 -0.118009 0.000575821
v18552 0.0371436 -0.127276 0.0129528
v18553 0.0671933 -0.118133 0.000638523
v18554 0.0374013 -0.127279 0.0128673
v18555 0.066919 -0.118141 0.000661181
v18556 0.0376662 -0.127277 0.0128101
v18557 0.066646 -0.118149 0.000687024
v18558 0.037927 -0.127278 0.0127372
v18559 0.0380564 -0.127279 0.0126965
v18560 0.0381856 -0.12728 0.0126554
v18561 0.0663678 -0.11816 0.000699088
v18562 0.0384455 -0.127282 0.0125791
v18563 0.0525354 -0.132141 0.010059
v18564 0.0387025 -0.127285 0.0124918
v18565 0.0527853 -0.132145 0.00995746
v18566 0.0389612 -0.127287 0.0124115
v18567 0.0530336 -0.132151 0.00985142
v18568 0.0392253 -0.127286 0.0123518
v18569 0.0532806 -0.132157 0.00974148
v18570 0.0394892 -0.127284 0.0122914
v18571 0.0534042 -0.13216 0.00968691
v18572 0.039749 -0.127286 0.0122154
v18573 0.0535324 -0.13216 0.0096469
v18574 0.0400106 -0.127286 0.0121465
v18575 0.0539106 -0.132166 0.00950736
v18576 0.0540365 -0.132168 0.0094604
v18577 0.0403955 -0.127291 0.0120152
v18578 0.0544039 -0.132178 0.00928777
v18579 0.0406558 -0.127292 0.0119418
v18580 0.0546609 -0.132179 0.00921063
v18581 0.0409166 -0.127293 0.0118704
v18582 0.0547892 -0.132179 0.00917168
v18583 0.0411725 -0.127296 0.0117806
v18584 0.0549071 -0.132185 0.00910037
v18585 0.0414296 -0.127299 0.0116958
v18586 0.0626448 -0.118217 0.00131414
v18587 0.0416887 -0.1273 0.0116186
v18588 0.0551634 -0.132186 0.00902157
v18589 0.0419447 -0.127304 0.0115304
v18590 0.0460631 -0.11537 0.00673203
v18591 0.0421998 -0.127308 0.0114387
v18592 0.046311 -0.11538 0.00662048
v18593 0.0424597 -0.127309 0.0113653
v18594 0.0425904 -0.127309 0.0113312
v18595 0.0427204 -0.127309 0.0112944
v18596 0.0465602 -0.115389 0.00651409
v18597 0.0429815 -0.12731 0.0112254
v18598 0.0610816 -0.118223 0.00166509
v18599 0.0571956 -0.132205 0.00834216
v18600 0.0433655 -0.127314 0.0110945
v18601 0.0434932 -0.127316 0.0110499
v18602 0.0436215 -0.127318 0.0110076
v18603 0.0466804 -0.115396 0.00644591
v18604 0.0438781 -0.12732 0.010923
v18605 0.0468005 -0.115404 0.00637744
v18606 0.0470437 -0.115417 0.00625162
v18607 0.058578 -0.132224 0.00783825
v18608 0.0594689 -0.13223 0.00755388
v18609 0.0612501 -0.132243 0.00698961
v18610 0.0621456 -0.132246 0.00672416
v18611 0.063186 -0.132244 0.00647047
v18612 0.0642242 -0.132242 0.00621121
v18613 0.0471698 -0.11542 0.00620385
v18614 0.047792 -0.115442 0.00593884
v18615 0.0501128 -0.118032 0.00541886
v18616 0.0491446 -0.117984 0.00591778
v18617 0.0562698 -0.115688 0.00258367
v18618 0.0565188 -0.115695 0.00248874
v18619 0.0461139 -0.117917 0.00703156
v18620 0.0456183 -0.117899 0.00725401
v18621 0.045494 -0.117894 0.00730828
v18622 0.0453702 -0.117889 0.00736459
v18623 0.0451246 -0.117878 0.00748459
v18624 0.0399738 -0.11772 0.00961828
v18625 0.0397205 -0.117713 0.00971887
v18626 0.0395936 -0.11771 0.00976844
v18627 0.0393432 -0.1177 0.00988057
v18628 0.0390902 -0.117693 0.00998314
v18629 0.0389597 -0.117692 0.0100195
v18630 0.0388338 -0.117688 0.0100733
v18631 0.0385789 -0.117682 0.0101692
v18632 0.0383274 -0.117673 0.0102787
v18633 0.0380724 -0.117667 0.0103751
v18634 0.0378152 -0.117663 0.010463
v18635 0.0375583 -0.117658 0.0105528
v18636 0.0371773 -0.117647 0.0107048
v18637 0.0369222 -0.117641 0.0108021
v18638 0.0367949 -0.117637 0.010852
v18639 0.0366673 -0.117634 0.0109008
v18640 0.0364142 -0.117626 0.0110068
v18641 0.0361571 -0.117621 0.0110976
v18642 0.0359016 -0.117615 0.0111948
v18643 0.0356461 -0.117609 0.0112924
v18644 0.0353917 -0.117601 0.0113951
v18645 0.0351362 -0.117595 0.0114932
v18646 0.0639933 -0.115718 0.00053071
v18647 0.0657355 -0.115684 0.000278647
v18648 0.0660104 -0.115675 0.000257979
v18649 0.0662849 -0.115666 0.000235687
v18650 0.0665605 -0.115656 0.000216487
v18651 0.0668341 -0.115648 0.000191617
v18652 0.0671087 -0.115639 0.000169117
v18653 0.0673815 -0.115632 0.000141699
v18654 0.0634333 -0.10921 0.00034295
v18655 0.0676546 -0.115624 0.000115128
v18656 0.0631706 -0.109211 0.000399744
v18657 0.0679254 -0.115617 8.22281e-05
v18658 0.062911 -0.109211 0.000465328
v18659 0.0681987 -0.115609 5.57456e-05
v18660 0.0626501 -0.109211 0.000527267
v18661 0.06252 -0.109211 0.000559123
v18662 0.0623898 -0.109211 0.000590841
v18663 0.06847 -0.115602 2.41279e-05
v18664 0.0621304 -0.10921 0.000656852
v18665 0.0687509 -0.11559 1.69206e-05
v18666 0.0618692 -0.109211 0.000718221
v18667 0.0690331 -0.115578 1.27106e-05
v18668 0.0616067 -0.109212 0.000775857
v18669 0.0694527 -0.115561 -3.26063e-06
v18670 0.0613477 -0.109211 0.000843153
v18671 0.0695928 -0.115555 -8.2801e-06
v18672 0.0610886 -0.10921 0.000910371
v18673 0.0698719 -0.115544 -2.10996e-05
v18674 0.0733314 -0.115428 -0.000272369
v18675 0.0734714 -0.115422 -0.000278942
v18676 0.0736166 -0.115414 -0.000273051
v18677 0.0738987 -0.115402 -0.000281532
v18678 0.0741803 -0.115391 -0.000291495
v18679 0.0744618 -0.115379 -0.000302028
v18680 0.0747393 -0.11537 -0.000322309
v18681 0.0750131 -0.115363 -0.000352084
v18682 0.078042 -0.11789 -2.27829e-06
v18683 0.077902 -0.117895 5.84797e-06
v18684 0.0777599 -0.117901 8.84148e-06
v18685 0.077481 -0.11791 2.73615e-05
v18686 0.0772096 -0.117916 6.37412e-05
v18687 0.0769363 -0.117923 9.53123e-05
v18688 0.0766519 -0.117935 0.000100408
v18689 0.0763726 -0.117945 0.000117352
v18690 0.0761045 -0.117949 0.000160839
v18691 0.0758304 -0.117956 0.000189962
v18692 0.0755577 -0.117962 0.000222554
v18693 0.0752853 -0.117969 0.000255386
v18694 0.0751493 -0.117972 0.000272254
v18695 0.0747447 -0.11798 0.000331274
v18696 0.0744738 -0.117985 0.000367563
v18697 0.0715493 -0.118087 0.000541455
v18698 0.0712706 -0.118097 0.000556356
v18699 0.0702938 -0.118133 0.000603384
v18700 0.0701529 -0.118139 0.000606444
v18701 0.0700118 -0.118145 0.000608833
v18702 0.0697313 -0.118156 0.000617701
v18703 0.0694484 -0.118169 0.000620362
v18704 0.0691673 -0.11818 0.000627191
v18705 0.0751495 -0.115359 -0.000368078
v18706 0.0754298 -0.115349 -0.000382167
v18707 0.0680219 -0.118238 0.00059753
v18708 0.0677431 -0.118249 0.000608803
v18709 0.0674599 -0.118262 0.000608637
v18710 0.0693247 -0.132166 0.0054357
v18711 0.0695968 -0.132161 0.00540373
v18712 0.0698707 -0.132155 0.00537625
v18713 0.0701423 -0.13215 0.00534263
v18714 0.070412 -0.132146 0.00530393
v18715 0.0706838 -0.132141 0.00527071
v18716 0.0709567 -0.132135 0.00524018
v18717 0.0757081 -0.115339 -0.000401341
v18718 0.0759917 -0.115327 -0.000407809
v18719 0.0716414 -0.132121 0.00516918
v18720 0.0627957 -0.118338 0.00135385
v18721 0.0626614 -0.118341 0.00137181
v18722 0.0403099 -0.115023 0.00922251
v18723 0.0404356 -0.115028 0.00916801
v18724 0.0405595 -0.115034 0.00910729
v18725 0.0542266 -0.10908 0.00316543
v18726 0.0409336 -0.115049 0.00893412
v18727 0.0539673 -0.109079 0.0032357
v18728 0.0538423 -0.109074 0.00328539
v18729 0.053718 -0.10907 0.00333694
v18730 0.0410601 -0.115053 0.00888339
v18731 0.0411855 -0.115058 0.00882859
v18732 0.0414373 -0.115066 0.00872314
v18733 0.0416884 -0.115075 0.0086155
v18734 0.0419413 -0.115083 0.00851473
v18735 0.0713297 -0.109213 -0.000947803
v18736 0.0421919 -0.115092 0.00840618
v18737 0.0710529 -0.109223 -0.000925977
v18738 0.0423176 -0.115096 0.00835329
v18739 0.0424439 -0.1151 0.00830276
v18740 0.0428172 -0.115116 0.00813183
v18741 0.0429429 -0.11512 0.00807948
v18742 0.0430675 -0.115125 0.00802335
v18743 0.0433202 -0.115132 0.00792399
v18744 0.0435707 -0.115141 0.00781717
v18745 0.0438229 -0.115148 0.00771664
v18746 0.0448258 -0.115182 0.00729734
v18747 0.0474222 -0.11529 0.00610226
v18748 0.0476673 -0.115302 0.00598355
v18749 0.0730883 -0.130564 0.00433367
v18750 0.0729513 -0.130567 0.00434778
v18751 0.0477907 -0.115307 0.00592719
v18752 0.0726835 -0.130571 0.00439176
v18753 0.0479157 -0.115311 0.00587625
v18754 0.0724135 -0.130575 0.00443012
v18755 0.0481646 -0.115319 0.00577101
v18756 0.0721419 -0.130581 0.0044641
v18757 0.0484109 -0.11533 0.00565764
v18758 0.0718705 -0.130586 0.00449871
v18759 0.0487805 -0.115345 0.00548863
v18760 0.0715961 -0.130592 0.00452548
v18761 0.0490281 -0.115354 0.00538035
v18762 0.0713206 -0.130598 0.00454912
v18763 0.0492751 -0.115364 0.00527069
v18764 0.0710478 -0.130604 0.0045798
v18765 0.0709123 -0.130607 0.00459727
v18766 0.0707795 -0.130608 0.00462171
v18767 0.0495213 -0.115374 0.00515844
v18768 0.0705096 -0.130613 0.00465951
v18769 0.0499959 -0.118158 0.00550229
v18770 0.0702394 -0.130617 0.00469638
v18771 0.0496442 -0.118133 0.00572588
v18772 0.0699693 -0.130622 0.00473357
v18773 0.0496415 -0.115381 0.00509322
v18774 0.0707769 -0.109232 -0.000901913
v18775 0.0482571 -0.118103 0.00623452
v18776 0.0705021 -0.10924 -0.000875086
v18777 0.0619922 -0.115619 0.000829966
v18778 0.0702291 -0.109248 -0.000843957
v18779 0.0630566 -0.115602 0.000656449
v18780 0.0699522 -0.109258 -0.000822816
v18781 0.0698157 -0.109262 -0.000807467
v18782 0.0696785 -0.109266 -0.000793826
v18783 0.0442438 -0.11799 0.00783906
v18784 0.0694046 -0.109274 -0.000765369
v18785 0.0439886 -0.117986 0.00792685
v18786 0.0680275 -0.130675 0.00485506
v18787 0.0437359 -0.11798 0.00802337
v18788 0.0677573 -0.13068 0.00489062
v18789 0.0434835 -0.117973 0.00812173
v18790 0.0674863 -0.130685 0.00492392
v18791 0.0432309 -0.117967 0.00821948
v18792 0.0429798 -0.117959 0.00832321
v18793 0.0428561 -0.117954 0.00838158
v18794 0.0426078 -0.117944 0.00849594
v18795 0.0423593 -0.117934 0.00860991
v18796 0.0422314 -0.117932 0.00865376
v18797 0.0421042 -0.117929 0.00870028
v18798 0.0418562 -0.117919 0.0088169
v18799 0.0416071 -0.11791 0.00892985
v18800 0.0413578 -0.1179 0.00904254
v18801 0.0409841 -0.117886 0.00921344
v18802 0.0658678 -0.130714 0.00514193
v18803 0.0407324 -0.117878 0.00931847
v18804 0.0404805 -0.11787 0.009423
v18805 0.0403553 -0.117866 0.00947823
v18806 0.04023 -0.117861 0.00953321
v18807 0.0355241 -0.117738 0.0113661
v18808 0.034759 -0.117718 0.0116674
v18809 0.0345016 -0.117713 0.0117588
v18810 0.0641295 -0.11558 0.000505028
v18811 0.0658746 -0.115544 0.000259911
v18812 0.0690322 -0.115444 -3.04268e-06
v18813 0.0695869 -0.115424 -3.689e-05
v18814 0.0698687 -0.115412 -4.27735e-05
v18815 0.0701477 -0.115401 -5.6255e-05
v18816 0.0702869 -0.115396 -6.35691e-05
v18817 0.0705674 -0.115384 -7.35103e-05
v18818 0.0708454 -0.115374 -8.99659e-05
v18819 0.0711197 -0.115366 -0.000116027
v18820 0.0717877 -0.127398 0.00322048
v18821 0.0713958 -0.115357 -0.000137596
v18822 0.0716712 -0.115349 -0.000160975
v18823 0.0719441 -0.115341 -0.000190995
v18824 0.0722175 -0.115334 -0.000220004
v18825 0.0724928 -0.115325 -0.000244303
v18826 0.0727676 -0.115317 -0.000269941
v18827 0.0729046 -0.115313 -0.000283674
v18828 0.0730469 -0.115307 -0.000284553
v18829 0.0754344 -0.118093 0.000285043
v18830 0.075298 -0.118096 0.000300947
v18831 0.0738007 -0.118131 0.000482747
v18832 0.0736639 -0.118135 0.000497432
v18833 0.0735249 -0.11814 0.00050647
v18834 0.0732466 -0.118149 0.00052412
v18835 0.0729614 -0.118162 0.000524232
v18836 0.0721098 -0.118199 0.000532769
v18837 0.0719723 -0.118203 0.000545137
v18838 0.0742533 -0.127341 0.00297101
v18839 0.0743934 -0.127336 0.00296449
v18840 0.071833 -0.118208 0.000552958
v18841 0.0746723 -0.127328 0.00294793
v18842 0.0715555 -0.118218 0.000571083
v18843 0.0749516 -0.127319 0.00293236
v18844 0.0712774 -0.118227 0.000587391
v18845 0.0752275 -0.127312 0.00290838
v18846 0.0710004 -0.118237 0.000606288
v18847 0.0755098 -0.127303 0.00289969
v18848 0.0707231 -0.118246 0.000624394
v18849 0.0669302 -0.118402 0.000716564
v18850 0.0691304 -0.109283 -0.000737804
v18851 0.0666571 -0.11841 0.000742118
v18852 0.0688597 -0.109289 -0.00070153
v18853 0.0663758 -0.118422 0.000745712
v18854 0.0685911 -0.109294 -0.000659705
v18855 0.038137 -0.114834 0.0100197
v18856 0.0683196 -0.109301 -0.000625646
v18857 0.0382659 -0.114836 0.00997582
v18858 0.0680514 -0.109306 -0.000583256
v18859 0.0383947 -0.114838 0.00993203
v18860 0.0677859 -0.109309 -0.000533794
v18861 0.0387766 -0.114849 0.00978353
v18862 0.0675195 -0.109313 -0.00048651
v18863 0.0390347 -0.114853 0.00969817
v18864 0.0779388 -0.127211 0.00288672
v18865 0.0392892 -0.11486 0.00959964
v18866 0.0782167 -0.127204 0.00286498
v18867 0.0395446 -0.114867 0.00950472
v18868 0.0396725 -0.11487 0.00945802
v18869 0.0398017 -0.114872 0.0094164
v18870 0.0400579 -0.114877 0.0093252
v18871 0.0609687 -0.118481 0.00176616
v18872 0.0464122 -0.131942 0.0121507
v18873 0.0672543 -0.109316 -0.000436254
v18874 0.0494639 -0.131981 0.0110513
v18875 0.0669859 -0.109321 -0.000394624
v18876 0.0502297 -0.131989 0.0107916
v18877 0.0667196 -0.109325 -0.00034724
v18878 0.052519 -0.132014 0.00999795
v18879 0.0664521 -0.109329 -0.00030325
v18880 0.0553984 -0.132063 0.00886788
v18881 0.0661852 -0.109333 -0.00025783
v18882 0.0555222 -0.132066 0.00881548
v18883 0.0659187 -0.109337 -0.000211063
v18884 0.0494069 -0.118253 0.00587441
v18885 0.0656562 -0.109339 -0.000154067
v18886 0.0491607 -0.118244 0.00598625
v18887 0.0653932 -0.10934 -9.83114e-05
v18888 0.0489104 -0.118237 0.00608523
v18889 0.0651316 -0.109341 -3.86922e-05
v18890 0.0486576 -0.118232 0.00617595
v18891 0.0648722 -0.109341 2.69182e-05
v18892 0.0484007 -0.118229 0.00625353
v18893 0.0482704 -0.118229 0.0062859
v18894 0.0644812 -0.109341 0.00012018
v18895 0.0440715 -0.115022 0.00759785
v18896 0.0642217 -0.10934 0.00018569
v18897 0.0441946 -0.115028 0.00753722
v18898 0.0639567 -0.109343 0.000236069
v18899 0.0570543 -0.132077 0.0083311
v18900 0.063694 -0.109345 0.000293021
v18901 0.0444406 -0.11504 0.00741588
v18902 0.0446957 -0.115045 0.0073268
v18903 0.0579257 -0.132092 0.00798487
v18904 0.0462502 -0.118184 0.00703203
v18905 0.046125 -0.118181 0.00708297
v18906 0.0581795 -0.132095 0.00790073
v18907 0.0453796 -0.118155 0.00740993
v18908 0.0451341 -0.118144 0.00753016
v18909 0.0584374 -0.132095 0.0078292
v18910 0.058691 -0.132097 0.00774474
v18911 0.0589386 -0.132102 0.0076432
v18912 0.0399868 -0.117984 0.00967522
v18913 0.0397331 -0.117977 0.00977396
v18914 0.0393539 -0.117966 0.00992849
v18915 0.0351089 -0.127097 0.0137561
v18916 0.0391002 -0.117959 0.0100282
v18917 0.0388444 -0.117954 0.0101206
v18918 0.0385887 -0.117949 0.0102132
v18919 0.038336 -0.117941 0.0103179
v18920 0.038081 -0.117935 0.0104145
v18921 0.0378251 -0.117929 0.0105074
v18922 0.0376967 -0.117927 0.0105522
v18923 0.037568 -0.117925 0.010596
v18924 0.0371886 -0.117913 0.0107541
v18925 0.0363713 -0.12713 0.0132128
v18926 0.036932 -0.117908 0.0108457
v18927 0.0366791 -0.1179 0.010952
v18928 0.0364258 -0.117892 0.0110572
v18929 0.0362973 -0.11789 0.0111028
v18930 0.0370071 -0.127143 0.0129631
v18931 0.0361686 -0.117887 0.0111477
v18932 0.0359116 -0.117882 0.0112387
v18933 0.0356567 -0.117875 0.0113385
v18934 0.0355287 -0.117872 0.0113864
v18935 0.0354027 -0.117868 0.0114426
v18936 0.0348916 -0.117855 0.0116392
v18937 0.0448238 -0.115047 0.00728418
v18938 0.0449528 -0.115048 0.00724493
v18939 0.0451978 -0.115061 0.00712122
v18940 0.04544 -0.115075 0.00698821
v18941 0.0456929 -0.115082 0.00689268
v18942 0.0460591 -0.115101 0.00670511
v18943 0.0463085 -0.11511 0.00659853
v18944 0.0465571 -0.115119 0.00648994
v18945 0.0466788 -0.115125 0.00642668
v18946 0.0468006 -0.115132 0.00636405
v18947 0.0470446 -0.115144 0.00624046
v18948 0.0471708 -0.115147 0.00619295
v18949 0.0474211 -0.115155 0.00609143
v18950 0.0642503 -0.133244 0.00677087
v18951 0.0570893 -0.133208 0.00895187
v18952 0.0780572 -0.118151 6.38932e-05
v18953 0.0777795 -0.118159 8.57021e-05
v18954 0.0775003 -0.118169 0.00010358
v18955 0.0772241 -0.118177 0.00012845
v18956 0.076948 -0.118185 0.000153446
v18957 0.076665 -0.118196 0.000161618
v18958 0.0763891 -0.118204 0.000186584
v18959 0.0761157 -0.118211 0.000217586
v18960 0.0758461 -0.118216 0.000257472
v18961 0.0755794 -0.118219 0.000304452
v18962 0.0753102 -0.118224 0.000345156
v18963 0.0750385 -0.11823 0.000379939
v18964 0.074769 -0.118235 0.00041969
v18965 0.0744953 -0.118242 0.000449314
v18966 0.07422 -0.11825 0.000474779
v18967 0.0735346 -0.118268 0.000544918
v18968 0.0733946 -0.118274 0.000551487
v18969 0.0732545 -0.118279 0.00055783
v18970 0.0729714 -0.118291 0.000563251
v18971 0.0700292 -0.118403 0.000680555
v18972 0.0698879 -0.11841 0.000682266
v18973 0.0696063 -0.118421 0.000688226
v18974 0.0694663 -0.118427 0.000693364
v18975 0.0691825 -0.11844 0.000693324
v18976 0.0680337 -0.118499 0.000654704
v18977 0.067761 -0.118507 0.00068186
v18978 0.0674779 -0.11852 0.000681791
v18979 0.0672065 -0.118526 0.0007122
v18980 0.0591921 -0.132104 0.00755916
v18981 0.0593177 -0.132106 0.00751367
v18982 0.0595792 -0.132105 0.00745311
v18983 0.0598396 -0.132104 0.00738972
v18984 0.0600906 -0.132108 0.00729882
v18985 0.0441355 -0.127187 0.0108359
v18986 0.0442606 -0.127191 0.0107823
v18987 0.0443879 -0.127193 0.0107365
v18988 0.0602166 -0.132109 0.00725471
v18989 0.0446421 -0.127197 0.0106441
v18990 0.0603433 -0.13211 0.00721294
v18991 0.0448943 -0.127202 0.0105445
v18992 0.0450215 -0.127204 0.0104989
v18993 0.0644139 -0.130728 0.00542017
v18994 0.0605942 -0.132113 0.00712216
v18995 0.0608486 -0.132115 0.00704177
v18996 0.0609744 -0.132117 0.00699768
v18997 0.0611042 -0.132116 0.00696503
v18998 0.0613631 -0.132116 0.00689767
v18999 0.0617485 -0.132117 0.00678864
v19000 0.0618762 -0.132118 0.00675018
v19001 0.0619992 -0.13212 0.00669823
v19002 0.0622563 -0.132121 0.00662618
v19003 0.0625158 -0.132121 0.00656115
v19004 0.062776 -0.13212 0.00649817
v19005 0.0629072 -0.132119 0.00646961
v19006 0.0630366 -0.132119 0.00643607
v19007 0.0632992 -0.132117 0.00637977
v19008 0.0604216 -0.130722 0.00650343
v19009 0.0635617 -0.132116 0.00632322
v19010 0.0638207 -0.132115 0.00625711
v19011 0.0640777 -0.132116 0.00618545
v19012 0.0644652 -0.132116 0.00608342
v19013 0.0647246 -0.132115 0.00601848
v19014 0.0649859 -0.132114 0.00595898
v19015 0.0651175 -0.132113 0.00593181
v19016 0.0593859 -0.130723 0.00677086
v19017 0.065248 -0.132112 0.00590159
v19018 0.0660451 -0.132104 0.00575872
v19019 0.0660083 -0.115408 0.000226786
v19020 0.0668551 -0.13209 0.00565005
v19021 0.0671264 -0.132084 0.00561713
v19022 0.0662821 -0.1154 0.000202647
v19023 0.0665564 -0.115391 0.000179633
v19024 0.0668304 -0.115383 0.000155773
v19025 0.0671006 -0.115376 0.000121701
v19026 0.0673705 -0.11537 8.67895e-05
v19027 0.0676451 -0.115361 6.38651e-05
v19028 0.0693119 -0.132038 0.00538921
v19029 0.0679155 -0.115355 3.00974e-05
v19030 0.0714887 -0.131996 0.00512937
v19031 0.0717592 -0.131992 0.00509232
v19032 0.0681882 -0.115347 1.94244e-06
v19033 0.068326 -0.115343 -8.33205e-06
v19034 0.0571207 -0.130694 0.00757284
v19035 0.0684639 -0.115338 -1.85548e-05
v19036 0.0687457 -0.115326 -2.33165e-05
v19037 0.069025 -0.115314 -3.50456e-05
v19038 0.0693014 -0.115305 -5.43185e-05
v19039 0.0507464 -0.118448 0.00522712
v19040 0.050007 -0.118421 0.00555437
v19041 0.0497698 -0.118406 0.00569432
v19042 0.0560855 -0.130693 0.00784838
v19043 0.0492901 -0.11838 0.00595884
v19044 0.0558291 -0.130692 0.00792496
v19045 0.0486716 -0.118358 0.00622964
v19046 0.0555744 -0.13069 0.00800668
v19047 0.0726273 -0.115189 -0.000278537
v19048 0.0553323 -0.130682 0.00812755
v19049 0.0734666 -0.115157 -0.00031967
v19050 0.0550928 -0.130673 0.0082565
v19051 0.0736083 -0.11515 -0.000322146
v19052 0.0548434 -0.130668 0.00835551
v19053 0.0547182 -0.130666 0.00840386
v19054 0.0545904 -0.130665 0.0084437
v19055 0.0439924 -0.118255 0.00795164
v19056 0.0437405 -0.118248 0.00805095
v19057 0.0542133 -0.130659 0.00858393
v19058 0.0434909 -0.11824 0.00815894
v19059 0.0432396 -0.118233 0.00826144
v19060 0.0428647 -0.11822 0.00842318
v19061 0.042616 -0.118211 0.00853579
v19062 0.0423668 -0.118202 0.00864709
v19063 0.0534634 -0.130646 0.00887941
v19064 0.0422413 -0.118198 0.00869946
v19065 0.0532202 -0.130638 0.00899976
v19066 0.0421151 -0.118194 0.00874974
v19067 0.0529652 -0.130635 0.00908315
v19068 0.0418678 -0.118184 0.00886852
v19069 0.052706 -0.130635 0.00915375
v19070 0.0417433 -0.118179 0.0089252
v19071 0.0416183 -0.118175 0.00898032
v19072 0.0523265 -0.13063 0.00928892
v19073 0.0412459 -0.118159 0.009155
v19074 0.0520734 -0.130627 0.00937923
v19075 0.0411219 -0.118154 0.00921415
v19076 0.0518216 -0.130623 0.00947385
v19077 0.0409975 -0.118149 0.00927169
v19078 0.0515709 -0.130618 0.00957229
v19079 0.0407452 -0.118142 0.00937457
v19080 0.0404933 -0.118134 0.009479
v19081 0.0398661 -0.118113 0.00975173
v19082 0.0384671 -0.118078 0.0102871
v19083 0.0370654 -0.118044 0.0108225
v19084 0.035023 -0.117993 0.0116059
v19085 0.0348957 -0.117989 0.011657
v19086 0.0347674 -0.117987 0.0117044
v19087 0.0504385 -0.130599 0.0100054
v19088 0.0345107 -0.117981 0.0117985
v19089 0.0501812 -0.130598 0.0100836
v19090 0.0342568 -0.117973 0.0119047
v19091 0.0499287 -0.130594 0.0101782
v19092 0.0738923 -0.115138 -0.000326206
v19093 0.0496669 -0.130595 0.0102418
v19094 0.0495371 -0.130594 0.0102776
v19095 0.0741751 -0.115125 -0.000333181
v19096 0.0744588 -0.115113 -0.00033844
v19097 0.0747378 -0.115103 -0.000355265
v19098 0.0750141 -0.115094 -0.000378911
v19099 0.075151 -0.11509 -0.000393976
v19100 0.0754308 -0.11508 -0.000409269
v19101 0.0757087 -0.11507 -0.000429425
v19102 0.0389036 -0.114715 0.0097297
v19103 0.0403071 -0.114751 0.00920368
v19104 0.0404323 -0.114756 0.00914748
v19105 0.0405595 -0.114759 0.00909866
v19106 0.0409321 -0.114776 0.00891997
v19107 0.0411843 -0.114785 0.00881515
v19108 0.0414356 -0.114794 0.00870775
v19109 0.0416889 -0.114801 0.00860792
v19110 0.0614736 -0.109349 0.000811248
v19111 0.0419406 -0.114809 0.00850246
v19112 0.0421933 -0.114817 0.00840123
v19113 0.0423191 -0.114821 0.00834877
v19114 0.0424444 -0.114826 0.00829456
v19115 0.0428182 -0.114841 0.00812491
v19116 0.0475055 -0.130567 0.0110054
v19117 0.042943 -0.114846 0.00806919
v19118 0.0472498 -0.130565 0.0110914
v19119 0.0430679 -0.114851 0.00801422
v19120 0.04332 -0.114859 0.00791238
v19121 0.0435689 -0.114869 0.0077994
v19122 0.043822 -0.114876 0.007702
v19123 0.0440706 -0.114886 0.00758881
v19124 0.0464853 -0.130555 0.0113602
v19125 0.0739574 -0.118385 0.000545711
v19126 0.0734035 -0.118403 0.00058783
v19127 0.0731219 -0.118414 0.000596936
v19128 0.072982 -0.118419 0.000603793
v19129 0.0718521 -0.118466 0.000628959
v19130 0.0715721 -0.118477 0.000640756
v19131 0.0712934 -0.118487 0.000655668
v19132 0.0606986 -0.109345 0.00101896
v19133 0.0710193 -0.118494 0.000681904
v19134 0.0604419 -0.109342 0.00109325
v19135 0.0707419 -0.118504 0.000699502
v19136 0.0601833 -0.109341 0.00116215
v19137 0.0704589 -0.118516 0.000702882
v19138 0.0599314 -0.109335 0.00124995
v19139 0.0666662 -0.118672 0.000791947
v19140 0.0596751 -0.109332 0.00132573
v19141 0.0595458 -0.109331 0.0013603
v19142 0.0594186 -0.109329 0.00140089
v19143 0.06639 -0.118682 0.000808963
v19144 0.0591616 -0.109326 0.00147492
v19145 0.0662572 -0.118683 0.000831601
v19146 0.0589081 -0.109321 0.00155886
v19147 0.0459353 -0.114959 0.00675496
v19148 0.0586499 -0.10932 0.00162969
v19149 0.047668 -0.11503 0.00597137
v19150 0.0477918 -0.115034 0.00591608
v19151 0.0582768 -0.109307 0.00177707
v19152 0.0479145 -0.11504 0.0058575
v19153 0.0580246 -0.109301 0.0018658
v19154 0.0579013 -0.109296 0.00191819
v19155 0.0577778 -0.109291 0.00197009
v19156 0.0481634 -0.115049 0.00575219
v19157 0.0575284 -0.109283 0.00206754
v19158 0.048409 -0.115059 0.00563629
v19159 0.0572795 -0.109275 0.0021664
v19160 0.048658 -0.115068 0.00553183
v19161 0.0570272 -0.109269 0.00225561
v19162 0.0490286 -0.115083 0.00536643
v19163 0.0492759 -0.115092 0.00525759
v19164 0.0566518 -0.109257 0.00239894
v19165 0.0565224 -0.109257 0.00243426
v19166 0.056395 -0.109254 0.00247559
v19167 0.0495198 -0.115104 0.00513769
v19168 0.0561361 -0.109253 0.0025459
v19169 0.0496416 -0.11511 0.00507766
v19170 0.0558754 -0.109252 0.00261073
v19171 0.0497619 -0.115116 0.00501282
v19172 0.0556109 -0.109254 0.0026646
v19173 0.0609881 -0.118738 0.00184367
v19174 0.0553552 -0.10925 0.00274468
v19175 0.0619949 -0.11535 0.000813939
v19176 0.0550991 -0.109247 0.00282374
v19177 0.0621345 -0.115344 0.000810326
v19178 0.054849 -0.109239 0.00292129
v19179 0.0630572 -0.115334 0.000634055
v19180 0.0545983 -0.109231 0.00301719
v19181 0.0680463 -0.11522 -1.15175e-05
v19182 0.0698551 -0.115152 -0.000104908
v19183 0.054221 -0.10922 0.00315774
v19184 0.0701337 -0.115141 -0.000119231
v19185 0.0539636 -0.109217 0.00323407
v19186 0.053839 -0.109213 0.0032846
v19187 0.0704123 -0.11513 -0.000133848
v19188 0.0706914 -0.11512 -0.00014721
v19189 0.0708298 -0.115115 -0.000157089
v19190 0.0711046 -0.115107 -0.000181694
v19191 0.0713819 -0.115097 -0.000200428
v19192 0.0716576 -0.115088 -0.000223236
v19193 0.0447259 -0.131801 0.0126385
v19194 0.0711073 -0.12728 0.00328548
v19195 0.0449868 -0.131801 0.0125674
v19196 0.0713772 -0.127275 0.0032484
v19197 0.0715113 -0.127273 0.00322753
v19198 0.0716463 -0.12727 0.00320915
v19199 0.0719337 -0.115079 -0.000245147
v19200 0.0719109 -0.127268 0.00315829
v19201 0.0454997 -0.131806 0.012394
v19202 0.0721788 -0.127264 0.00311591
v19203 0.0457506 -0.131811 0.0122881
v19204 0.0724493 -0.127259 0.0030798
v19205 0.0722089 -0.115071 -0.000269584
v19206 0.0727188 -0.127254 0.00304121
v19207 0.0723463 -0.115066 -0.000282428
v19208 0.0729928 -0.127248 0.00301387
v19209 0.0724864 -0.115061 -0.000288542
v19210 0.0732686 -0.127241 0.00299074
v19211 0.0727618 -0.115052 -0.000312867
v19212 0.0735468 -0.127232 0.00297351
v19213 0.0730408 -0.115042 -0.000328379
v19214 0.0738247 -0.127224 0.00295532
v19215 0.0496597 -0.118528 0.00580013
v19216 0.0741019 -0.127217 0.00293505
v19217 0.0494148 -0.118518 0.00591588
v19218 0.0743811 -0.127208 0.00291957
v19219 0.0492937 -0.118513 0.00597823
v19220 0.07466 -0.1272 0.0029034
v19221 0.0491749 -0.118505 0.00604828
v19222 0.0488097 -0.118488 0.00623053
v19223 0.0484262 -0.131844 0.0113376
v19224 0.0486801 -0.131848 0.0112452
v19225 0.0489426 -0.131847 0.0111822
v19226 0.0491987 -0.131849 0.0110979
v19227 0.0493209 -0.131853 0.0110363
v19228 0.0495777 -0.131855 0.0109546
v19229 0.0498335 -0.131857 0.0108697
v19230 0.0463846 -0.118453 0.00702591
v19231 0.0462609 -0.118448 0.00708174
v19232 0.0461371 -0.118444 0.0071376
v19233 0.0500882 -0.13186 0.0107813
v19234 0.0453892 -0.118419 0.00745582
v19235 0.0451452 -0.118408 0.00758085
v19236 0.0503389 -0.131865 0.0106803
v19237 0.0715973 -0.109343 -0.000979179
v19238 0.0506015 -0.131864 0.0106183
v19239 0.050862 -0.131864 0.0105495
v19240 0.0436157 -0.11838 0.00811067
v19241 0.0429918 -0.118359 0.00838197
v19242 0.0402493 -0.118257 0.00961758
v19243 0.0400003 -0.118247 0.00973377
v19244 0.0396183 -0.118239 0.00987679
v19245 0.0393641 -0.118232 0.00997429
v19246 0.0392366 -0.118229 0.0100216
v19247 0.03911 -0.118226 0.0100726
v19248 0.0388545 -0.11822 0.0101658
v19249 0.0385978 -0.118216 0.0102547
v19250 0.0384701 -0.118213 0.0103017
v19251 0.0383431 -0.11821 0.0103516
v19252 0.0380877 -0.118204 0.0104464
v19253 0.0378313 -0.118199 0.0105374
v19254 0.0377028 -0.118197 0.0105816
v19255 0.0375745 -0.118194 0.0106269
v19256 0.0371972 -0.118181 0.0107931
v19257 0.0370695 -0.118178 0.0108413
v19258 0.0369398 -0.118176 0.0108814
v19259 0.0366859 -0.118169 0.0109836
v19260 0.0364361 -0.118159 0.0111025
v19261 0.0361789 -0.118154 0.0111927
v19262 0.0359204 -0.11815 0.0112779
v19263 0.035665 -0.118144 0.0113755
v19264 0.0352845 -0.118132 0.0115336
v19265 0.0390313 -0.114581 0.00967836
v19266 0.0392871 -0.114587 0.00958439
v19267 0.0395431 -0.114593 0.00949152
v19268 0.0396715 -0.114596 0.00944666
v19269 0.0397988 -0.114599 0.00939775
v19270 0.040054 -0.114605 0.00930258
v19271 0.0403052 -0.114615 0.00919262
v19272 0.0415614 -0.114661 0.00864999
v19273 0.0441939 -0.114755 0.00752309
v19274 0.0444418 -0.114766 0.00740816
v19275 0.0446917 -0.114775 0.00730067
v19276 0.044818 -0.114778 0.00725188
v19277 0.044945 -0.114781 0.00720526
v19278 0.0451866 -0.114796 0.00706963
v19279 0.04531 -0.114802 0.00701115
v19280 0.0454313 -0.114809 0.00694546
v19281 0.0783523 -0.118401 0.00011371
v19282 0.0335603 -0.126942 0.0142817
v19283 0.0780723 -0.118411 0.000130146
v19284 0.033815 -0.126947 0.0141788
v19285 0.0777949 -0.118419 0.00015258
v19286 0.0340714 -0.126952 0.0140838
v19287 0.0341986 -0.126954 0.014032
v19288 0.0775199 -0.118427 0.000180381
v19289 0.0344541 -0.126959 0.0139339
v19290 0.0772404 -0.118436 0.000197379
v19291 0.0347154 -0.12696 0.0138596
v19292 0.0769556 -0.118449 0.000201442
v19293 0.0349711 -0.126965 0.0137627
v19294 0.0766758 -0.118458 0.000217494
v19295 0.0352271 -0.12697 0.0136671
v19296 0.0763992 -0.118467 0.000240627
v19297 0.0354844 -0.126973 0.0135776
v19298 0.0761276 -0.118473 0.000275874
v19299 0.0357378 -0.126979 0.0134723
v19300 0.0458046 -0.114823 0.00678145
v19301 0.0359872 -0.126988 0.0133511
v19302 0.0753381 -0.118478 0.000442207
v19303 0.0362407 -0.126994 0.0132473
v19304 0.0363661 -0.126997 0.01319
v19305 0.0364953 -0.126999 0.0131482
v19306 0.0750648 -0.118485 0.000473231
v19307 0.0747889 -0.118493 0.000497498
v19308 0.0368763 -0.127007 0.0129962
v19309 0.0370016 -0.127011 0.0129391
v19310 0.0371309 -0.127012 0.0128979
v19311 0.0745136 -0.118501 0.000523162
v19312 0.0373899 -0.127014 0.0128175
v19313 0.0742377 -0.118509 0.000547016
v19314 0.0376547 -0.127012 0.0127598
v19315 0.0739639 -0.118516 0.000576086
v19316 0.0379204 -0.12701 0.0127061
v19317 0.0380503 -0.127011 0.0126675
v19318 0.0381805 -0.127012 0.0126301
v19319 0.0736887 -0.118524 0.000601603
v19320 0.0384392 -0.127014 0.0125492
v19321 0.0459292 -0.114828 0.00672743
v19322 0.0387006 -0.127014 0.0124787
v19323 0.0388287 -0.127016 0.0124335
v19324 0.0389588 -0.127017 0.0123958
v19325 0.0460522 -0.114833 0.00666828
v19326 0.0392214 -0.127016 0.0123302
v19327 0.0463028 -0.114841 0.00656591
v19328 0.0394886 -0.127013 0.0122822
v19329 0.0697649 -0.118673 0.000758181
v19330 0.0397455 -0.127017 0.0121952
v19331 0.0696242 -0.118679 0.000761319
v19332 0.0400113 -0.127014 0.0121419
v19333 0.046553 -0.11485 0.00646211
v19334 0.0467986 -0.114861 0.00634333
v19335 0.0403991 -0.127017 0.0120211
v19336 0.0470459 -0.114871 0.00623099
v19337 0.0406573 -0.12702 0.0119395
v19338 0.0471713 -0.114875 0.00618065
v19339 0.0409181 -0.12702 0.011868
v19340 0.0680361 -0.118765 0.00068733
v19341 0.0411745 -0.127024 0.0117801
v19342 0.0677751 -0.118766 0.000744912
v19343 0.0414311 -0.127027 0.0116928
v19344 0.0674983 -0.118776 0.000761455
v19345 0.041691 -0.127028 0.0116185
v19346 0.0672206 -0.118786 0.00077534
v19347 0.041948 -0.127031 0.0115334
v19348 0.0669446 -0.118795 0.000793324
v19349 0.0422056 -0.127033 0.0114507
v19350 0.0666738 -0.118802 0.000824815
v19351 0.0424631 -0.127036 0.0113681
v19352 0.0425931 -0.127036 0.0113313
v19353 0.0427258 -0.127035 0.0113046
v19354 0.047421 -0.114883 0.00607654
v19355 0.0429848 -0.127037 0.0112274
v19356 0.0525043 -0.131887 0.00994237
v19357 0.0527578 -0.13189 0.00985277
v19358 0.0433675 -0.127043 0.0110914
v19359 0.0434944 -0.127045 0.0110437
v19360 0.0436228 -0.127046 0.0110016
v19361 0.0530054 -0.131896 0.00974435
v19362 0.0438799 -0.127049 0.0109187
v19363 0.0531296 -0.131898 0.00969161
v19364 0.0533748 -0.131905 0.00957637
v19365 0.0536274 -0.131909 0.00948461
v19366 0.0543741 -0.131923 0.0091766
v19367 0.0551306 -0.131933 0.00890168
v19368 0.0608612 -0.11887 0.00189379
v19369 0.0607274 -0.118873 0.00191321
v19370 0.0574041 -0.13196 0.00810132
v19371 0.0581602 -0.131969 0.00783315
v19372 0.0599469 -0.13198 0.00728044
v19373 0.0626275 -0.131995 0.00646633
v19374 0.0636684 -0.131992 0.00621502
v19375 0.0637975 -0.131992 0.00618084
v19376 0.0648351 -0.13199 0.00592128
v19377 0.0661592 -0.131977 0.00567163
v19378 0.0662944 -0.131974 0.0056541
v19379 0.0498971 -0.118678 0.00566877
v19380 0.069567 -0.131907 0.00529963
v19381 0.0439967 -0.118524 0.00797814
v19382 0.0437471 -0.118516 0.00808575
v19383 0.0436226 -0.118511 0.00814082
v19384 0.0435 -0.118506 0.00820261
v19385 0.0432498 -0.118498 0.00830865
v19386 0.0429992 -0.11849 0.00841381
v19387 0.0428744 -0.118486 0.00846851
v19388 0.0426251 -0.118477 0.00857863
v19389 0.0423773 -0.118467 0.00869519
v19390 0.0421278 -0.118458 0.00880557
v19391 0.0418811 -0.118447 0.00892695
v19392 0.0415062 -0.118434 0.00909187
v19393 0.0412599 -0.118422 0.00921571
v19394 0.0410112 -0.118413 0.00933105
v19395 0.040759 -0.118405 0.00943416
v19396 0.0406333 -0.118401 0.00948737
v19397 0.0639528 -0.109481 0.000237987
v19398 0.0400085 -0.118378 0.00976842
v19399 0.0636896 -0.109483 0.000293413
v19400 0.0357999 -0.118279 0.0113573
v19401 0.0634255 -0.109485 0.000346214
v19402 0.0350328 -0.118261 0.0116484
v19403 0.0631618 -0.109487 0.000400119
v19404 0.0347763 -0.118255 0.0117433
v19405 0.0629015 -0.109487 0.000463508
v19406 0.0345186 -0.11825 0.0118332
v19407 0.0626424 -0.109486 0.000529997
v19408 0.0625112 -0.109487 0.000558694
v19409 0.0623814 -0.109487 0.000591595
v19410 0.0342641 -0.118243 0.0119367
v19411 0.0621186 -0.109488 0.000647995
v19412 0.071652 -0.133266 0.00568407
v19413 0.0618587 -0.109488 0.000712698
v19414 0.0700121 -0.133298 0.00586394
v19415 0.0615989 -0.109487 0.000777625
v19416 0.0660037 -0.115143 0.000188863
v19417 0.0613385 -0.109487 0.00084073
v19418 0.0662752 -0.115136 0.000158749
v19419 0.0610782 -0.109487 0.000904531
v19420 0.0665485 -0.115128 0.000133087
v19421 0.0668226 -0.115119 0.000109243
v19422 0.0606948 -0.109482 0.00101983
v19423 0.0673638 -0.115106 4.32032e-05
v19424 0.0604365 -0.109481 0.00108933
v19425 0.0676351 -0.115099 1.14577e-05
v19426 0.0677691 -0.115097 -8.47571e-06
v19427 0.0679041 -0.115094 -2.6057e-05
v19428 0.0681792 -0.115085 -4.79373e-05
v19429 0.0684541 -0.115076 -7.04404e-05
v19430 0.0687333 -0.115065 -8.22754e-05
v19431 0.0690109 -0.115054 -9.82785e-05
v19432 0.069289 -0.115044 -0.000113081
v19433 0.0695676 -0.115033 -0.000127015
v19434 0.0719283 -0.114948 -0.000272737
v19435 0.0765498 -0.11859 0.0002734
v19436 0.0764123 -0.118594 0.000287188
v19437 0.0698386 -0.131901 0.00526619
v19438 0.0746597 -0.118626 0.000545432
v19439 0.0745226 -0.11863 0.000559658
v19440 0.073006 -0.118675 0.000691862
v19441 0.0738849 -0.114873 -0.000373262
v19442 0.0715851 -0.118737 0.000701309
v19443 0.0713048 -0.118748 0.000712215
v19444 0.0710294 -0.118756 0.000735057
v19445 0.0707542 -0.118765 0.000758357
v19446 0.0704741 -0.118775 0.000769019
v19447 0.0701892 -0.118789 0.000767257
v19448 0.0744546 -0.114847 -0.0003779
v19449 0.0572732 -0.109415 0.00215859
v19450 0.0747382 -0.114834 -0.000383668
v19451 0.0672312 -0.118914 0.000816171
v19452 0.0669563 -0.118922 0.000837101
v19453 0.0701107 -0.131896 0.005234
v19454 0.0703807 -0.131892 0.00519615
v19455 0.0706556 -0.131885 0.00517087
v19456 0.0742025 -0.130667 0.00427824
v19457 0.0740615 -0.130671 0.00428279
v19458 0.0709288 -0.13188 0.00514116
v19459 0.0737866 -0.130677 0.00430956
v19460 0.0710614 -0.131879 0.00511589
v19461 0.0735117 -0.130684 0.004336
v19462 0.0750136 -0.114826 -0.000409506
v19463 0.0732387 -0.130689 0.0043671
v19464 0.0751508 -0.114822 -0.000423835
v19465 0.0717438 -0.131865 0.00503942
v19466 0.0720124 -0.131861 0.0049973
v19467 0.0722828 -0.131856 0.00495976
v19468 0.0725546 -0.131851 0.00492592
v19469 0.0728331 -0.131844 0.00490873
v19470 0.075431 -0.114812 -0.000438458
v19471 0.0612745 -0.11899 0.00188072
v19472 0.0579085 -0.127204 0.00628645
v19473 0.0611468 -0.118989 0.00191736
v19474 0.0581763 -0.1272 0.00624505
v19475 0.0610102 -0.118993 0.00192879
v19476 0.0584441 -0.127196 0.00620332
v19477 0.0607431 -0.118997 0.00196906
v19478 0.058711 -0.127192 0.00615928
v19479 0.0403023 -0.11448 0.00917774
v19480 0.0405569 -0.114487 0.0090806
v19481 0.0409308 -0.114503 0.00890636
v19482 0.041182 -0.114512 0.00879783
v19483 0.0414347 -0.11452 0.00869522
v19484 0.0415609 -0.114524 0.00864341
v19485 0.0416869 -0.114528 0.0085909
v19486 0.0419392 -0.114536 0.00848764
v19487 0.0713344 -0.130726 0.00459826
v19488 0.0421914 -0.114545 0.00838438
v19489 0.0423174 -0.114549 0.00833245
v19490 0.0424437 -0.114553 0.00828181
v19491 0.0428171 -0.114568 0.00811043
v19492 0.0429426 -0.114573 0.00805718
v19493 0.0430677 -0.114577 0.00800247
v19494 0.0433185 -0.114586 0.00789613
v19495 0.0435665 -0.114597 0.00777979
v19496 0.0438181 -0.114605 0.00767675
v19497 0.0440684 -0.114614 0.00756943
v19498 0.0476702 -0.114756 0.00596402
v19499 0.0477934 -0.114761 0.0059069
v19500 0.047918 -0.114766 0.00585457
v19501 0.0481634 -0.114777 0.00573716
v19502 0.0484103 -0.114787 0.00562548
v19503 0.0487816 -0.114801 0.0054614
v19504 0.0490264 -0.114813 0.00534385
v19505 0.0492722 -0.114823 0.00522984
v19506 0.0495205 -0.114832 0.00512423
v19507 0.0494255 -0.118782 0.00596655
v19508 0.0554797 -0.109391 0.00270447
v19509 0.0491822 -0.118771 0.00608787
v19510 0.0488066 -0.118761 0.00623543
v19511 0.0497658 -0.114843 0.00500915
v19512 0.0500096 -0.114855 0.00488987
v19513 0.0501314 -0.11486 0.00483031
v19514 0.0466473 -0.118723 0.00698015
v19515 0.0463984 -0.118715 0.00708663
v19516 0.0642695 -0.133369 0.00683617
v19517 0.0640099 -0.13337 0.00690162
v19518 0.0637517 -0.13337 0.00697092
v19519 0.0453989 -0.118684 0.00750195
v19520 0.0451518 -0.118675 0.00761644
v19521 0.058104 -0.133351 0.00861887
v19522 0.0425079 -0.118603 0.0086663
v19523 0.0405157 -0.118528 0.00957477
v19524 0.0402658 -0.118519 0.00968723
v19525 0.0661485 -0.130837 0.0051479
v19526 0.0401397 -0.118515 0.0097395
v19527 0.0658818 -0.130841 0.00519209
v19528 0.0398869 -0.118508 0.00984141
v19529 0.0656165 -0.130844 0.0052402
v19530 0.0396303 -0.118503 0.00992965
v19531 0.0653507 -0.130847 0.00528695
v19532 0.0393765 -0.118497 0.0100287
v19533 0.0650876 -0.130849 0.00534098
v19534 0.039122 -0.118491 0.0101254
v19535 0.0648235 -0.130851 0.00539233
v19536 0.0646914 -0.130852 0.00541775
v19537 0.0645591 -0.130854 0.0054426
v19538 0.0388648 -0.118487 0.0102121
v19539 0.0642966 -0.130856 0.00549833
v19540 0.0386071 -0.118483 0.0102971
v19541 0.0640354 -0.130857 0.00555755
v19542 0.0383545 -0.118475 0.010402
v19543 0.0637752 -0.130858 0.00561958
v19544 0.0380993 -0.118469 0.0104972
v19545 0.0378429 -0.118464 0.0105882
v19546 0.0374635 -0.118453 0.0107452
v19547 0.0372089 -0.118446 0.010844
v19548 0.0621013 -0.130856 0.00607349
v19549 0.0369521 -0.118442 0.0109345
v19550 0.0618437 -0.130855 0.00614333
v19551 0.0366997 -0.118433 0.011043
v19552 0.0615874 -0.130854 0.00621703
v19553 0.0614597 -0.130854 0.0062552
v19554 0.0613318 -0.130853 0.00629283
v19555 0.0365725 -0.11843 0.0110931
v19556 0.0610762 -0.130852 0.00636898
v19557 0.0364479 -0.118424 0.0111537
v19558 0.060819 -0.130851 0.00644035
v19559 0.0361911 -0.118419 0.0112452
v19560 0.0605657 -0.130849 0.00652343
v19561 0.0604377 -0.130848 0.00656091
v19562 0.0359335 -0.118415 0.0113339
v19563 0.0601807 -0.130848 0.0066334
v19564 0.0358062 -0.118411 0.0113843
v19565 0.0599225 -0.130848 0.00670225
v19566 0.0356785 -0.118408 0.0114335
v19567 0.0596643 -0.130847 0.00677124
v19568 0.0351672 -0.118396 0.0116279
v19569 0.0594006 -0.13085 0.00682439
v19570 0.0343971 -0.11838 0.0119095
v19571 0.0591401 -0.13085 0.00688687
v19572 0.0620015 -0.115078 0.000808649
v19573 0.0574907 -0.133336 0.00889574
v19574 0.0712343 -0.127148 0.00323298
v19575 0.0573632 -0.133335 0.0089367
v19576 0.0701177 -0.114882 -0.000187268
v19577 0.0703969 -0.114871 -0.000200348
v19578 0.0706757 -0.11486 -0.000214772
v19579 0.0709526 -0.114851 -0.000234019
v19580 0.0712289 -0.114842 -0.000255076
v19581 0.071368 -0.114836 -0.000263235
v19582 0.0715067 -0.114832 -0.000272641
v19583 0.0716459 -0.114826 -0.000280559
v19584 0.0719215 -0.114818 -0.000303917
v19585 0.0721986 -0.114808 -0.000323617
v19586 0.0724773 -0.114798 -0.00033947
v19587 0.0729802 -0.12712 0.00296827
v19588 0.0731174 -0.127117 0.00295504
v19589 0.073257 -0.127112 0.00294773
v19590 0.072754 -0.114789 -0.000360553
v19591 0.073033 -0.114778 -0.000376272
v19592 0.0779476 -0.118676 0.000204811
v19593 0.0778052 -0.118682 0.000207315
v19594 0.0775291 -0.11869 0.000232539
v19595 0.0772499 -0.118699 0.000250076
v19596 0.0769734 -0.118708 0.000274003
v19597 0.0766975 -0.118716 0.000299187
v19598 0.0764242 -0.118722 0.000330547
v19599 0.0761537 -0.118728 0.000368556
v19600 0.0758823 -0.118733 0.000404043
v19601 0.0750795 -0.118745 0.000538135
v19602 0.0749442 -0.118748 0.000556903
v19603 0.0748046 -0.118753 0.000564938
v19604 0.0745308 -0.11876 0.000594329
v19605 0.0754897 -0.127045 0.00282145
v19606 0.0742617 -0.118765 0.000635054
v19607 0.0739862 -0.118773 0.000659915
v19608 0.0737076 -0.118782 0.000676956
v19609 0.0734337 -0.118789 0.000705362
v19610 0.069626 -0.118945 0.000792874
v19611 0.0693444 -0.118957 0.000798642
v19612 0.0691975 -0.118966 0.000785588
v19613 0.0680563 -0.119021 0.000766337
v19614 0.0677883 -0.119026 0.000805709
v19615 0.0676542 -0.119029 0.000825225
v19616 0.0675139 -0.119034 0.000828553
v19617 0.0672424 -0.119041 0.000858478
v19618 0.053711 -0.109347 0.00333446
v19619 0.066968 -0.11905 0.000880797
v19620 0.0534589 -0.10934 0.0034272
v19621 0.0667 -0.119055 0.000919911
v19622 0.0779159 -0.126954 0.00280199
v19623 0.0664255 -0.119063 0.000941538
v19624 0.0392848 -0.114314 0.00956855
v19625 0.0395421 -0.114319 0.00948032
v19626 0.0532048 -0.109335 0.00351373
v19627 0.0530773 -0.109332 0.00355587
v19628 0.0396698 -0.114322 0.0094326
v19629 0.0397959 -0.114326 0.00937916
v19630 0.0400489 -0.114334 0.0092755
v19631 0.052956 -0.109325 0.00361737
v19632 0.0641836 -0.119087 0.00136699
v19633 0.0527088 -0.109315 0.00372594
v19634 0.0403022 -0.114342 0.0091731
v19635 0.0524596 -0.109305 0.00382867
v19636 0.0523377 -0.109299 0.00388887
v19637 0.0625931 -0.119109 0.0016439
v19638 0.0520936 -0.109286 0.00400815
v19639 0.0519719 -0.109279 0.0040691
v19640 0.0518461 -0.109275 0.00411741
v19641 0.0614214 -0.119113 0.00190982
v19642 0.0515979 -0.109265 0.00422446
v19643 0.0490531 -0.131722 0.011074
v19644 0.0513488 -0.109255 0.00432938
v19645 0.0498166 -0.131731 0.0108059
v19646 0.0507162 -0.131737 0.0105251
v19647 0.0509783 -0.109238 0.00449733
v19648 0.0434436 -0.114454 0.00783626
v19649 0.0507262 -0.109231 0.00459337
v19650 0.0506004 -0.109227 0.00464227
v19651 0.0440681 -0.114478 0.00756286
v19652 0.0528626 -0.131768 0.00972939
v19653 0.0444355 -0.114497 0.00737438
v19654 0.0446893 -0.114503 0.00728017
v19655 0.0715929 -0.109481 -0.000975901
v19656 0.0449398 -0.114512 0.00717493
v19657 0.0713229 -0.109486 -0.000936947
v19658 0.0546129 -0.131799 0.0090339
v19659 0.071045 -0.109497 -0.00091767
v19660 0.0549846 -0.131807 0.00887642
v19661 0.0552375 -0.13181 0.00878726
v19662 0.050161 -0.118946 0.00563161
v19663 0.0500421 -0.118939 0.00570038
v19664 0.055486 -0.131815 0.008685
v19665 0.0451854 -0.114524 0.00705325
v19666 0.0453086 -0.11453 0.00699376
v19667 0.0454294 -0.114537 0.00692624
v19668 0.0458046 -0.11455 0.0067683
v19669 0.0459291 -0.114555 0.00671394
v19670 0.04605 -0.114562 0.00664744
v19671 0.0465297 -0.11885 0.00706333
v19672 0.0463021 -0.114569 0.00655011
v19673 0.0571392 -0.131829 0.00814226
v19674 0.0572657 -0.131831 0.00809872
v19675 0.0573891 -0.131833 0.00804616
v19676 0.0576385 -0.131838 0.00794885
v19677 0.0356036 -0.126845 0.013493
v19678 0.0578894 -0.131841 0.00785594
v19679 0.0580163 -0.131842 0.00781423
v19680 0.0581422 -0.131844 0.00776943
v19681 0.0583992 -0.131845 0.00769533
v19682 0.0440021 -0.118792 0.0080087
v19683 0.0437542 -0.118783 0.0081221
v19684 0.0435077 -0.118772 0.00824092
v19685 0.0431342 -0.118759 0.00840674
v19686 0.0428845 -0.118751 0.00851518
v19687 0.0426366 -0.118741 0.00863065
v19688 0.042513 -0.118736 0.00868983
v19689 0.0423884 -0.118731 0.00874547
v19690 0.0421386 -0.118723 0.00885471
v19691 0.0418907 -0.118713 0.00897148
v19692 0.0415197 -0.118697 0.0091506
v19693 0.0413958 -0.118692 0.00920981
v19694 0.0412722 -0.118686 0.00926987
v19695 0.0410225 -0.118677 0.00938195
v19696 0.0395093 -0.118633 0.0100049
v19697 0.0387412 -0.118618 0.0102778
v19698 0.0379766 -0.1186 0.0105667
v19699 0.0373424 -0.118582 0.0108217
v19700 0.0353016 -0.118531 0.0116074
v19701 0.0351725 -0.118529 0.0116507
v19702 0.0350436 -0.118527 0.0116955
v19703 0.0347869 -0.118522 0.011789
v19704 0.0345294 -0.118517 0.0118795
v19705 0.0344017 -0.118514 0.0119295
v19706 0.0342739 -0.11851 0.0119789
v19707 0.0465529 -0.114577 0.00644838
v19708 0.0468016 -0.114587 0.00633965
v19709 0.0470468 -0.114599 0.00621971
v19710 0.0471738 -0.114601 0.00617504
v19711 0.0474253 -0.114608 0.00607667
v19712 0.0482872 -0.114646 0.00567495
v19713 0.048906 -0.11467 0.00540131
v19714 0.0530069 -0.114806 0.00370512
v19715 0.0657271 -0.114885 0.000179959
v19716 0.0659987 -0.114878 0.000150203
v19717 0.06627 -0.114871 0.0001193
v19718 0.0665422 -0.114864 9.0687e-05
v19719 0.0673544 -0.114844 -7.65235e-06
v19720 0.0676264 -0.114836 -3.75248e-05
v19721 0.0678975 -0.11483 -6.97331e-05
v19722 0.0681708 -0.114822 -9.62217e-05
v19723 0.068444 -0.114814 -0.000123386
v19724 0.0687211 -0.114804 -0.000140326
v19725 0.0689968 -0.114794 -0.000161376
v19726 0.0692759 -0.114783 -0.000173923
v19727 0.0695537 -0.114773 -0.000189694
v19728 0.0698326 -0.114762 -0.000203133
v19729 0.0788038 -0.118773 0.000208768
v19730 0.0785208 -0.118784 0.000218348
v19731 0.0783803 -0.118789 0.000225448
v19732 0.0772549 -0.118831 0.000277125
v19733 0.075222 -0.118873 0.000551638
v19734 0.0709436 -0.114722 -0.000270594
v19735 0.0716078 -0.118993 0.000786316
v19736 0.0713244 -0.119005 0.000789364
v19737 0.0710415 -0.119017 0.000793335
v19738 0.0707639 -0.119027 0.000810409
v19739 0.0704795 -0.11904 0.000810259
v19740 0.070191 -0.119055 0.000799149
v19741 0.0699027 -0.11907 0.00078815
v19742 0.0696278 -0.119078 0.000811143
v19743 0.044138 -0.126916 0.0108336
v19744 0.0442571 -0.126922 0.0107586
v19745 0.0443854 -0.126924 0.0107164
v19746 0.0693441 -0.119091 0.000811207
v19747 0.0446412 -0.126927 0.0106293
v19748 0.0712201 -0.114712 -0.000291158
v19749 0.044895 -0.126931 0.0105357
v19750 0.0679297 -0.119153 0.00081841
v19751 0.0451482 -0.126936 0.01044
v19752 0.0587807 -0.131848 0.00757244
v19753 0.0589047 -0.13185 0.00752218
v19754 0.0455343 -0.126939 0.010319
v19755 0.0590314 -0.131851 0.00748018
v19756 0.0457914 -0.126942 0.0102374
v19757 0.0592834 -0.131854 0.00739183
v19758 0.0460499 -0.126943 0.0101608
v19759 0.0640654 -0.119215 0.00144147
v19760 0.0463059 -0.126946 0.0100761
v19761 0.0595451 -0.131853 0.00733205
v19762 0.0465641 -0.126948 0.00999904
v19763 0.0598072 -0.131852 0.00727375
v19764 0.046821 -0.12695 0.00991744
v19765 0.0600547 -0.131856 0.00717283
v19766 0.0470803 -0.126951 0.00984455
v19767 0.0626068 -0.119235 0.00169364
v19768 0.0473363 -0.126954 0.00976054
v19769 0.0474651 -0.126955 0.00972102
v19770 0.0475944 -0.126955 0.00968359
v19771 0.0603067 -0.131859 0.00708512
v19772 0.047857 -0.126954 0.00962224
v19773 0.0618373 -0.119231 0.00190346
v19774 0.0607756 -0.119247 0.00208372
v19775 0.0482423 -0.126958 0.00950127
v19776 0.0588834 -0.130849 0.00696079
v19777 0.060565 -0.131859 0.00701605
v19778 0.0609399 -0.131865 0.00687632
v19779 0.0611982 -0.131865 0.00680751
v19780 0.0583776 -0.130844 0.00713081
v19781 0.0614587 -0.131864 0.00674496
v19782 0.061713 -0.131866 0.00666483
v19783 0.0580065 -0.130837 0.00728357
v19784 0.0578862 -0.130832 0.00734488
v19785 0.0619658 -0.131868 0.00658073
v19786 0.0622216 -0.131869 0.00650529
v19787 0.0623487 -0.13187 0.00646515
v19788 0.0624806 -0.131869 0.00643884
v19789 0.0627403 -0.131869 0.00637439
v19790 0.062998 -0.131869 0.00630466
v19791 0.063261 -0.131867 0.00624979
v19792 0.063524 -0.131865 0.00619467
v19793 0.063652 -0.131865 0.00615746
v19794 0.0639096 -0.131866 0.00608761
v19795 0.0641676 -0.131866 0.00601883
v19796 0.0644264 -0.131866 0.00595238
v19797 0.0645578 -0.131865 0.0059246
v19798 0.0646873 -0.131865 0.0058917
v19799 0.0649473 -0.131864 0.00582873
v19800 0.065209 -0.131862 0.00577052
v19801 0.0654714 -0.131861 0.00571394
v19802 0.0657399 -0.131857 0.00567417
v19803 0.0554675 -0.130813 0.00811988
v19804 0.0660074 -0.131853 0.00563174
v19805 0.0662774 -0.131848 0.00559574
v19806 0.0665473 -0.131843 0.00555945
v19807 0.0668222 -0.131837 0.00553659
v19808 0.0670938 -0.131832 0.00550446
v19809 0.067364 -0.131827 0.0054687
v19810 0.0676347 -0.131822 0.00543416
v19811 0.0679087 -0.131816 0.00540823
v19812 0.0680444 -0.131813 0.00539177
v19813 0.0681805 -0.13181 0.00537615
v19814 0.0541016 -0.130785 0.00868364
v19815 0.0684515 -0.131805 0.00534202
v19816 0.0707676 -0.109507 -0.000897418
v19817 0.0705024 -0.131762 0.00512944
v19818 0.0704975 -0.109513 -0.000858987
v19819 0.0706379 -0.131759 0.00511175
v19820 0.0485496 -0.119029 0.00632759
v19821 0.0728161 -0.131717 0.00485185
v19822 0.0730908 -0.131711 0.00482473
v19823 0.0470233 -0.119004 0.00684441
v19824 0.0466646 -0.118982 0.00705266
v19825 0.0702258 -0.10952 -0.000824797
v19826 0.0747373 -0.114566 -0.000415038
v19827 0.075017 -0.114556 -0.000430843
v19828 0.0754376 -0.11454 -0.000451897
v19829 0.0420198 -0.11885 0.00893646
v19830 0.0409042 -0.118805 0.0094666
v19831 0.0519653 -0.13075 0.00949209
v19832 0.0407801 -0.118799 0.00952556
v19833 0.0405319 -0.118789 0.0096438
v19834 0.0402811 -0.118781 0.00975267
v19835 0.0401545 -0.118777 0.00980284
v19836 0.0398991 -0.118772 0.00989523
v19837 0.0699469 -0.109531 -0.000808844
v19838 0.0396418 -0.118768 0.00998058
v19839 0.0696733 -0.109539 -0.000779598
v19840 0.0395158 -0.118764 0.0100335
v19841 0.0393877 -0.118762 0.0100782
v19842 0.0505792 -0.130728 0.0100134
v19843 0.0391335 -0.118756 0.010176
v19844 0.0388744 -0.118753 0.0102554
v19845 0.0387454 -0.118751 0.0102973
v19846 0.0386168 -0.118749 0.0103408
v19847 0.0383648 -0.118741 0.0104479
v19848 0.0381104 -0.118735 0.010546
v19849 0.037727 -0.118727 0.010687
v19850 0.0374759 -0.118718 0.0107994
v19851 0.0373483 -0.118715 0.0108473
v19852 0.037221 -0.118711 0.0108969
v19853 0.0369658 -0.118705 0.0109934
v19854 0.0367135 -0.118697 0.011102
v19855 0.0364608 -0.118689 0.0112095
v19856 0.0362027 -0.118685 0.0112955
v19857 0.0359462 -0.11868 0.0113886
v19858 0.0405548 -0.114213 0.00906449
v19859 0.0409296 -0.114229 0.00889306
v19860 0.0411821 -0.114237 0.00878892
v19861 0.0694018 -0.109546 -0.000745136
v19862 0.0414332 -0.114247 0.00868045
v19863 0.0691261 -0.109555 -0.000721578
v19864 0.0415599 -0.11425 0.00863051
v19865 0.0688525 -0.109563 -0.000692832
v19866 0.0416861 -0.114255 0.00857868
v19867 0.0685826 -0.109569 -0.000654767
v19868 0.0419375 -0.114264 0.00847163
v19869 0.04219 -0.114272 0.00836941
v19870 0.0424414 -0.11428 0.00826318
v19871 0.0683134 -0.109575 -0.000614919
v19872 0.0428169 -0.114295 0.00809904
v19873 0.0680455 -0.109579 -0.00057191
v19874 0.0430667 -0.114304 0.00798825
v19875 0.0433181 -0.114313 0.00788378
v19876 0.0434431 -0.114318 0.007829
v19877 0.0472653 -0.130691 0.0111511
v19878 0.0435671 -0.114323 0.00777061
v19879 0.0470132 -0.130687 0.0112501
v19880 0.0438184 -0.114332 0.00766652
v19881 0.0467537 -0.130686 0.0113237
v19882 0.0440669 -0.114342 0.00755266
v19883 0.0464246 -0.114439 0.00648247
v19884 0.0476726 -0.114482 0.00595776
v19885 0.0677787 -0.109583 -0.000525932
v19886 0.0477954 -0.114488 0.00589918
v19887 0.0675107 -0.109588 -0.000482988
v19888 0.0479175 -0.114494 0.00583802
v19889 0.0672449 -0.109592 -0.000434566
v19890 0.048165 -0.114504 0.00572754
v19891 0.0669768 -0.109596 -0.000392348
v19892 0.0482881 -0.114509 0.00567056
v19893 0.0667096 -0.109601 -0.000347488
v19894 0.0778178 -0.118944 0.00026737
v19895 0.0664396 -0.109607 -0.000310464
v19896 0.0776772 -0.118949 0.000274085
v19897 0.0661743 -0.10961 -0.000260761
v19898 0.077535 -0.118955 0.000276682
v19899 0.0659096 -0.109613 -0.000209791
v19900 0.0772609 -0.118962 0.000306547
v19901 0.0656431 -0.109617 -0.000163348
v19902 0.0769901 -0.118967 0.000343887
v19903 0.0653795 -0.109619 -0.000109402
v19904 0.0767194 -0.118973 0.000381633
v19905 0.0651249 -0.109615 -3.12504e-05
v19906 0.0649958 -0.109615 3.03981e-06
v19907 0.0648675 -0.109614 3.954e-05
v19908 0.0764459 -0.118979 0.000412575
v19909 0.0646004 -0.109618 8.41051e-05
v19910 0.0761761 -0.118984 0.000452213
v19911 0.0759026 -0.118991 0.000482832
v19912 0.0642151 -0.109615 0.000192598
v19913 0.0756309 -0.118997 0.000517617
v19914 0.075358 -0.119003 0.000549378
v19915 0.0750915 -0.119007 0.000596592
v19916 0.074822 -0.119012 0.000636472
v19917 0.0745519 -0.119017 0.000674878
v19918 0.0742828 -0.119022 0.000715741
v19919 0.0740098 -0.119028 0.000746604
v19920 0.0737325 -0.119037 0.000767128
v19921 0.0734569 -0.119045 0.000791404
v19922 0.0731793 -0.119054 0.000810515
v19923 0.073037 -0.119061 0.000811489
v19924 0.0728953 -0.119067 0.00081365
v19925 0.0484104 -0.114515 0.00561055
v19926 0.0486579 -0.114525 0.00550112
v19927 0.0489055 -0.114535 0.00539197
v19928 0.0490268 -0.114541 0.00532943
v19929 0.0492743 -0.11455 0.00522076
v19930 0.0710535 -0.119145 0.000837621
v19931 0.0495232 -0.114559 0.00511704
v19932 0.0701943 -0.119187 0.00082107
v19933 0.0699153 -0.119197 0.000833886
v19934 0.0694923 -0.119215 0.000840938
v19935 0.0693531 -0.11922 0.000847936
v19936 0.0690716 -0.119231 0.000853639
v19937 0.0688001 -0.119238 0.00088464
v19938 0.0497704 -0.114568 0.00500805
v19939 0.0683688 -0.11926 0.000868806
v19940 0.0680854 -0.119273 0.000868486
v19941 0.0678105 -0.119282 0.000889976
v19942 0.0675268 -0.119295 0.000888418
v19943 0.0601728 -0.109618 0.00115495
v19944 0.050015 -0.11458 0.00489111
v19945 0.0599211 -0.109612 0.00124352
v19946 0.0669948 -0.119302 0.00097738
v19947 0.0596678 -0.109607 0.00132736
v19948 0.0595365 -0.109608 0.00135624
v19949 0.0594078 -0.109607 0.00139222
v19950 0.0667224 -0.11931 0.00100492
v19951 0.0591512 -0.109604 0.00146718
v19952 0.066448 -0.119318 0.00102682
v19953 0.0589003 -0.109598 0.00155852
v19954 0.0661776 -0.119324 0.00105931
v19955 0.05864 -0.109597 0.00162295
v19956 0.0501363 -0.114586 0.00482964
v19957 0.0583851 -0.109593 0.00170291
v19958 0.0503781 -0.114599 0.00470423
v19959 0.072025 -0.127008 0.00305923
v19960 0.0618692 -0.114812 0.000809017
v19961 0.0722951 -0.127003 0.00302226
v19962 0.0620031 -0.114809 0.000789616
v19963 0.0725647 -0.126999 0.00298386
v19964 0.0726972 -0.126997 0.00295902
v19965 0.0728325 -0.126995 0.00294107
v19966 0.0703806 -0.114612 -0.000269197
v19967 0.0731052 -0.126989 0.00291023
v19968 0.0705199 -0.114607 -0.000276564
v19969 0.0733839 -0.12698 0.00289437
v19970 0.070659 -0.114601 -0.000284626
v19971 0.0736629 -0.126972 0.00287923
v19972 0.073801 -0.126968 0.00286791
v19973 0.0709349 -0.114592 -0.000306533
v19974 0.0740791 -0.12696 0.00285001
v19975 0.0712115 -0.114583 -0.000326826
v19976 0.0743586 -0.126951 0.00283533
v19977 0.0714923 -0.114571 -0.00033656
v19978 0.0746329 -0.126945 0.00280777
v19979 0.0717722 -0.11456 -0.000349184
v19980 0.071909 -0.114556 -0.000363243
v19981 0.0721862 -0.114547 -0.000382734
v19982 0.0724662 -0.114536 -0.00039551
v19983 0.0727418 -0.114527 -0.000419335
v19984 0.0392837 -0.114039 0.00955687
v19985 0.0395393 -0.114046 0.0094621
v19986 0.0396659 -0.11405 0.00941016
v19987 0.0397933 -0.114053 0.00936156
v19988 0.0580173 -0.109577 0.00186588
v19989 0.0578922 -0.109574 0.00191302
v19990 0.0577691 -0.109569 0.00196606
v19991 0.0400465 -0.114061 0.00925833
v19992 0.0575178 -0.109562 0.00205773
v19993 0.0402993 -0.11407 0.00915398
v19994 0.0572658 -0.109556 0.00214719
v19995 0.0571392 -0.109553 0.00219036
v19996 0.0570162 -0.109548 0.00224409
v19997 0.0526251 -0.119299 0.00457205
v19998 0.0444325 -0.114226 0.00735174
v19999 0.045722 -0.131556 0.0121758
v20000 0.0446855 -0.114233 0.00725484
v20001 0.0449375 -0.114241 0.00715477
v20002 0.0451839 -0.114252 0.00703535
v20003 0.0453063 -0.114259 0.00697313
v20004 0.056764 -0.109542 0.00233381
v20005 0.0454284 -0.114265 0.00690999
v20006 0.0458031 -0.114279 0.00675013
v20007 0.056382 -0.109535 0.00245736
v20008 0.0460469 -0.114292 0.0066235
v20009 0.0462984 -0.1143 0.00652395
v20010 0.0561261 -0.109531 0.00253646
v20011 0.0440083 -0.11906 0.00804213
v20012 0.055868 -0.109529 0.00260895
v20013 0.0437596 -0.119051 0.00815251
v20014 0.0556072 -0.109529 0.00267338
v20015 0.0554782 -0.109528 0.00271003
v20016 0.0553478 -0.109527 0.00274244
v20017 0.0435133 -0.11904 0.00827185
v20018 0.0550868 -0.109527 0.00280655
v20019 0.0432646 -0.119031 0.00838326
v20020 0.0548379 -0.109518 0.00290732
v20021 0.0431408 -0.119027 0.00844091
v20022 0.0545868 -0.109511 0.00300173
v20023 0.0428937 -0.119016 0.00855884
v20024 0.0543338 -0.109505 0.00309073
v20025 0.0426464 -0.119006 0.00867608
v20026 0.0424 -0.118996 0.00879718
v20027 0.0539587 -0.109493 0.00323804
v20028 0.0538317 -0.10949 0.00328104
v20029 0.0537077 -0.109485 0.00333382
v20030 0.0421504 -0.118987 0.00890732
v20031 0.0420238 -0.118984 0.00895593
v20032 0.0417777 -0.118973 0.00907943
v20033 0.0415319 -0.118961 0.00920454
v20034 0.0412841 -0.118951 0.00932272
v20035 0.0381155 -0.118868 0.0105688
v20036 0.0360798 -0.118816 0.0113654
v20037 0.0355685 -0.118804 0.0115587
v20038 0.0353134 -0.118797 0.0116581
v20039 0.0350549 -0.118793 0.0117442
v20040 0.0335469 -0.126677 0.0142247
v20041 0.0347983 -0.118788 0.011838
v20042 0.0338034 -0.126682 0.0141293
v20043 0.0345404 -0.118783 0.0119269
v20044 0.0340588 -0.126687 0.0140302
v20045 0.0341859 -0.12669 0.0139781
v20046 0.0342847 -0.118777 0.0120254
v20047 0.0344414 -0.126695 0.0138795
v20048 0.0340282 -0.118771 0.0121207
v20049 0.0347024 -0.126696 0.013804
v20050 0.0348332 -0.126697 0.0137679
v20051 0.034954 -0.126704 0.0136901
v20052 0.0339033 -0.118766 0.0121825
v20053 0.0352104 -0.126708 0.0135965
v20054 0.0337757 -0.118763 0.0122331
v20055 0.035469 -0.126711 0.0135119
v20056 0.0335197 -0.118756 0.0123312
v20057 0.0357233 -0.126716 0.0134103
v20058 0.0464223 -0.114305 0.00646767
v20059 0.0359719 -0.126725 0.0132863
v20060 0.0360997 -0.126728 0.0132382
v20061 0.036227 -0.12673 0.0131887
v20062 0.04655 -0.114307 0.00642487
v20063 0.0468002 -0.114315 0.00632127
v20064 0.0366082 -0.126738 0.0130372
v20065 0.0470473 -0.114326 0.00620744
v20066 0.0368626 -0.126744 0.0129375
v20067 0.0474271 -0.114335 0.00606859
v20068 0.0371188 -0.126748 0.0128458
v20069 0.0637729 -0.133494 0.00704192
v20070 0.0373772 -0.12675 0.0127626
v20071 0.0662658 -0.114606 8.24126e-05
v20072 0.0376414 -0.126749 0.0127026
v20073 0.0665382 -0.114598 5.43402e-05
v20074 0.0379095 -0.126745 0.0126579
v20075 0.0790979 -0.119025 0.000255616
v20076 0.0381703 -0.126746 0.0125849
v20077 0.0788154 -0.119036 0.000266829
v20078 0.0384267 -0.12675 0.0124948
v20079 0.0785307 -0.119047 0.000272366
v20080 0.0386918 -0.126748 0.0124386
v20081 0.0388213 -0.126749 0.0123985
v20082 0.0389507 -0.12675 0.0123584
v20083 0.0783879 -0.119053 0.000273968
v20084 0.039217 -0.126748 0.0123067
v20085 0.0781061 -0.119064 0.000286098
v20086 0.039486 -0.126743 0.0122658
v20087 0.0756406 -0.119126 0.000555892
v20088 0.0397521 -0.126741 0.0122134
v20089 0.0736055 -0.11917 0.00082034
v20090 0.0400208 -0.126737 0.0121708
v20091 0.0401511 -0.126737 0.012134
v20092 0.0734678 -0.119174 0.000832656
v20093 0.0673435 -0.114582 -6.24211e-05
v20094 0.0717726 -0.119243 0.000870719
v20095 0.0676184 -0.114573 -8.458e-05
v20096 0.0678901 -0.114566 -0.000115277
v20097 0.0681611 -0.114559 -0.000147975
v20098 0.0702004 -0.119317 0.000850181
v20099 0.0699222 -0.119327 0.000865184
v20100 0.0684343 -0.114551 -0.00017504
v20101 0.0687108 -0.114541 -0.000193792
v20102 0.0661882 -0.119452 0.00110028
v20103 0.0416969 -0.126753 0.0116316
v20104 0.0481406 -0.131587 0.0113086
v20105 0.0484 -0.131588 0.0112348
v20106 0.0487821 -0.131592 0.011101
v20107 0.0489097 -0.131594 0.0110574
v20108 0.0490376 -0.131595 0.0110149
v20109 0.042471 -0.12676 0.0113874
v20110 0.049292 -0.131598 0.010925
v20111 0.0495481 -0.1316 0.0108412
v20112 0.0496761 -0.131601 0.010799
v20113 0.0429918 -0.126762 0.0112431
v20114 0.0498008 -0.131604 0.0107461
v20115 0.0503122 -0.131609 0.0105767
v20116 0.0433697 -0.126771 0.0110892
v20117 0.0434978 -0.126772 0.0110458
v20118 0.0436262 -0.126774 0.0110033
v20119 0.0504422 -0.131609 0.0105415
v20120 0.043884 -0.126776 0.0109225
v20121 0.068984 -0.114534 -0.000221241
v20122 0.0441395 -0.126779 0.0108335
v20123 0.069262 -0.114523 -0.000236565
v20124 0.0695387 -0.114513 -0.000255361
v20125 0.0698161 -0.114503 -0.000272487
v20126 0.0700929 -0.114494 -0.000291534
v20127 0.0607976 -0.119502 0.00216853
v20128 0.0605284 -0.119508 0.00220287
v20129 0.0602661 -0.11951 0.00225667
v20130 0.0600064 -0.11951 0.00231765
v20131 0.0530949 -0.131646 0.0095642
v20132 0.0534707 -0.131653 0.00941693
v20133 0.0586358 -0.131721 0.00755044
v20134 0.0595302 -0.131726 0.00727793
v20135 0.0602888 -0.131734 0.00702254
v20136 0.061182 -0.131739 0.00674984
v20137 0.0620778 -0.131742 0.0064864
v20138 0.0483039 -0.119289 0.00645686
v20139 0.0481769 -0.119287 0.00650028
v20140 0.0632445 -0.131741 0.00619181
v20141 0.0470344 -0.119267 0.00689592
v20142 0.0467945 -0.119254 0.00703176
v20143 0.0466738 -0.119247 0.00709746
v20144 0.0642787 -0.13174 0.00592302
v20145 0.0654544 -0.131735 0.00565553
v20146 0.0438911 -0.119186 0.00812814
v20147 0.0410433 -0.119072 0.0094719
v20148 0.0407947 -0.119062 0.00958824
v20149 0.0405463 -0.119052 0.00970565
v20150 0.0404203 -0.119048 0.00975803
v20151 0.0401667 -0.119042 0.00985636
v20152 0.0399118 -0.119036 0.00995069
v20153 0.0396546 -0.119032 0.0100365
v20154 0.0394016 -0.119025 0.0101383
v20155 0.0391458 -0.11902 0.0102298
v20156 0.0388871 -0.119017 0.0103108
v20157 0.0386292 -0.119014 0.0103948
v20158 0.0383769 -0.119006 0.0105006
v20159 0.0382492 -0.119003 0.0105479
v20160 0.0379945 -0.118997 0.0106449
v20161 0.0377397 -0.118991 0.0107423
v20162 0.0513441 -0.109395 0.00432306
v20163 0.0374885 -0.118982 0.0108538
v20164 0.0372345 -0.118975 0.010955
v20165 0.0369797 -0.118969 0.011053
v20166 0.0368536 -0.118965 0.0111073
v20167 0.0367265 -0.118962 0.0111581
v20168 0.0364732 -0.118954 0.0112631
v20169 0.0362157 -0.11895 0.0113516
v20170 0.0731221 -0.109559 -0.00106934
v20171 0.0729849 -0.109563 -0.00105468
v20172 0.0360866 -0.118948 0.0113947
v20173 0.0358303 -0.118942 0.0114884
v20174 0.0721462 -0.109596 -0.00100709
v20175 0.0354476 -0.118933 0.0116369
v20176 0.0718678 -0.109607 -0.000988657
v20177 0.0346759 -0.118918 0.0119102
v20178 0.0332698 -0.118883 0.0124558
v20179 0.0405508 -0.113942 0.00904119
v20180 0.0409286 -0.113955 0.00888038
v20181 0.0411815 -0.113963 0.00877763
v20182 0.0414337 -0.113972 0.00867287
v20183 0.0415583 -0.113977 0.00861518
v20184 0.0416843 -0.113982 0.00856261
v20185 0.0419372 -0.113989 0.00846077
v20186 0.0421879 -0.113999 0.00835171
v20187 0.0425643 -0.114013 0.00819001
v20188 0.0428146 -0.114022 0.00808016
v20189 0.0430646 -0.114032 0.00797016
v20190 0.0433159 -0.114041 0.00786479
v20191 0.0434422 -0.114045 0.00781453
v20192 0.0435652 -0.114051 0.0077527
v20193 0.0438163 -0.11406 0.00764751
v20194 0.0440647 -0.11407 0.00753329
v20195 0.0445585 -0.114093 0.00729538
v20196 0.0788197 -0.119167 0.000292257
v20197 0.0775529 -0.119214 0.000349366
v20198 0.0772763 -0.119222 0.000373342
v20199 0.0770021 -0.119229 0.000402665
v20200 0.0767277 -0.119236 0.000431534
v20201 0.0759198 -0.11925 0.000553747
v20202 0.0756505 -0.119255 0.000594473
v20203 0.0753785 -0.119261 0.000628415
v20204 0.0751092 -0.119266 0.000668989
v20205 0.0748408 -0.11927 0.000711605
v20206 0.074572 -0.119275 0.000753219
v20207 0.0743015 -0.11928 0.000790398
v20208 0.0740279 -0.119287 0.00082012
v20209 0.0737544 -0.119294 0.000849749
v20210 0.0734796 -0.119302 0.000876264
v20211 0.0476729 -0.11421 0.00594405
v20212 0.0479201 -0.11422 0.00583202
v20213 0.0481677 -0.11423 0.00572168
v20214 0.0482904 -0.114236 0.00566307
v20215 0.0692224 -0.119487 0.000903428
v20216 0.0690858 -0.119491 0.000916858
v20217 0.0484142 -0.114241 0.00560809
v20218 0.0683794 -0.119522 0.000922786
v20219 0.066033 -0.109752 -0.000246069
v20220 0.0658997 -0.109754 -0.000223072
v20221 0.0681009 -0.119532 0.000935271
v20222 0.0656337 -0.109758 -0.000175647
v20223 0.0678307 -0.119538 0.000969021
v20224 0.0653718 -0.109759 -0.000117074
v20225 0.0675452 -0.119552 0.000962776
v20226 0.0651103 -0.109759 -5.75618e-05
v20227 0.0670166 -0.119558 0.00106062
v20228 0.0576533 -0.126934 0.00634456
v20229 0.0667443 -0.119565 0.00108862
v20230 0.0579172 -0.126932 0.00629164
v20231 0.0664663 -0.119575 0.00110107
v20232 0.0581888 -0.126926 0.00626117
v20233 0.067483 -0.131698 0.00539507
v20234 0.0676186 -0.131695 0.00537838
v20235 0.0639641 -0.1196 0.00158626
v20236 0.0486622 -0.11425 0.00549996
v20237 0.0648544 -0.109757 1.689e-05
v20238 0.0489107 -0.114259 0.00539373
v20239 0.0645938 -0.109757 7.90057e-05
v20240 0.0490303 -0.114267 0.00532543
v20241 0.0643333 -0.109757 0.000141373
v20242 0.0699449 -0.131644 0.00514614
v20243 0.0700788 -0.131643 0.00512432
v20244 0.0639373 -0.109761 0.000220548
v20245 0.0739372 -0.130802 0.00434323
v20246 0.0703509 -0.131637 0.0050921
v20247 0.0736639 -0.130808 0.00437364
v20248 0.0706209 -0.131633 0.0050545
v20249 0.0708908 -0.131628 0.00501633
v20250 0.0596294 -0.119638 0.00245668
v20251 0.0492757 -0.114278 0.0052098
v20252 0.0714366 -0.131617 0.00495511
v20253 0.0717094 -0.131612 0.00492417
v20254 0.0719818 -0.131607 0.00489189
v20255 0.0722555 -0.131601 0.00486295
v20256 0.0725283 -0.131595 0.00483141
v20257 0.0728013 -0.13159 0.00480037
v20258 0.0730742 -0.131584 0.0047691
v20259 0.0720351 -0.130838 0.00458241
v20260 0.071902 -0.130839 0.00460641
v20261 0.073348 -0.131579 0.00473975
v20262 0.0716293 -0.130845 0.00463765
v20263 0.0495282 -0.114284 0.00511739
v20264 0.0713457 -0.130855 0.00464075
v20265 0.049775 -0.114294 0.00500717
v20266 0.0710727 -0.13086 0.00467093
v20267 0.0500192 -0.114306 0.0048884
v20268 0.0708104 -0.130862 0.00472841
v20269 0.0501409 -0.114312 0.00482809
v20270 0.0705397 -0.130867 0.00476416
v20271 0.0503831 -0.114325 0.00470378
v20272 0.0702605 -0.130875 0.00477789
v20273 0.0506281 -0.114335 0.00458921
v20274 0.0638563 -0.114517 0.000431568
v20275 0.0528928 -0.119563 0.00455071
v20276 0.0699933 -0.130878 0.00482256
v20277 0.0527708 -0.119558 0.00460755
v20278 0.052649 -0.119553 0.00466473
v20279 0.0524081 -0.119542 0.00478818
v20280 0.0636752 -0.109762 0.00027872
v20281 0.069536 -0.114381 -0.000275911
v20282 0.0634109 -0.109764 0.000330811
v20283 0.0705069 -0.114346 -0.000337107
v20284 0.0631478 -0.109766 0.000386164
v20285 0.070645 -0.114341 -0.000347604
v20286 0.0628886 -0.109766 0.000451999
v20287 0.0709198 -0.114333 -0.00037242
v20288 0.0626308 -0.109764 0.000522153
v20289 0.0711982 -0.114322 -0.000388168
v20290 0.0680649 -0.130926 0.00497972
v20291 0.0714786 -0.114311 -0.000399103
v20292 0.0677946 -0.130931 0.00501518
v20293 0.0717598 -0.114299 -0.000408346
v20294 0.0675224 -0.130936 0.00504549
v20295 0.0720371 -0.114289 -0.000427538
v20296 0.0672488 -0.130943 0.005072
v20297 0.072177 -0.114284 -0.000433941
v20298 0.0669727 -0.13095 0.00509172
v20299 0.0724583 -0.114272 -0.000443561
v20300 0.0666995 -0.130956 0.00511896
v20301 0.0665644 -0.130958 0.00513641
v20302 0.0664285 -0.130961 0.00515185
v20303 0.0727376 -0.114261 -0.000458327
v20304 0.0442726 -0.119329 0.00799848
v20305 0.0440214 -0.119322 0.0080998
v20306 0.0438972 -0.119318 0.00815566
v20307 0.0437741 -0.119313 0.00821524
v20308 0.0434027 -0.119298 0.00838741
v20309 0.043155 -0.119289 0.00850243
v20310 0.0429081 -0.119279 0.00862079
v20311 0.0427851 -0.119273 0.00868205
v20312 0.0426617 -0.119268 0.00874166
v20313 0.064969 -0.130977 0.00541552
v20314 0.0424138 -0.119258 0.00885752
v20315 0.0421675 -0.119247 0.00897943
v20316 0.0417957 -0.119232 0.00915478
v20317 0.0416714 -0.119228 0.00921236
v20318 0.0415454 -0.119224 0.00926354
v20319 0.041299 -0.119213 0.00938679
v20320 0.0405526 -0.119184 0.00973345
v20321 0.0397902 -0.119166 0.0100237
v20322 0.0390218 -0.119152 0.0102943
v20323 0.0636605 -0.130985 0.0057053
v20324 0.0376187 -0.11912 0.0108188
v20325 0.0355801 -0.11907 0.0116091
v20326 0.0354526 -0.119066 0.0116587
v20327 0.0353241 -0.119064 0.0117045
v20328 0.0350678 -0.119058 0.0117994
v20329 0.0348108 -0.119053 0.0118917
v20330 0.0346819 -0.119051 0.0119362
v20331 0.0345534 -0.119048 0.0119826
v20332 0.0342966 -0.119043 0.0120762
v20333 0.0340405 -0.119037 0.012173
v20334 0.0337868 -0.119029 0.0122803
v20335 0.0334047 -0.119018 0.0124358
v20336 0.0617289 -0.130982 0.0062294
v20337 0.0392812 -0.113766 0.00954007
v20338 0.039537 -0.113772 0.00944592
v20339 0.0397928 -0.113778 0.00935178
v20340 0.0400463 -0.113786 0.00924973
v20341 0.0724209 -0.126872 0.00296647
v20342 0.0402986 -0.113795 0.00914332
v20343 0.0405523 -0.113803 0.00904221
v20344 0.0444354 -0.113951 0.00735019
v20345 0.0445594 -0.113956 0.00729256
v20346 0.0446833 -0.113961 0.0072349
v20347 0.0449303 -0.113973 0.00711727
v20348 0.0451797 -0.113982 0.00700824
v20349 0.0454247 -0.113995 0.0068844
v20350 0.0458002 -0.114008 0.00672731
v20351 0.0460468 -0.114019 0.00660993
v20352 0.0462964 -0.114028 0.00650376
v20353 0.0464217 -0.114032 0.00645233
v20354 0.0465472 -0.114036 0.00640172
v20355 0.0468013 -0.114042 0.00631119
v20356 0.0470498 -0.114052 0.00620198
v20357 0.0474269 -0.114063 0.00605351
v20358 0.0788243 -0.119299 0.000318289
v20359 0.0785386 -0.119311 0.00032163
v20360 0.0625007 -0.109764 0.000553691
v20361 0.06237 -0.109764 0.000583792
v20362 0.0782521 -0.119324 0.000322547
v20363 0.0781148 -0.119327 0.000337215
v20364 0.0778377 -0.119336 0.000360136
v20365 0.0757488 -0.126778 0.00272673
v20366 0.0476732 -0.114074 0.00593794
v20367 0.0760615 -0.119378 0.000565315
v20368 0.0744483 -0.119406 0.000814678
v20369 0.0621075 -0.109766 0.000640951
v20370 0.0743099 -0.11941 0.000825457
v20371 0.0618463 -0.109766 0.000701848
v20372 0.0717914 -0.119501 0.000945789
v20373 0.0615878 -0.109765 0.000770056
v20374 0.070215 -0.119577 0.000914924
v20375 0.0613258 -0.109766 0.0008288
v20376 0.0699378 -0.119586 0.00093225
v20377 0.0610672 -0.109765 0.000896796
v20378 0.0696529 -0.119599 0.000929609
v20379 0.0670287 -0.119685 0.00110566
v20380 0.0778934 -0.126696 0.002718
v20381 0.063833 -0.119735 0.00162567
v20382 0.0517525 -0.114233 0.00413781
v20383 0.0532534 -0.114275 0.00356193
v20384 0.0608117 -0.109762 0.0009738
v20385 0.0533761 -0.11428 0.00350684
v20386 0.0536285 -0.114285 0.00341901
v20387 0.0604234 -0.10976 0.0010753
v20388 0.0602933 -0.10976 0.00110725
v20389 0.0601625 -0.10976 0.00113725
v20390 0.0538737 -0.114295 0.00330908
v20391 0.0599108 -0.109754 0.0012254
v20392 0.0541241 -0.114301 0.00321563
v20393 0.0596556 -0.109751 0.00130388
v20394 0.0604307 -0.119757 0.00234732
v20395 0.0601648 -0.119761 0.00239106
v20396 0.0662596 -0.114341 4.04111e-05
v20397 0.0665304 -0.114335 7.83915e-06
v20398 0.0666655 -0.114331 -9.295e-06
v20399 0.0673373 -0.114318 -0.000104963
v20400 0.0681511 -0.114297 -0.00020054
v20401 0.0586315 -0.109738 0.00160915
v20402 0.0684239 -0.114289 -0.000228805
v20403 0.0687011 -0.114279 -0.000245689
v20404 0.0689734 -0.114272 -0.000275388
v20405 0.0692521 -0.114261 -0.000288874
v20406 0.0695297 -0.11425 -0.000305583
v20407 0.0698077 -0.11424 -0.00032123
v20408 0.0700844 -0.11423 -0.000340678
v20409 0.0522948 -0.119666 0.00488149
v20410 0.0510617 -0.13149 0.0102588
v20411 0.0532054 -0.131521 0.00945962
v20412 0.0481715 -0.119561 0.00649688
v20413 0.0480489 -0.119556 0.006555
v20414 0.0533276 -0.131525 0.00940083
v20415 0.0535778 -0.13153 0.00930166
v20416 0.0538253 -0.131535 0.00919474
v20417 0.0539486 -0.131538 0.00913969
v20418 0.0540738 -0.13154 0.0090911
v20419 0.0469252 -0.119524 0.007014
v20420 0.0468032 -0.119519 0.00707521
v20421 0.0461808 -0.119499 0.00734012
v20422 0.0544498 -0.131547 0.00894621
v20423 0.0545766 -0.131548 0.0089026
v20424 0.0547049 -0.131549 0.00886372
v20425 0.0549518 -0.131554 0.00875613
v20426 0.0552061 -0.131557 0.00867185
v20427 0.0553272 -0.131561 0.00861084
v20428 0.0422968 -0.119385 0.00894565
v20429 0.0411821 -0.119339 0.00947654
v20430 0.0410579 -0.119334 0.0095349
v20431 0.0408074 -0.119326 0.00964394
v20432 0.0405586 -0.119316 0.00975974
v20433 0.0404323 -0.119313 0.00981091
v20434 0.0401787 -0.119306 0.00990933
v20435 0.0399244 -0.1193 0.0100059
v20436 0.0396675 -0.119296 0.0100928
v20437 0.0394138 -0.11929 0.0101917
v20438 0.0391579 -0.119285 0.0102831
v20439 0.0389002 -0.119281 0.0103676
v20440 0.0386432 -0.119277 0.010455
v20441 0.0383892 -0.119271 0.0105546
v20442 0.0382611 -0.119268 0.0106
v20443 0.038006 -0.119263 0.0106955
v20444 0.0367289 -0.126609 0.0129592
v20445 0.0377519 -0.119256 0.0107952
v20446 0.0376249 -0.119253 0.0108457
v20447 0.0375018 -0.119246 0.0109113
v20448 0.0372473 -0.11924 0.0110102
v20449 0.0369927 -0.119234 0.0111093
v20450 0.0367395 -0.119226 0.0112142
v20451 0.0364864 -0.119219 0.0113199
v20452 0.036357 -0.119217 0.0113615
v20453 0.0360999 -0.119212 0.0114517
v20454 0.0409284 -0.113681 0.0088709
v20455 0.0411806 -0.113689 0.00876538
v20456 0.0414325 -0.113698 0.00865934
v20457 0.041559 -0.113702 0.00860818
v20458 0.0416853 -0.113706 0.00855683
v20459 0.0419369 -0.113715 0.00844999
v20460 0.0421885 -0.113724 0.00834404
v20461 0.0425648 -0.113738 0.00818155
v20462 0.0428153 -0.113748 0.00807232
v20463 0.0430643 -0.113758 0.00795818
v20464 0.0433164 -0.113766 0.00785546
v20465 0.0434417 -0.113771 0.00780167
v20466 0.0435652 -0.113777 0.00774167
v20467 0.0438164 -0.113786 0.00763655
v20468 0.0440639 -0.113797 0.007519
v20469 0.0479199 -0.113948 0.00581671
v20470 0.0481676 -0.113958 0.00570639
v20471 0.0482905 -0.113964 0.00564829
v20472 0.048412 -0.11397 0.00558584
v20473 0.0772911 -0.119482 0.000438727
v20474 0.0770142 -0.119491 0.000461658
v20475 0.0767383 -0.119498 0.000486649
v20476 0.0764656 -0.119505 0.000519479
v20477 0.0486603 -0.11398 0.00547836
v20478 0.0560691 -0.131577 0.00829505
v20479 0.0759348 -0.11951 0.000619546
v20480 0.0753993 -0.119518 0.000708371
v20481 0.0751297 -0.119523 0.000748251
v20482 0.0748572 -0.11953 0.000780735
v20483 0.0745912 -0.119533 0.00082924
v20484 0.074319 -0.119539 0.0008624
v20485 0.0740417 -0.119548 0.000882809
v20486 0.0737695 -0.119554 0.000915754
v20487 0.0545738 -0.109656 0.00297205
v20488 0.0735033 -0.119557 0.00096346
v20489 0.0489063 -0.113991 0.00536382
v20490 0.0490279 -0.113997 0.00530213
v20491 0.0492756 -0.114007 0.0051935
v20492 0.0495245 -0.114015 0.00508943
v20493 0.0497723 -0.114025 0.00498205
v20494 0.05002 -0.114034 0.00487478
v20495 0.0501437 -0.114039 0.00482095
v20496 0.0503864 -0.114051 0.00469799
v20497 0.0689628 -0.119755 0.000992387
v20498 0.0506304 -0.114063 0.00457972
v20499 0.0681175 -0.11979 0.00100495
v20500 0.0678474 -0.119796 0.00103894
v20501 0.0675772 -0.119802 0.00107268
v20502 0.0442621 -0.126649 0.0107655
v20503 0.044389 -0.126651 0.0107181
v20504 0.0674423 -0.119805 0.00108999
v20505 0.0446449 -0.126654 0.0106311
v20506 0.0673099 -0.119807 0.00111409
v20507 0.0449034 -0.126656 0.0105538
v20508 0.0450293 -0.126659 0.0105031
v20509 0.0451559 -0.126661 0.0104551
v20510 0.0669082 -0.119814 0.00117375
v20511 0.0454147 -0.126663 0.0103789
v20512 0.0666387 -0.11982 0.00120885
v20513 0.0664959 -0.119827 0.00120525
v20514 0.0458002 -0.126666 0.0102556
v20515 0.066225 -0.119833 0.00123644
v20516 0.0659571 -0.119838 0.00127564
v20517 0.0655617 -0.119842 0.00135146
v20518 0.0563237 -0.131579 0.00821272
v20519 0.0565832 -0.131579 0.00814537
v20520 0.0647864 -0.119842 0.00154494
v20521 0.0645153 -0.119849 0.00157528
v20522 0.0642465 -0.119854 0.00161158
v20523 0.0641129 -0.119857 0.00163181
v20524 0.0470923 -0.126674 0.0098723
v20525 0.0639809 -0.119858 0.00165639
v20526 0.0473476 -0.126678 0.0097856
v20527 0.0634626 -0.119859 0.00178168
v20528 0.0476025 -0.126681 0.00969755
v20529 0.0631938 -0.119864 0.00181774
v20530 0.0478625 -0.126682 0.0096269
v20531 0.0629246 -0.11987 0.00185271
v20532 0.048119 -0.126684 0.00954474
v20533 0.056843 -0.131579 0.00807907
v20534 0.0483688 -0.12669 0.00944028
v20535 0.0484969 -0.126692 0.00939893
v20536 0.0571049 -0.131577 0.00801892
v20537 0.0487516 -0.126695 0.0093113
v20538 0.057359 -0.13158 0.00793571
v20539 0.0576057 -0.131585 0.00783046
v20540 0.0578525 -0.13159 0.00772547
v20541 0.0492681 -0.126698 0.00916001
v20542 0.0582292 -0.131596 0.00758852
v20543 0.0583616 -0.131594 0.00756316
v20544 0.0584901 -0.131595 0.00752625
v20545 0.0587475 -0.131595 0.00745357
v20546 0.0590007 -0.131598 0.0073688
v20547 0.0608366 -0.130977 0.00650215
v20548 0.0592534 -0.131601 0.00728276
v20549 0.0595155 -0.131599 0.00722435
v20550 0.0597744 -0.131599 0.00715672
v20551 0.0600174 -0.131606 0.00704283
v20552 0.0601455 -0.131606 0.00700524
v20553 0.0604079 -0.131605 0.00694796
v20554 0.0606595 -0.131608 0.00685966
v20555 0.0598055 -0.130975 0.00678292
v20556 0.0569447 -0.119887 0.00324795
v20557 0.0609066 -0.131613 0.00675853
v20558 0.0610361 -0.131612 0.00672527
v20559 0.0611662 -0.131612 0.00669362
v20560 0.0614243 -0.131612 0.00662434
v20561 0.061681 -0.131613 0.00655116
v20562 0.0619354 -0.131615 0.00647164
v20563 0.0621894 -0.131617 0.00639117
v20564 0.0624474 -0.131617 0.00632213
v20565 0.0628402 -0.131615 0.00623495
v20566 0.0629652 -0.131616 0.00618942
v20567 0.0630972 -0.131615 0.00616328
v20568 0.0633596 -0.131613 0.00610695
v20569 0.0636184 -0.131613 0.00604033
v20570 0.0638749 -0.131614 0.00596757
v20571 0.0580203 -0.130964 0.00733493
v20572 0.0640008 -0.131615 0.00592467
v20573 0.0577796 -0.130956 0.00745732
v20574 0.0641305 -0.131615 0.00589228
v20575 0.057529 -0.130952 0.00755034
v20576 0.057402 -0.130951 0.00759177
v20577 0.0572742 -0.13095 0.0076309
v20578 0.0526763 -0.119806 0.00476807
v20579 0.0570192 -0.130948 0.00771113
v20580 0.0643912 -0.131614 0.00583116
v20581 0.056761 -0.130948 0.00778174
v20582 0.0646522 -0.131613 0.00577103
v20583 0.0564984 -0.130949 0.00783945
v20584 0.0563691 -0.130949 0.00787427
v20585 0.0649126 -0.131612 0.00570929
v20586 0.0561137 -0.130947 0.00795371
v20587 0.0651742 -0.131611 0.00565077
v20588 0.0558574 -0.130946 0.00803054
v20589 0.065438 -0.131608 0.00559842
v20590 0.0556049 -0.130943 0.00811915
v20591 0.0657059 -0.131604 0.00555707
v20592 0.0659734 -0.131601 0.00551467
v20593 0.0662448 -0.131595 0.00548274
v20594 0.0508769 -0.114073 0.00447003
v20595 0.0676034 -0.131568 0.00532515
v20596 0.067875 -0.131563 0.00529294
v20597 0.0681459 -0.131558 0.00525875
v20598 0.0684196 -0.131552 0.00523179
v20599 0.068695 -0.131545 0.00520932
v20600 0.0689676 -0.13154 0.00517904
v20601 0.0692406 -0.131534 0.00514979
v20602 0.0695172 -0.131527 0.00512996
v20603 0.0697934 -0.13152 0.00510874
v20604 0.044528 -0.119605 0.00792436
v20605 0.044281 -0.119595 0.00803982
v20606 0.0440369 -0.119583 0.00816622
v20607 0.0437906 -0.119573 0.00828514
v20608 0.0435431 -0.119564 0.00840003
v20609 0.043419 -0.119559 0.0084564
v20610 0.0431689 -0.119551 0.00856314
v20611 0.0429229 -0.11954 0.00868471
v20612 0.0426737 -0.119532 0.00879525
v20613 0.0424252 -0.119522 0.00890882
v20614 0.0553632 -0.130935 0.00824139
v20615 0.042303 -0.119516 0.0089732
v20616 0.0551243 -0.130926 0.00837252
v20617 0.0550011 -0.130923 0.00842676
v20618 0.0420597 -0.119503 0.00910642
v20619 0.0547513 -0.130918 0.00852481
v20620 0.041811 -0.119494 0.00922023
v20621 0.0544957 -0.130916 0.00860505
v20622 0.0415615 -0.119485 0.00933162
v20623 0.0371277 -0.119368 0.0110923
v20624 0.0358498 -0.119339 0.0115721
v20625 0.0355921 -0.119335 0.0116605
v20626 0.0353359 -0.119329 0.0117556
v20627 0.0350789 -0.119325 0.0118472
v20628 0.0349514 -0.119321 0.0118975
v20629 0.0534456 -0.109622 0.0034048
v20630 0.0348226 -0.119319 0.0119424
v20631 0.053249 -0.130892 0.00910851
v20632 0.034564 -0.119315 0.0120282
v20633 0.0530014 -0.130886 0.00921543
v20634 0.0528743 -0.130885 0.00925858
v20635 0.0343068 -0.11931 0.0121202
v20636 0.0526192 -0.130883 0.00934238
v20637 0.0341787 -0.119307 0.0121683
v20638 0.052363 -0.130881 0.00942262
v20639 0.0522344 -0.13088 0.00946142
v20640 0.052109 -0.130878 0.00951021
v20641 0.03405 -0.119305 0.012214
v20642 0.0518546 -0.130875 0.00959675
v20643 0.0336678 -0.119294 0.0123681
v20644 0.0515987 -0.130873 0.00967872
v20645 0.0334141 -0.119286 0.0124758
v20646 0.0643094 -0.13362 0.00697048
v20647 0.0640471 -0.133621 0.00702864
v20648 0.0637862 -0.133622 0.00709053
v20649 0.0686954 -0.114148 -0.000273742
v20650 0.0709089 -0.114071 -0.000427683
v20651 0.0711884 -0.11406 -0.000440767
v20652 0.0714682 -0.114048 -0.000453152
v20653 0.071749 -0.114037 -0.000463375
v20654 0.0720286 -0.114026 -0.000476789
v20655 0.072309 -0.114014 -0.000488731
v20656 0.0640463 -0.12678 0.00482682
v20657 0.0724529 -0.114007 -0.000485281
v20658 0.0788323 -0.119563 0.000367919
v20659 0.0531943 -0.109615 0.00349977
v20660 0.0530674 -0.109612 0.00354374
v20661 0.0529418 -0.109608 0.00359156
v20662 0.0782651 -0.119585 0.000383903
v20663 0.0507243 -0.130855 0.0100362
v20664 0.0779863 -0.119594 0.000402899
v20665 0.0504663 -0.130854 0.0101122
v20666 0.0778494 -0.119598 0.000418025
v20667 0.0502079 -0.130853 0.0101872
v20668 0.0775765 -0.119604 0.000450951
v20669 0.0748654 -0.119659 0.000815327
v20670 0.0400438 -0.113513 0.00923214
v20671 0.0401706 -0.113517 0.00918129
v20672 0.0402975 -0.113521 0.00913082
v20673 0.0526958 -0.109597 0.00370352
v20674 0.0405512 -0.113529 0.00902977
v20675 0.0524506 -0.109585 0.00381857
v20676 0.0523269 -0.109579 0.00387308
v20677 0.0408026 -0.113538 0.00892043
v20678 0.0520799 -0.109568 0.00398282
v20679 0.0702238 -0.119839 0.000964524
v20680 0.0518333 -0.109557 0.00409453
v20681 0.0699441 -0.11985 0.000975334
v20682 0.0515849 -0.109547 0.00420079
v20683 0.0696608 -0.119862 0.000976758
v20684 0.0513365 -0.109537 0.00430755
v20685 0.0512124 -0.109532 0.00436136
v20686 0.0510874 -0.109528 0.00441249
v20687 0.0693895 -0.119869 0.00100902
v20688 0.0680002 -0.119917 0.00108137
v20689 0.0677299 -0.119923 0.00111509
v20690 0.0658421 -0.119964 0.00135846
v20691 0.0718309 -0.131482 0.00485675
v20692 0.0645298 -0.119975 0.00162679
v20693 0.0719684 -0.131479 0.00484401
v20694 0.0467683 -0.130813 0.0113806
v20695 0.0507131 -0.109514 0.00456792
v20696 0.0505871 -0.10951 0.00461611
v20697 0.0504598 -0.109507 0.00466014
v20698 0.0629398 -0.119995 0.00190669
v20699 0.0488551 -0.10943 0.0054027
v20700 0.0583648 -0.120023 0.0028946
v20701 0.0579825 -0.12002 0.00300825
v20702 0.0570896 -0.120012 0.00327205
v20703 0.0444348 -0.113678 0.00733592
v20704 0.0445586 -0.113683 0.0072777
v20705 0.044682 -0.113689 0.00721836
v20706 0.0449274 -0.113702 0.00709492
v20707 0.0451788 -0.11371 0.00699249
v20708 0.0454276 -0.11372 0.00688187
v20709 0.0457998 -0.113735 0.00671272
v20710 0.046047 -0.113746 0.00659766
v20711 0.0462968 -0.113755 0.00649163
v20712 0.0525667 -0.119928 0.00487292
v20713 0.0715875 -0.109753 -0.000961159
v20714 0.0464211 -0.11376 0.00643674
v20715 0.0713133 -0.109762 -0.000932881
v20716 0.0465446 -0.113766 0.00637893
v20717 0.0710389 -0.10977 -0.000905163
v20718 0.046798 -0.113772 0.00628592
v20719 0.0470455 -0.113782 0.00617325
v20720 0.0474216 -0.113794 0.00602152
v20721 0.0707642 -0.109779 -0.000878364
v20722 0.0476707 -0.113803 0.00591513
v20723 0.0728131 -0.126737 0.00286436
v20724 0.0493975 -0.113877 0.00512538
v20725 0.0730831 -0.126732 0.002827
v20726 0.0480549 -0.119823 0.00658955
v20727 0.0733638 -0.126722 0.00281597
v20728 0.047815 -0.119809 0.00672387
v20729 0.0736414 -0.126714 0.00279728
v20730 0.0511282 -0.113944 0.0043671
v20731 0.0739198 -0.126706 0.00278021
v20732 0.0512547 -0.113946 0.00432303
v20733 0.0741978 -0.126698 0.00276202
v20734 0.0743388 -0.126693 0.00275774
v20735 0.051381 -0.113949 0.00427795
v20736 0.0746119 -0.126687 0.00272716
v20737 0.0464391 -0.119771 0.00727919
v20738 0.0463155 -0.119767 0.00733505
v20739 0.0517553 -0.113961 0.00412925
v20740 0.0704898 -0.109787 -0.000850807
v20741 0.0520055 -0.113968 0.00403241
v20742 0.0754606 -0.126657 0.00270662
v20743 0.0756015 -0.126652 0.0027015
v20744 0.0757406 -0.126648 0.00269218
v20745 0.0532576 -0.114002 0.00355627
v20746 0.0760247 -0.126638 0.00268737
v20747 0.0533813 -0.114006 0.00350446
v20748 0.0441644 -0.119721 0.00812777
v20749 0.0702195 -0.109793 -0.000813197
v20750 0.0700806 -0.109798 -0.000803745
v20751 0.0699439 -0.109802 -0.000788879
v20752 0.0430524 -0.119677 0.00865241
v20753 0.0696704 -0.10981 -0.000759622
v20754 0.0419417 -0.119631 0.00919126
v20755 0.0693935 -0.10982 -0.000739264
v20756 0.0413209 -0.119606 0.00948097
v20757 0.0691183 -0.109829 -0.000714489
v20758 0.0410734 -0.119596 0.00960089
v20759 0.0688433 -0.109838 -0.00068959
v20760 0.0406965 -0.119584 0.00976034
v20761 0.040447 -0.119575 0.00987411
v20762 0.0401939 -0.119569 0.00997442
v20763 0.0685719 -0.109845 -0.000655562
v20764 0.0400673 -0.119565 0.0100248
v20765 0.0683036 -0.10985 -0.000613447
v20766 0.0399392 -0.119563 0.0100692
v20767 0.068038 -0.109853 -0.000564562
v20768 0.0396816 -0.119559 0.0101534
v20769 0.0677667 -0.10986 -0.000530611
v20770 0.0394269 -0.119554 0.0102489
v20771 0.0674983 -0.109865 -0.000489119
v20772 0.0392989 -0.119551 0.0102941
v20773 0.0672315 -0.109869 -0.000443277
v20774 0.0391709 -0.119549 0.0103397
v20775 0.066964 -0.109874 -0.0003997
v20776 0.0389142 -0.119545 0.0104279
v20777 0.0666943 -0.10988 -0.000361781
v20778 0.0385327 -0.119536 0.0105745
v20779 0.0664255 -0.109885 -0.000321634
v20780 0.0382766 -0.119531 0.0106659
v20781 0.0661595 -0.109889 -0.000274129
v20782 0.0380213 -0.119525 0.0107609
v20783 0.0377674 -0.119518 0.0108615
v20784 0.0375168 -0.119509 0.010975
v20785 0.0372621 -0.119503 0.0110732
v20786 0.0371348 -0.1195 0.0111229
v20787 0.0370074 -0.119497 0.0111718
v20788 0.0367544 -0.119489 0.0112778
v20789 0.0365 -0.119483 0.011378
v20790 0.0357263 -0.11947 0.0116397
v20791 0.0335458 -0.119424 0.0124425
v20792 0.053633 -0.114012 0.00341413
v20793 0.0538784 -0.114022 0.00330449
v20794 0.0662514 -0.114078 -7.06049e-06
v20795 0.0681418 -0.114034 -0.000251123
v20796 0.0684125 -0.114028 -0.000284983
v20797 0.0686892 -0.114018 -0.000303179
v20798 0.0335312 -0.126415 0.0141581
v20799 0.068962 -0.11401 -0.000331837
v20800 0.0692404 -0.113999 -0.000346138
v20801 0.0339125 -0.126424 0.0140009
v20802 0.0695187 -0.113989 -0.000360815
v20803 0.0341663 -0.12643 0.0138953
v20804 0.0697976 -0.113978 -0.000374487
v20805 0.0344274 -0.126431 0.0138201
v20806 0.0345561 -0.126433 0.0137748
v20807 0.0346859 -0.126434 0.0137341
v20808 0.070074 -0.113968 -0.000394334
v20809 0.0349396 -0.12644 0.0136291
v20810 0.0703498 -0.113959 -0.000416294
v20811 0.0351976 -0.126444 0.0135417
v20812 0.0353252 -0.126446 0.0134927
v20813 0.0354578 -0.126445 0.0134636
v20814 0.0706249 -0.11395 -0.000440062
v20815 0.0357099 -0.126452 0.0133529
v20816 0.0408037 -0.1134 0.00892043
v20817 0.0359606 -0.12646 0.0132374
v20818 0.0409293 -0.113405 0.00886563
v20819 0.0411806 -0.113414 0.00875629
v20820 0.0363441 -0.126467 0.0130942
v20821 0.0414338 -0.113422 0.00865481
v20822 0.0365979 -0.126473 0.0129921
v20823 0.0367251 -0.126475 0.0129422
v20824 0.0368513 -0.126479 0.0128883
v20825 0.0415592 -0.113427 0.00859969
v20826 0.0371075 -0.126483 0.0127963
v20827 0.0416853 -0.113432 0.00854726
v20828 0.037364 -0.126486 0.0127058
v20829 0.0374962 -0.126486 0.0126761
v20830 0.037629 -0.126485 0.012649
v20831 0.041937 -0.113441 0.0084407
v20832 0.0378958 -0.126482 0.0125991
v20833 0.076892 -0.119754 0.000541806
v20834 0.0381544 -0.126484 0.0125173
v20835 0.0767539 -0.119758 0.000554033
v20836 0.038414 -0.126486 0.0124394
v20837 0.0385469 -0.126485 0.0124128
v20838 0.0386766 -0.126486 0.0123735
v20839 0.0764823 -0.119764 0.000589373
v20840 0.0389375 -0.126487 0.0123011
v20841 0.0762146 -0.119768 0.000633861
v20842 0.0392067 -0.126482 0.0122607
v20843 0.042188 -0.11345 0.00833233
v20844 0.0394798 -0.126475 0.0122352
v20845 0.0425636 -0.113465 0.00816676
v20846 0.0397517 -0.126469 0.0122047
v20847 0.042688 -0.11347 0.00810912
v20848 0.0400233 -0.126464 0.0121728
v20849 0.0401563 -0.126463 0.0121464
v20850 0.0402886 -0.126462 0.0121172
v20851 0.0751446 -0.119784 0.00081365
v20852 0.0748723 -0.11979 0.000846902
v20853 0.0746069 -0.119793 0.000896596
v20854 0.0742021 -0.1198 0.000955008
v20855 0.0740651 -0.119804 0.000969323
v20856 0.0737926 -0.11981 0.00100152
v20857 0.0735255 -0.119814 0.00104687
v20858 0.0732493 -0.119822 0.00106984
v20859 0.0729672 -0.119833 0.00107764
v20860 0.0428118 -0.113476 0.00804932
v20861 0.0430621 -0.113486 0.00793978
v20862 0.0433134 -0.113495 0.00783399
v20863 0.0435628 -0.113505 0.00772182
v20864 0.0438139 -0.113514 0.00761621
v20865 0.0439396 -0.113518 0.00756436
v20866 0.044185 -0.113531 0.00743922
v20867 0.0691334 -0.120001 0.00109332
v20868 0.0680175 -0.120042 0.00113962
v20869 0.0677457 -0.120049 0.00116961
v20870 0.067473 -0.120056 0.00119663
v20871 0.0672073 -0.12006 0.00124234
v20872 0.0669345 -0.120067 0.00126909
v20873 0.0666622 -0.120074 0.00129687
v20874 0.0663911 -0.120081 0.00132775
v20875 0.0661259 -0.120084 0.00137423
v20876 0.0658589 -0.120089 0.00141606
v20877 0.0655954 -0.120091 0.00146697
v20878 0.0438884 -0.126503 0.0109275
v20879 0.0648103 -0.120096 0.00163431
v20880 0.0645428 -0.120101 0.00167431
v20881 0.064275 -0.120106 0.00171363
v20882 0.0640094 -0.12011 0.00175863
v20883 0.0632213 -0.120117 0.00191738
v20884 0.0629554 -0.120121 0.00196148
v20885 0.0626949 -0.120122 0.00202054
v20886 0.0624398 -0.12012 0.00209471
v20887 0.0621716 -0.120125 0.00213221
v20888 0.0612503 -0.120134 0.00231203
v20889 0.0602009 -0.120142 0.00252754
v20890 0.0599442 -0.120141 0.00259741
v20891 0.0596833 -0.120142 0.00265558
v20892 0.0594165 -0.120147 0.00269641
v20893 0.0458087 -0.126526 0.0102794
v20894 0.0479246 -0.113673 0.00581773
v20895 0.0586406 -0.120147 0.00289034
v20896 0.0582511 -0.120148 0.00298291
v20897 0.0579978 -0.120145 0.00306336
v20898 0.0577432 -0.120142 0.00314024
v20899 0.0574907 -0.120139 0.00322333
v20900 0.0573631 -0.120138 0.00326107
v20901 0.0572358 -0.120137 0.00329946
v20902 0.0569761 -0.120137 0.00336162
v20903 0.0567167 -0.120137 0.0034248
v20904 0.056459 -0.120137 0.00349309
v20905 0.0563296 -0.120137 0.00352548
v20906 0.0481699 -0.113685 0.00569926
v20907 0.0482922 -0.113691 0.005639
v20908 0.0484155 -0.113696 0.00558242
v20909 0.0486614 -0.113707 0.00546662
v20910 0.0487823 -0.113714 0.00540234
v20911 0.04903 -0.113724 0.00529341
v20912 0.0492789 -0.113733 0.00518859
v20913 0.049527 -0.113742 0.00508158
v20914 0.0497752 -0.113751 0.00497552
v20915 0.0500248 -0.113759 0.00487414
v20916 0.0501474 -0.113765 0.00481641
v20917 0.0503927 -0.113776 0.00470179
v20918 0.0506365 -0.113788 0.00458251
v20919 0.0508826 -0.113798 0.00447114
v20920 0.0460715 -0.131308 0.0119121
v20921 0.0461967 -0.131311 0.0118589
v20922 0.0476027 -0.131326 0.0113776
v20923 0.0477268 -0.131329 0.0113215
v20924 0.0478543 -0.131331 0.0112771
v20925 0.0630624 -0.113991 0.00052761
v20926 0.0659806 -0.113951 1.25106e-05
v20927 0.0661155 -0.113948 -4.92774e-06
v20928 0.0681373 -0.113903 -0.00027621
v20929 0.0470738 -0.119918 0.0070638
v20930 0.0593952 -0.109886 0.00137846
v20931 0.0445407 -0.119867 0.00798091
v20932 0.044295 -0.119857 0.00810089
v20933 0.0441716 -0.119852 0.0081591
v20934 0.0440505 -0.119846 0.00822561
v20935 0.0436791 -0.119832 0.00839719
v20936 0.0434295 -0.119824 0.00850489
v20937 0.0431796 -0.119816 0.00861221
v20938 0.0430574 -0.11981 0.00867548
v20939 0.0429326 -0.119806 0.00872998
v20940 0.0426843 -0.119796 0.00884385
v20941 0.0591405 -0.109882 0.00145857
v20942 0.0424368 -0.119787 0.00896085
v20943 0.0588881 -0.109876 0.00154546
v20944 0.0420703 -0.119768 0.0091545
v20945 0.0419469 -0.119763 0.00921502
v20946 0.0586289 -0.109876 0.00161268
v20947 0.0585004 -0.109874 0.0016497
v20948 0.0583768 -0.10987 0.0017006
v20949 0.0418227 -0.119758 0.00927247
v20950 0.0408294 -0.11972 0.00973853
v20951 0.0580042 -0.109857 0.00184918
v20952 0.0578801 -0.109853 0.00189915
v20953 0.0577544 -0.10985 0.00194466
v20954 0.0386637 -0.119673 0.0105436
v20955 0.0575028 -0.109843 0.00203485
v20956 0.0379013 -0.119654 0.0108408
v20957 0.057251 -0.109837 0.0021248
v20958 0.0571248 -0.109834 0.00216891
v20959 0.0569953 -0.109833 0.00220351
v20960 0.0363766 -0.119614 0.0114456
v20961 0.0544385 -0.126651 0.0072502
v20962 0.0361169 -0.119611 0.0115257
v20963 0.0546924 -0.126654 0.00716518
v20964 0.03586 -0.119606 0.0116168
v20965 0.0549475 -0.126657 0.0070841
v20966 0.0357316 -0.119604 0.0116628
v20967 0.0552023 -0.126659 0.00700233
v20968 0.0356027 -0.119602 0.0117066
v20969 0.0554569 -0.126662 0.00692026
v20970 0.0353461 -0.119596 0.0117997
v20971 0.0557134 -0.126663 0.00684389
v20972 0.0350892 -0.119591 0.0118919
v20973 0.0559758 -0.126662 0.00678567
v20974 0.0561049 -0.126662 0.00675006
v20975 0.0562347 -0.126662 0.00671688
v20976 0.0349619 -0.119588 0.0119428
v20977 0.034833 -0.119586 0.0119872
v20978 0.0345761 -0.119581 0.0120798
v20979 0.0343187 -0.119576 0.0121711
v20980 0.0339354 -0.119567 0.0123197
v20981 0.0336793 -0.119561 0.0124173
v20982 0.0571435 -0.126662 0.00648461
v20983 0.0335517 -0.119557 0.0124676
v20984 0.0574061 -0.126661 0.00642732
v20985 0.0334255 -0.119553 0.0125246
v20986 0.0576718 -0.126658 0.00637919
v20987 0.0710392 -0.113802 -0.000485774
v20988 0.0711794 -0.113796 -0.000491112
v20989 0.0714598 -0.113785 -0.000502243
v20990 0.0717416 -0.113772 -0.000510001
v20991 0.0567453 -0.109826 0.00229911
v20992 0.0720216 -0.113761 -0.000522659
v20993 0.0564955 -0.109818 0.00239553
v20994 0.0563689 -0.109815 0.00243896
v20995 0.0723017 -0.11375 -0.000535169
v20996 0.0561141 -0.109811 0.00252086
v20997 0.0724466 -0.113742 -0.000529497
v20998 0.0558579 -0.109808 0.0025989
v20999 0.0401724 -0.11324 0.00917982
v21000 0.0555986 -0.109806 0.00266769
v21001 0.055472 -0.109804 0.00271134
v21002 0.0553422 -0.109803 0.00274545
v21003 0.0402991 -0.113244 0.00912867
v21004 0.0550818 -0.109802 0.00281116
v21005 0.0405534 -0.113252 0.00902966
v21006 0.0548258 -0.109799 0.00289029
v21007 0.0408042 -0.113262 0.00891797
v21008 0.0545708 -0.109794 0.00297242
v21009 0.0544466 -0.10979 0.00302386
v21010 0.0444315 -0.113406 0.00731243
v21011 0.0608957 -0.126666 0.00549569
v21012 0.0445562 -0.113411 0.00725734
v21013 0.0611517 -0.126668 0.00542001
v21014 0.0612789 -0.126669 0.00538002
v21015 0.0614055 -0.12667 0.00533852
v21016 0.0446808 -0.113416 0.00720192
v21017 0.0616611 -0.126672 0.00526221
v21018 0.0449292 -0.113427 0.00708861
v21019 0.0543217 -0.109786 0.00307316
v21020 0.0451783 -0.113437 0.00697843
v21021 0.0454276 -0.113447 0.00686905
v21022 0.0539435 -0.109776 0.00321042
v21023 0.0457999 -0.113462 0.00670002
v21024 0.0625677 -0.126672 0.00502959
v21025 0.0785675 -0.119833 0.000450722
v21026 0.062834 -0.126669 0.00498354
v21027 0.0782833 -0.119844 0.000457187
v21028 0.0630978 -0.126666 0.00493072
v21029 0.0780005 -0.119855 0.000466754
v21030 0.0633633 -0.126663 0.00488242
v21031 0.0634986 -0.126661 0.00486529
v21032 0.0636334 -0.126658 0.00484675
v21033 0.0777234 -0.119863 0.000489481
v21034 0.077453 -0.119868 0.000528225
v21035 0.0773155 -0.119872 0.000541956
v21036 0.0771779 -0.119876 0.000555407
v21037 0.0460468 -0.113474 0.00658364
v21038 0.0462976 -0.113482 0.00648094
v21039 0.0538205 -0.10977 0.00326559
v21040 0.053697 -0.109765 0.00331955
v21041 0.073538 -0.119942 0.00109215
v21042 0.0534432 -0.10976 0.00340672
v21043 0.0734037 -0.119944 0.00111303
v21044 0.0531929 -0.109752 0.00350473
v21045 0.0731192 -0.119956 0.00111506
v21046 0.0729773 -0.119962 0.00111709
v21047 0.0465488 -0.11349 0.00637966
v21048 0.0467996 -0.113498 0.00627761
v21049 0.0470487 -0.113507 0.0061701
v21050 0.0474216 -0.113522 0.00600694
v21051 0.0476728 -0.11353 0.00590736
v21052 0.0702364 -0.1201 0.00102384
v21053 0.069956 -0.120111 0.00103311
v21054 0.0696831 -0.120118 0.00106104
v21055 0.0695503 -0.12012 0.0010844
v21056 0.0694185 -0.120121 0.00111059
v21057 0.0691478 -0.120127 0.00114396
v21058 0.066541 -0.120203 0.00136337
v21059 0.0664105 -0.120204 0.00139226
v21060 0.0650907 -0.120218 0.00164136
v21061 0.062184 -0.120252 0.00217844
v21062 0.0595619 -0.120272 0.00272142
v21063 0.0585278 -0.120271 0.00298169
v21064 0.0550581 -0.131431 0.00864021
v21065 0.0494051 -0.1136 0.00513428
v21066 0.0565711 -0.131451 0.00809894
v21067 0.05747 -0.131454 0.00783596
v21068 0.0589784 -0.131474 0.00729253
v21069 0.0598741 -0.131479 0.00702534
v21070 0.0607652 -0.131485 0.00674672
v21071 0.0617939 -0.131487 0.00645946
v21072 0.049714 -0.109613 0.00499194
v21073 0.0472048 -0.120053 0.00704024
v21074 0.0494662 -0.109602 0.00510334
v21075 0.0469564 -0.120045 0.00714741
v21076 0.0467092 -0.120036 0.00725873
v21077 0.0488517 -0.10957 0.00539931
v21078 0.0487262 -0.109566 0.00545029
v21079 0.0486005 -0.109561 0.00550079
v21080 0.0465816 -0.120034 0.00730102
v21081 0.0483528 -0.10955 0.00561426
v21082 0.0464579 -0.12003 0.0073566
v21083 0.0481042 -0.109539 0.00572497
v21084 0.0626874 -0.131491 0.00619108
v21085 0.0425652 -0.119924 0.00892387
v21086 0.0415827 -0.119879 0.00942353
v21087 0.0414583 -0.119875 0.00948061
v21088 0.0413344 -0.11987 0.00953997
v21089 0.0736893 -0.109802 -0.00105354
v21090 0.0410873 -0.119859 0.0096611
v21091 0.0734021 -0.109817 -0.00105575
v21092 0.0408364 -0.119851 0.00976857
v21093 0.0731232 -0.109828 -0.00103765
v21094 0.0729837 -0.109833 -0.00102889
v21095 0.0407106 -0.119847 0.00982122
v21096 0.0404609 -0.119838 0.00993415
v21097 0.0402076 -0.119832 0.0100339
v21098 0.0399536 -0.119826 0.0101312
v21099 0.0396962 -0.119822 0.010216
v21100 0.0721413 -0.109869 -0.000990779
v21101 0.0394413 -0.119817 0.0103107
v21102 0.0391856 -0.119812 0.0104027
v21103 0.0387986 -0.119807 0.0105278
v21104 0.0386697 -0.119805 0.01057
v21105 0.0385456 -0.1198 0.0106307
v21106 0.0382899 -0.119794 0.0107235
v21107 0.0380361 -0.119788 0.010824
v21108 0.0377812 -0.119782 0.0109208
v21109 0.0375308 -0.119773 0.0110354
v21110 0.0374032 -0.11977 0.0110835
v21111 0.037276 -0.119767 0.0111329
v21112 0.0370204 -0.119761 0.0112281
v21113 0.0511302 -0.113671 0.00435656
v21114 0.0512544 -0.113676 0.00430491
v21115 0.0746029 -0.126558 0.0026906
v21116 0.0747402 -0.126555 0.00267707
v21117 0.0513793 -0.113679 0.00425532
v21118 0.0718655 -0.109878 -0.000966163
v21119 0.0751684 -0.126538 0.00267647
v21120 0.0516325 -0.113685 0.00416764
v21121 0.0520061 -0.113697 0.00401676
v21122 0.052254 -0.113705 0.00391276
v21123 0.0533876 -0.113732 0.00350517
v21124 0.0536367 -0.113739 0.00340682
v21125 0.0760168 -0.126508 0.00265365
v21126 0.0538828 -0.113749 0.00329936
v21127 0.0629303 -0.113858 0.0005404
v21128 0.0643281 -0.133746 0.00703439
v21129 0.0678618 -0.113778 -0.000268406
v21130 0.0679983 -0.113774 -0.000282087
v21131 0.0681336 -0.113771 -0.000299171
v21132 0.0684053 -0.113764 -0.000330222
v21133 0.0686798 -0.113755 -0.000354236
v21134 0.0689531 -0.113747 -0.000381495
v21135 0.0692309 -0.113737 -0.000397523
v21136 0.0695074 -0.113727 -0.000416993
v21137 0.0697862 -0.113716 -0.000430844
v21138 0.0764977 -0.120024 0.000656114
v21139 0.076227 -0.12003 0.000693488
v21140 0.063729 -0.131488 0.00594302
v21141 0.075027 -0.120045 0.000904588
v21142 0.07476 -0.120049 0.000950822
v21143 0.0744956 -0.120051 0.00100295
v21144 0.0742268 -0.120056 0.00104464
v21145 0.0739558 -0.120061 0.00108047
v21146 0.0738184 -0.120065 0.00109389
v21147 0.0736817 -0.120069 0.00110872
v21148 0.0734086 -0.120075 0.00113929
v21149 0.0731249 -0.120087 0.00114353
v21150 0.0700632 -0.113706 -0.000449461
v21151 0.0703403 -0.113696 -0.000467872
v21152 0.0706181 -0.113686 -0.000484864
v21153 0.0721625 -0.113621 -0.000540816
v21154 0.072302 -0.113616 -0.000548539
v21155 0.0699805 -0.120232 0.00110927
v21156 0.0724475 -0.113607 -0.000541468
v21157 0.0680465 -0.120294 0.00124169
v21158 0.0677874 -0.120294 0.00130495
v21159 0.0675055 -0.120306 0.00130817
v21160 0.0672339 -0.120313 0.00133831
v21161 0.0671038 -0.120313 0.00136835
v21162 0.0669594 -0.120321 0.00136063
v21163 0.0666814 -0.120331 0.00137344
v21164 0.0664186 -0.120333 0.00142637
v21165 0.0661606 -0.120333 0.00149226
v21166 0.0665535 -0.110021 -0.000345717
v21167 0.0664194 -0.110024 -0.000324767
v21168 0.0658959 -0.120336 0.00154009
v21169 0.0661533 -0.110027 -0.000277602
v21170 0.0660202 -0.110029 -0.000254199
v21171 0.0658886 -0.11003 -0.000226852
v21172 0.0656305 -0.12034 0.00158621
v21173 0.0656235 -0.110033 -0.000177125
v21174 0.0653649 -0.120344 0.00163163
v21175 0.0653658 -0.110032 -0.000107801
v21176 0.0651009 -0.120346 0.00168132
v21177 0.0648365 -0.12035 0.00172981
v21178 0.0645752 -0.120351 0.00178697
v21179 0.0337822 -0.126286 0.0140396
v21180 0.0643084 -0.120355 0.00182889
v21181 0.0640401 -0.120361 0.00186687
v21182 0.0637703 -0.120367 0.00190037
v21183 0.0635103 -0.120367 0.00196077
v21184 0.0632494 -0.120369 0.00201871
v21185 0.0628664 -0.120366 0.00212902
v21186 0.0626049 -0.120368 0.00218546
v21187 0.0623387 -0.120372 0.00222882
v21188 0.06207 -0.120377 0.00226506
v21189 0.061278 -0.120386 0.00241296
v21190 0.0611462 -0.120387 0.00243829
v21191 0.0648954 -0.131486 0.00565006
v21192 0.06023 -0.120393 0.00263295
v21193 0.059978 -0.12039 0.00271643
v21194 0.059714 -0.120393 0.00276572
v21195 0.0594439 -0.120399 0.00279727
v21196 0.0591751 -0.120405 0.00283274
v21197 0.0589187 -0.120403 0.00290372
v21198 0.0586675 -0.120399 0.00299017
v21199 0.0585397 -0.120398 0.00302678
v21200 0.0582838 -0.120397 0.00309989
v21201 0.05803 -0.120394 0.00317902
v21202 0.057773 -0.120393 0.00324889
v21203 0.0570081 -0.120386 0.00347703
v21204 0.0567467 -0.120388 0.00353443
v21205 0.0564866 -0.120389 0.0035956
v21206 0.0560961 -0.12039 0.00368641
v21207 0.0558424 -0.120387 0.0037667
v21208 0.0557159 -0.120385 0.00380822
v21209 0.0548432 -0.120365 0.00413814
v21210 0.0542192 -0.120351 0.00437371
v21211 0.053967 -0.120347 0.00446047
v21212 0.0537138 -0.120343 0.00454413
v21213 0.0535927 -0.120338 0.00460314
v21214 0.0382724 -0.126357 0.0124298
v21215 0.0534651 -0.120337 0.00464198
v21216 0.0532109 -0.120334 0.00472314
v21217 0.0529597 -0.120329 0.00481392
v21218 0.0527108 -0.120323 0.00491187
v21219 0.0523462 -0.120308 0.00508737
v21220 0.0522236 -0.120303 0.00514252
v21221 0.0521032 -0.120298 0.00520475
v21222 0.0409302 -0.113129 0.00885996
v21223 0.0411839 -0.113137 0.00875947
v21224 0.0689545 -0.131412 0.00513167
v21225 0.0692305 -0.131405 0.00511028
v21226 0.0479596 -0.120205 0.00676079
v21227 0.0709959 -0.131372 0.00489337
v21228 0.0711335 -0.131369 0.00488104
v21229 0.0712687 -0.131366 0.0048627
v21230 0.0714061 -0.131363 0.00484983
v21231 0.0716758 -0.131359 0.00481107
v21232 0.0651012 -0.110035 -5.67486e-05
v21233 0.0719516 -0.131352 0.00478765
v21234 0.0648406 -0.110035 5.01743e-06
v21235 0.0722303 -0.131344 0.00477149
v21236 0.0645791 -0.110036 6.42451e-05
v21237 0.0445577 -0.120127 0.00805237
v21238 0.0643194 -0.110036 0.000128476
v21239 0.0444348 -0.120122 0.0081122
v21240 0.064059 -0.110036 0.000191107
v21241 0.0443113 -0.120117 0.00816991
v21242 0.0637943 -0.110039 0.000241774
v21243 0.0636659 -0.110038 0.000277804
v21244 0.0439422 -0.120102 0.00834874
v21245 0.0634013 -0.110041 0.00032894
v21246 0.0438176 -0.120098 0.00840332
v21247 0.06314 -0.110041 0.000389118
v21248 0.0436929 -0.120094 0.00845739
v21249 0.0628796 -0.110041 0.000451705
v21250 0.0434418 -0.120087 0.00855987
v21251 0.0626155 -0.110044 0.000504031
v21252 0.0431905 -0.12008 0.00866181
v21253 0.0623545 -0.110044 0.000565072
v21254 0.0429421 -0.120071 0.00877442
v21255 0.0620957 -0.110043 0.00063204
v21256 0.0426936 -0.120062 0.00888762
v21257 0.0425724 -0.120055 0.00895502
v21258 0.0423283 -0.120043 0.0090846
v21259 0.0618345 -0.110044 0.000692673
v21260 0.0420817 -0.120033 0.00920577
v21261 0.0615727 -0.110045 0.000751342
v21262 0.041834 -0.120023 0.00932347
v21263 0.0613097 -0.110047 0.000806911
v21264 0.0611788 -0.110047 0.000836455
v21265 0.0610531 -0.110044 0.000880349
v21266 0.0403402 -0.119967 0.0100102
v21267 0.0607966 -0.110042 0.000954487
v21268 0.039578 -0.119949 0.0103021
v21269 0.0605399 -0.110039 0.00102786
v21270 0.0367729 -0.119887 0.0113578
v21271 0.0602801 -0.110039 0.00109273
v21272 0.036645 -0.119884 0.0114052
v21273 0.0363886 -0.119879 0.0114976
v21274 0.059899 -0.110033 0.00121438
v21275 0.0361289 -0.119876 0.0115775
v21276 0.0596443 -0.110029 0.00129391
v21277 0.035871 -0.119872 0.0116646
v21278 0.0593874 -0.110026 0.00136746
v21279 0.0356126 -0.119869 0.0117501
v21280 0.0353569 -0.119863 0.0118465
v21281 0.0351005 -0.119857 0.0119408
v21282 0.0348457 -0.119851 0.0120418
v21283 0.0345891 -0.119846 0.0121357
v21284 0.0344607 -0.119843 0.0121821
v21285 0.0342039 -0.119838 0.0122761
v21286 0.0339482 -0.119832 0.0123744
v21287 0.0336914 -0.119826 0.0124686
v21288 0.0334348 -0.119821 0.0125643
v21289 0.0414359 -0.113146 0.008653
v21290 0.0415604 -0.113151 0.00859458
v21291 0.0416865 -0.113156 0.0085419
v21292 0.041937 -0.113166 0.00843085
v21293 0.04219 -0.113174 0.00832937
v21294 0.0425638 -0.11319 0.00815711
v21295 0.0426876 -0.113196 0.00809733
v21296 0.0428115 -0.113202 0.00803775
v21297 0.0490142 -0.126424 0.00923539
v21298 0.0430614 -0.113212 0.00792644
v21299 0.0433128 -0.113221 0.00782102
v21300 0.043562 -0.113232 0.00770783
v21301 0.0438144 -0.113239 0.00760669
v21302 0.0439401 -0.113244 0.00755438
v21303 0.0497693 -0.126439 0.0089438
v21304 0.0440642 -0.113249 0.0074967
v21305 0.0500293 -0.12644 0.00887458
v21306 0.0450535 -0.113295 0.00702624
v21307 0.0502811 -0.126445 0.00877845
v21308 0.0456757 -0.113321 0.00674933
v21309 0.0475461 -0.11339 0.00594618
v21310 0.0506641 -0.126449 0.0086522
v21311 0.0507911 -0.126451 0.00860819
v21312 0.050918 -0.126453 0.00856363
v21313 0.0785835 -0.120093 0.000519103
v21314 0.0511721 -0.126456 0.00847579
v21315 0.0783008 -0.120103 0.000528926
v21316 0.0514234 -0.126461 0.00837943
v21317 0.0780209 -0.120113 0.00054539
v21318 0.0516745 -0.126466 0.00828267
v21319 0.077743 -0.120121 0.00056648
v21320 0.0774673 -0.120129 0.00059245
v21321 0.077193 -0.120136 0.000621642
v21322 0.0521768 -0.126476 0.00808985
v21323 0.0769161 -0.120144 0.000644269
v21324 0.0766402 -0.120152 0.000669344
v21325 0.0525477 -0.126486 0.00792762
v21326 0.072501 -0.13134 0.00473479
v21327 0.0527984 -0.126491 0.00783099
v21328 0.072769 -0.131336 0.004691
v21329 0.0530505 -0.126495 0.00773878
v21330 0.0730382 -0.131332 0.00465038
v21331 0.0533024 -0.1265 0.00764631
v21332 0.0740996 -0.120188 0.00109734
v21333 0.0535531 -0.126504 0.00755036
v21334 0.0479206 -0.113403 0.00578953
v21335 0.0538077 -0.126507 0.0074667
v21336 0.0481685 -0.113413 0.00567973
v21337 0.0482926 -0.113418 0.00562537
v21338 0.0484152 -0.113424 0.00556627
v21339 0.048664 -0.113433 0.00545997
v21340 0.0487855 -0.11344 0.00539766
v21341 0.0490311 -0.113451 0.00528154
v21342 0.0492809 -0.113459 0.00517948
v21343 0.0494059 -0.113463 0.0051289
v21344 0.0495295 -0.113468 0.00507387
v21345 0.049778 -0.113477 0.00496859
v21346 0.0500244 -0.113488 0.00485635
v21347 0.0699901 -0.120361 0.00114751
v21348 0.0697209 -0.120366 0.00118532
v21349 0.0694513 -0.120371 0.00122195
v21350 0.0691775 -0.120379 0.00124736
v21351 0.06891 -0.120383 0.00128928
v21352 0.0503925 -0.113504 0.00468452
v21353 0.0675223 -0.120431 0.00136524
v21354 0.0656435 -0.120467 0.00163371
v21355 0.0641893 -0.120483 0.00190107
v21356 0.0640559 -0.120486 0.00192195
v21357 0.0628782 -0.120493 0.00217347
v21358 0.0733181 -0.131324 0.00463655
v21359 0.0735918 -0.131318 0.00460711
v21360 0.0614273 -0.120509 0.00244853
v21361 0.0571496 -0.126525 0.00649305
v21362 0.050642 -0.113512 0.00458364
v21363 0.050889 -0.113522 0.00447493
v21364 0.0601169 -0.120518 0.00272261
v21365 0.0579167 -0.120519 0.00326909
v21366 0.0511326 -0.113534 0.00435578
v21367 0.0559853 -0.120513 0.00378462
v21368 0.0529753 -0.120454 0.00487166
v21369 0.0518666 -0.120418 0.00535193
v21370 0.0629302 -0.113724 0.000528116
v21371 0.0630622 -0.113723 0.000502877
v21372 0.064123 -0.113708 0.000314729
v21373 0.0643924 -0.113702 0.000278906
v21374 0.0677212 -0.11365 -0.000278597
v21375 0.0473478 -0.120315 0.00706426
v21376 0.0472228 -0.120312 0.00711516
v21377 0.046978 -0.120302 0.00723419
v21378 0.0467301 -0.120293 0.00734361
v21379 0.0452019 -0.120269 0.00786486
v21380 0.0433263 -0.120212 0.00865225
v21381 0.0415962 -0.120142 0.00948231
v21382 0.041349 -0.120132 0.00960263
v21383 0.0409767 -0.120117 0.00977856
v21384 0.0734043 -0.130941 0.00445265
v21385 0.040727 -0.120109 0.00989069
v21386 0.0731325 -0.130946 0.00448677
v21387 0.0404759 -0.120101 0.00999832
v21388 0.0403493 -0.120097 0.0100484
v21389 0.0402226 -0.120094 0.0100981
v21390 0.0399683 -0.120088 0.0101944
v21391 0.061007 -0.126541 0.00539899
v21392 0.039712 -0.120084 0.0102834
v21393 0.0394572 -0.120079 0.0103781
v21394 0.0390725 -0.120072 0.0105118
v21395 0.0389437 -0.12007 0.0105544
v21396 0.0388146 -0.120068 0.0105957
v21397 0.0385592 -0.120063 0.0106893
v21398 0.0383039 -0.120058 0.0107836
v21399 0.0620369 -0.126544 0.00511492
v21400 0.0381766 -0.120055 0.0108325
v21401 0.0380498 -0.120052 0.0108831
v21402 0.0377957 -0.120045 0.010983
v21403 0.0375441 -0.120037 0.0110928
v21404 0.0372891 -0.120031 0.0111898
v21405 0.0360066 -0.120006 0.0116494
v21406 0.0352345 -0.119993 0.0119187
v21407 0.0338255 -0.119962 0.012446
v21408 0.0632142 -0.126539 0.00484922
v21409 0.0711766 -0.11353 -0.000526244
v21410 0.0714572 -0.113518 -0.000536732
v21411 0.0717394 -0.113505 -0.000543765
v21412 0.0720224 -0.113493 -0.000548972
v21413 0.0401744 -0.112963 0.00917926
v21414 0.0403013 -0.112967 0.0091285
v21415 0.0405532 -0.112977 0.00902038
v21416 0.0408055 -0.112986 0.00891392
v21417 0.0409306 -0.112991 0.00885691
v21418 0.0420643 -0.113032 0.00837808
v21419 0.0783095 -0.120233 0.000564824
v21420 0.0759715 -0.120295 0.000797059
v21421 0.0728621 -0.130951 0.00452419
v21422 0.0444307 -0.113133 0.0072976
v21423 0.0725961 -0.130954 0.00457275
v21424 0.0446802 -0.113143 0.00718777
v21425 0.0723237 -0.130959 0.00460522
v21426 0.0449294 -0.113153 0.00707691
v21427 0.0720501 -0.130965 0.00463445
v21428 0.0450536 -0.113159 0.00702033
v21429 0.0451783 -0.113163 0.00696589
v21430 0.045426 -0.113175 0.0068506
v21431 0.0745166 -0.120309 0.00108339
v21432 0.0742453 -0.120314 0.00111884
v21433 0.0739732 -0.12032 0.00115214
v21434 0.0737012 -0.120327 0.00118571
v21435 0.0734298 -0.120332 0.00122046
v21436 0.0456745 -0.113185 0.006739
v21437 0.0458004 -0.113189 0.00668867
v21438 0.0460483 -0.113199 0.00657542
v21439 0.0462989 -0.113208 0.0064719
v21440 0.0465493 -0.113217 0.00636764
v21441 0.0468023 -0.113223 0.00627282
v21442 0.0700135 -0.131003 0.00488831
v21443 0.0698817 -0.131004 0.00491522
v21444 0.04705 -0.113234 0.00616033
v21445 0.0474201 -0.11325 0.00598762
v21446 0.0475452 -0.113255 0.00593618
v21447 0.0476701 -0.113259 0.00588379
v21448 0.0679422 -0.120548 0.0013655
v21449 0.0678139 -0.120548 0.00140045
v21450 0.06645 -0.120584 0.00153543
v21451 0.0661872 -0.120586 0.00158864
v21452 0.0659208 -0.12059 0.00163196
v21453 0.0656577 -0.120593 0.00168425
v21454 0.065395 -0.120595 0.00173754
v21455 0.0651319 -0.120597 0.00178972
v21456 0.0648661 -0.120601 0.00183467
v21457 0.0646039 -0.120603 0.00188944
v21458 0.0644711 -0.120605 0.00191205
v21459 0.0642046 -0.120609 0.00195506
v21460 0.0639362 -0.120614 0.00199254
v21461 0.0636748 -0.120616 0.0020494
v21462 0.0634079 -0.12062 0.00209086
v21463 0.0631491 -0.12062 0.00215482
v21464 0.0669855 -0.131078 0.00513847
v21465 0.0630191 -0.120621 0.00218519
v21466 0.0623621 -0.120626 0.00231721
v21467 0.0620934 -0.120632 0.00235376
v21468 0.06183 -0.120634 0.0024048
v21469 0.0615693 -0.120635 0.00246345
v21470 0.0613048 -0.120639 0.00251155
v21471 0.0610392 -0.120642 0.00255637
v21472 0.0607784 -0.120644 0.00261474
v21473 0.0605187 -0.120644 0.00267639
v21474 0.0596095 -0.120646 0.00289127
v21475 0.0593432 -0.120651 0.00293412
v21476 0.0590827 -0.120652 0.00299331
v21477 0.0652477 -0.131102 0.0054164
v21478 0.0588292 -0.120649 0.00307329
v21479 0.058575 -0.120646 0.00315116
v21480 0.05832 -0.120644 0.00322684
v21481 0.0728005 -0.126476 0.0028046
v21482 0.0581935 -0.120642 0.00326756
v21483 0.0730701 -0.126471 0.00276627
v21484 0.058063 -0.120643 0.0032968
v21485 0.0733476 -0.126463 0.00274749
v21486 0.0578038 -0.120643 0.00336026
v21487 0.0736254 -0.126455 0.00272906
v21488 0.0566447 -0.12064 0.00366881
v21489 0.073902 -0.126447 0.00270764
v21490 0.0740404 -0.126444 0.00269694
v21491 0.074179 -0.12644 0.002687
v21492 0.0563857 -0.12064 0.00373339
v21493 0.0744563 -0.126432 0.00266683
v21494 0.056129 -0.120639 0.00380506
v21495 0.0747317 -0.126425 0.00264179
v21496 0.0558736 -0.120637 0.00388059
v21497 0.0750176 -0.126414 0.00264242
v21498 0.0751598 -0.126408 0.00264092
v21499 0.05562 -0.120634 0.00396158
v21500 0.0754449 -0.126397 0.00263909
v21501 0.0553726 -0.120627 0.00406174
v21502 0.0757255 -0.126388 0.00262609
v21503 0.0551229 -0.120621 0.00415506
v21504 0.0548734 -0.120616 0.00424923
v21505 0.0546274 -0.120608 0.00435465
v21506 0.054501 -0.120606 0.00439677
v21507 0.0542508 -0.120601 0.00448947
v21508 0.0539974 -0.120597 0.00457266
v21509 0.0538738 -0.120594 0.00462395
v21510 0.0537476 -0.120592 0.00466711
v21511 0.0534973 -0.120586 0.00476025
v21512 0.0532442 -0.120583 0.00484506
v21513 0.0531148 -0.120582 0.00487859
v21514 0.0528673 -0.120575 0.00498109
v21515 0.052623 -0.120566 0.00509391
v21516 0.0524994 -0.120562 0.00514595
v21517 0.0517561 -0.120541 0.00545453
v21518 0.0512563 -0.113403 0.00429358
v21519 0.0513781 -0.113409 0.00423449
v21520 0.0520058 -0.113426 0.00399806
v21521 0.0522557 -0.113433 0.00390036
v21522 0.0525066 -0.11344 0.0038061
v21523 0.0526318 -0.113444 0.00375803
v21524 0.0527569 -0.113447 0.00370994
v21525 0.0538885 -0.113474 0.0032978
v21526 0.0541343 -0.113484 0.00318955
v21527 0.0543778 -0.113495 0.0030747
v21528 0.0468636 -0.120427 0.00732796
v21529 0.0464893 -0.120416 0.00748386
v21530 0.0462368 -0.12041 0.00757816
v21531 0.0530675 -0.109884 0.00356224
v21532 0.0529394 -0.109882 0.00360225
v21533 0.0461118 -0.120407 0.00762969
v21534 0.0526895 -0.109873 0.00370214
v21535 0.0458533 -0.120405 0.00770329
v21536 0.0524432 -0.109862 0.00381357
v21537 0.0523189 -0.109858 0.00386576
v21538 0.0455969 -0.120402 0.00778464
v21539 0.052073 -0.109846 0.00397909
v21540 0.045341 -0.120399 0.00786799
v21541 0.0518223 -0.109838 0.00407749
v21542 0.0450851 -0.120395 0.00795158
v21543 0.0515754 -0.109827 0.00418832
v21544 0.0448316 -0.12039 0.00804355
v21545 0.0513272 -0.109817 0.0042953
v21546 0.051203 -0.109812 0.00434858
v21547 0.0510783 -0.109807 0.00440041
v21548 0.0445798 -0.120384 0.00814175
v21549 0.0443302 -0.120376 0.00824824
v21550 0.0507038 -0.109794 0.00455511
v21551 0.0505795 -0.109789 0.00460844
v21552 0.0504536 -0.109785 0.00465702
v21553 0.0439588 -0.120362 0.008419
v21554 0.0502041 -0.109775 0.00476119
v21555 0.0437105 -0.120354 0.00853102
v21556 0.0335199 -0.126149 0.01411
v21557 0.0434602 -0.120346 0.00863633
v21558 0.0337759 -0.126154 0.0140126
v21559 0.0338994 -0.126159 0.0139455
v21560 0.0433361 -0.120342 0.00869284
v21561 0.034156 -0.126164 0.0138511
v21562 0.0432109 -0.120338 0.00874549
v21563 0.034414 -0.126167 0.013763
v21564 0.0429605 -0.12033 0.00885122
v21565 0.0346692 -0.126172 0.0136636
v21566 0.0427089 -0.120323 0.00895306
v21567 0.0349237 -0.126178 0.0135614
v21568 0.042339 -0.120308 0.00913347
v21569 0.0351853 -0.126179 0.0134889
v21570 0.042216 -0.120303 0.00919504
v21571 0.0354456 -0.126181 0.0134114
v21572 0.0420911 -0.120298 0.00924973
v21573 0.0356995 -0.126187 0.0133079
v21574 0.0411083 -0.120253 0.00975202
v21575 0.0359506 -0.126194 0.0131936
v21576 0.0360776 -0.126197 0.0131423
v21577 0.0398489 -0.120217 0.0102754
v21578 0.0363313 -0.126203 0.0130391
v21579 0.0369131 -0.120154 0.0113636
v21580 0.0365883 -0.126207 0.0129494
v21581 0.036658 -0.120148 0.0114611
v21582 0.0368433 -0.126212 0.0128525
v21583 0.0364004 -0.120144 0.0115487
v21584 0.0370964 -0.126218 0.012748
v21585 0.0372248 -0.126219 0.0127029
v21586 0.0373523 -0.126222 0.0126547
v21587 0.036141 -0.120141 0.0116299
v21588 0.0376112 -0.126224 0.0125738
v21589 0.0358842 -0.120137 0.0117211
v21590 0.0378723 -0.126225 0.0125017
v21591 0.0356263 -0.120133 0.0118085
v21592 0.0381298 -0.126228 0.0124158
v21593 0.0353687 -0.120128 0.0118972
v21594 0.0383912 -0.126229 0.0123451
v21595 0.0351115 -0.120124 0.0119882
v21596 0.0386582 -0.126226 0.0122962
v21597 0.0348562 -0.120118 0.012087
v21598 0.0345989 -0.120113 0.0121781
v21599 0.0390549 -0.126223 0.0122086
v21600 0.0342136 -0.120105 0.0123178
v21601 0.0393294 -0.126216 0.0121881
v21602 0.0394673 -0.126211 0.0121807
v21603 0.0339596 -0.120098 0.0124231
v21604 0.0397423 -0.126204 0.0121618
v21605 0.0338305 -0.120096 0.0124672
v21606 0.0400162 -0.126196 0.0121389
v21607 0.0337017 -0.120093 0.012513
v21608 0.0402884 -0.12619 0.0121089
v21609 0.0334442 -0.120089 0.0126044
v21610 0.0331883 -0.120083 0.0127029
v21611 0.0499586 -0.109763 0.00487905
v21612 0.0546334 -0.113498 0.0029969
v21613 0.0497103 -0.109752 0.00498793
v21614 0.0679885 -0.113512 -0.000334232
v21615 0.0681245 -0.113508 -0.000349386
v21616 0.0683977 -0.1135 -0.000376523
v21617 0.0686704 -0.113492 -0.00040544
v21618 0.0689442 -0.113484 -0.000431385
v21619 0.0692223 -0.113473 -0.000446543
v21620 0.0694977 -0.113464 -0.000468898
v21621 0.0697758 -0.113454 -0.000484668
v21622 0.0700547 -0.113443 -0.00049833
v21623 0.0703358 -0.11343 -0.000506987
v21624 0.0706147 -0.11342 -0.000521263
v21625 0.0708947 -0.113408 -0.00053291
v21626 0.0711749 -0.113396 -0.000544464
v21627 0.0714567 -0.113384 -0.000552094
v21628 0.078319 -0.120362 0.000602491
v21629 0.0780452 -0.120369 0.000633429
v21630 0.0467388 -0.109613 0.00635439
v21631 0.0777674 -0.120377 0.000654515
v21632 0.0774862 -0.120387 0.000667401
v21633 0.0772085 -0.120396 0.000688484
v21634 0.0769344 -0.120403 0.000718184
v21635 0.0766588 -0.12041 0.000743916
v21636 0.0763854 -0.120417 0.000774839
v21637 0.0761154 -0.120422 0.000813862
v21638 0.0411862 -0.11286 0.00875899
v21639 0.0414396 -0.112868 0.0086573
v21640 0.0415632 -0.112874 0.00859546
v21641 0.041689 -0.112879 0.00854154
v21642 0.0419402 -0.112889 0.00843288
v21643 0.0421919 -0.112898 0.00832651
v21644 0.0424407 -0.112909 0.00820983
v21645 0.042687 -0.112922 0.00808443
v21646 0.0428103 -0.112929 0.00802269
v21647 0.0715885 -0.110022 -0.00093062
v21648 0.0430612 -0.112938 0.0079149
v21649 0.0713106 -0.110033 -0.000911563
v21650 0.0433122 -0.112947 0.00780785
v21651 0.0698877 -0.120614 0.00127605
v21652 0.0696154 -0.120621 0.0013059
v21653 0.0710358 -0.110041 -0.000884825
v21654 0.0693351 -0.120632 0.00131478
v21655 0.0707607 -0.11005 -0.000859115
v21656 0.0690686 -0.120636 0.00135947
v21657 0.0704843 -0.11006 -0.000837076
v21658 0.0435622 -0.112957 0.0076974
v21659 0.0702124 -0.110067 -0.000803526
v21660 0.0438143 -0.112966 0.00759495
v21661 0.0699413 -0.110073 -0.000768142
v21662 0.0439414 -0.112969 0.00754756
v21663 0.0696686 -0.110081 -0.000736894
v21664 0.0440656 -0.112974 0.00749019
v21665 0.069393 -0.11009 -0.000713307
v21666 0.0444369 -0.112992 0.00731364
v21667 0.0691164 -0.1101 -0.00069232
v21668 0.0661987 -0.120714 0.00163199
v21669 0.068841 -0.110109 -0.00066843
v21670 0.0648831 -0.120726 0.00189315
v21671 0.0685654 -0.110118 -0.000645324
v21672 0.0647523 -0.120726 0.00192127
v21673 0.0682979 -0.110123 -0.000601517
v21674 0.0632942 -0.120745 0.00217826
v21675 0.0593602 -0.120775 0.00299408
v21676 0.0584636 -0.12077 0.0032465
v21677 0.0563998 -0.120766 0.00378576
v21678 0.0555081 -0.120757 0.00405702
v21679 0.0680325 -0.110126 -0.000552232
v21680 0.0532585 -0.120708 0.0048988
v21681 0.0677584 -0.110135 -0.000525519
v21682 0.0526374 -0.120692 0.00514824
v21683 0.0523898 -0.120685 0.00525119
v21684 0.0521438 -0.120677 0.00535924
v21685 0.0520196 -0.120673 0.00540976
v21686 0.051895 -0.12067 0.00545929
v21687 0.0469269 -0.113092 0.00621213
v21688 0.0497388 -0.120637 0.00618488
v21689 0.0496138 -0.120634 0.00623395
v21690 0.0493618 -0.120629 0.00632594
v21691 0.0479187 -0.113132 0.00576854
v21692 0.0481692 -0.113141 0.00566706
v21693 0.0481033 -0.120602 0.00679516
v21694 0.0477374 -0.120586 0.00697633
v21695 0.0514289 -0.126323 0.008389
v21696 0.0474884 -0.120579 0.00708051
v21697 0.0472406 -0.120571 0.00718922
v21698 0.0454801 -0.120528 0.00787113
v21699 0.0447143 -0.120517 0.0081288
v21700 0.0440922 -0.120496 0.00840161
v21701 0.0428437 -0.120457 0.00893974
v21702 0.0418539 -0.120418 0.00941022
v21703 0.0417326 -0.120411 0.00947868
v21704 0.0416115 -0.120404 0.00954755
v21705 0.0412397 -0.120389 0.00972462
v21706 0.0528038 -0.126354 0.00783935
v21707 0.0411158 -0.120384 0.00978407
v21708 0.0409913 -0.12038 0.00984127
v21709 0.0407431 -0.12037 0.00995911
v21710 0.0406195 -0.120365 0.0100201
v21711 0.0404926 -0.120362 0.0100689
v21712 0.0402397 -0.120355 0.0101702
v21713 0.0399847 -0.12035 0.0102637
v21714 0.0398574 -0.120347 0.0103113
v21715 0.039729 -0.120345 0.010355
v21716 0.0393431 -0.120339 0.0104837
v21717 0.054192 -0.126376 0.00733978
v21718 0.0390888 -0.120333 0.010581
v21719 0.0544501 -0.126377 0.00726754
v21720 0.0388308 -0.12033 0.0106642
v21721 0.0547061 -0.126379 0.00718874
v21722 0.0385747 -0.120325 0.0107552
v21723 0.0549584 -0.126383 0.00709896
v21724 0.0383179 -0.120321 0.0108437
v21725 0.0552157 -0.126384 0.00702454
v21726 0.0380636 -0.120315 0.0109425
v21727 0.0554695 -0.126387 0.00693948
v21728 0.0378098 -0.120309 0.0110434
v21729 0.0557322 -0.126386 0.00688187
v21730 0.0376825 -0.120305 0.0110924
v21731 0.0559896 -0.126387 0.00680801
v21732 0.0375567 -0.120301 0.0111472
v21733 0.0373011 -0.120296 0.0112418
v21734 0.0346038 -0.120246 0.0121994
v21735 0.0647194 -0.131107 0.00551886
v21736 0.064588 -0.131108 0.0055464
v21737 0.0484203 -0.113148 0.00556804
v21738 0.0643269 -0.131109 0.00560594
v21739 0.0486674 -0.113159 0.00545598
v21740 0.0487892 -0.113165 0.00539426
v21741 0.0639376 -0.13111 0.00570182
v21742 0.0490371 -0.113175 0.00528558
v21743 0.0492857 -0.113184 0.00517956
v21744 0.0494119 -0.113187 0.0051326
v21745 0.0495322 -0.113195 0.00506694
v21746 0.0497776 -0.113206 0.0049512
v21747 0.0636777 -0.13111 0.00576502
v21748 0.0500267 -0.113215 0.00484771
v21749 0.0634174 -0.131111 0.005827
v21750 0.0503997 -0.113228 0.00469119
v21751 0.0631568 -0.131112 0.00588808
v21752 0.050648 -0.113237 0.00458588
v21753 0.0628954 -0.131113 0.00594725
v21754 0.0508987 -0.113244 0.00448891
v21755 0.0626389 -0.131113 0.00601991
v21756 0.0511397 -0.113258 0.00436119
v21757 0.0518854 -0.113284 0.00405271
v21758 0.0540131 -0.113343 0.00323933
v21759 0.0623829 -0.131112 0.00609427
v21760 0.0620108 -0.113463 0.000692755
v21761 0.0621281 -0.13111 0.00617215
v21762 0.0599723 -0.126407 0.00565967
v21763 0.0601025 -0.126406 0.00562823
v21764 0.0628015 -0.113455 0.000538239
v21765 0.0603599 -0.126407 0.00555653
v21766 0.0763957 -0.120546 0.000814366
v21767 0.0606114 -0.126411 0.00546767
v21768 0.0630681 -0.113451 0.000494907
v21769 0.0608642 -0.126414 0.00538308
v21770 0.0633394 -0.113443 0.000464582
v21771 0.0611208 -0.126415 0.00530947
v21772 0.0636046 -0.11344 0.000417244
v21773 0.0613756 -0.126417 0.00523099
v21774 0.0745324 -0.120568 0.00115114
v21775 0.0742611 -0.120574 0.00118666
v21776 0.0617622 -0.126418 0.00512569
v21777 0.0739861 -0.120582 0.00121289
v21778 0.0620244 -0.126417 0.00506822
v21779 0.0737177 -0.120586 0.00125508
v21780 0.0622819 -0.126418 0.00499743
v21781 0.0734553 -0.120587 0.00131227
v21782 0.0625386 -0.126419 0.00492467
v21783 0.0638635 -0.11344 0.000352738
v21784 0.0628027 -0.126416 0.0048727
v21785 0.0629355 -0.126415 0.00484882
v21786 0.0630674 -0.126414 0.00482241
v21787 0.0641272 -0.113437 0.000301322
v21788 0.0633309 -0.126411 0.00476883
v21789 0.0693486 -0.120758 0.00136302
v21790 0.0635984 -0.126407 0.00472613
v21791 0.070612 -0.113287 -0.000541787
v21792 0.0638661 -0.126403 0.00468399
v21793 0.0708912 -0.113276 -0.000555565
v21794 0.064129 -0.126402 0.00462858
v21795 0.0711722 -0.113264 -0.000565225
v21796 0.0643942 -0.126399 0.00457929
v21797 0.0714529 -0.113252 -0.000575621
v21798 0.0646623 -0.126394 0.00453813
v21799 0.0666246 -0.120828 0.00164908
v21800 0.0649277 -0.126392 0.00448957
v21801 0.0664865 -0.120832 0.00165806
v21802 0.0651868 -0.126391 0.00442355
v21803 0.0663512 -0.120835 0.00167416
v21804 0.0654488 -0.12639 0.00436572
v21805 0.066216 -0.120838 0.00169059
v21806 0.0659468 -0.120844 0.00172685
v21807 0.0618716 -0.131109 0.0062454
v21808 0.0656868 -0.120844 0.00178741
v21809 0.0616166 -0.131108 0.00632285
v21810 0.0652923 -0.120848 0.00186637
v21811 0.0613589 -0.131108 0.00639285
v21812 0.0651608 -0.120849 0.00189278
v21813 0.0650282 -0.120851 0.00191613
v21814 0.0647645 -0.120853 0.00196663
v21815 0.0644969 -0.120858 0.00200664
v21816 0.0642329 -0.120861 0.00205652
v21817 0.0639728 -0.120862 0.00211703
v21818 0.0637114 -0.120863 0.0021739
v21819 0.0634489 -0.120865 0.0022277
v21820 0.0631836 -0.120869 0.00227389
v21821 0.0600827 -0.131101 0.0067797
v21822 0.0629173 -0.120873 0.00231728
v21823 0.0626498 -0.120878 0.00235726
v21824 0.0623861 -0.12088 0.00240766
v21825 0.0622547 -0.120882 0.00243404
v21826 0.0621228 -0.120883 0.00245927
v21827 0.06186 -0.120885 0.00251219
v21828 0.061596 -0.120888 0.00256173
v21829 0.05905 -0.1311 0.00705717
v21830 0.0613329 -0.120891 0.00261367
v21831 0.0610692 -0.120893 0.00266406
v21832 0.0608087 -0.120894 0.0027232
v21833 0.0605479 -0.120895 0.00278186
v21834 0.0674906 -0.110139 -0.000482665
v21835 0.0601534 -0.120899 0.0028604
v21836 0.0582898 -0.131092 0.00730887
v21837 0.0598926 -0.1209 0.00291881
v21838 0.0596367 -0.120899 0.00299141
v21839 0.059379 -0.120898 0.003059
v21840 0.0591268 -0.120895 0.00314256
v21841 0.0576748 -0.131078 0.00757509
v21842 0.0588698 -0.120894 0.00321258
v21843 0.0586104 -0.120894 0.00327536
v21844 0.0583518 -0.120894 0.00334087
v21845 0.0580935 -0.120894 0.00340715
v21846 0.0578333 -0.120894 0.00346781
v21847 0.057573 -0.120895 0.00352833
v21848 0.0567815 -0.131072 0.00785358
v21849 0.057185 -0.120895 0.00362656
v21850 0.0569303 -0.120893 0.00370393
v21851 0.0566759 -0.12089 0.00378223
v21852 0.056548 -0.120889 0.00381927
v21853 0.0564195 -0.120889 0.00385478
v21854 0.056165 -0.120886 0.00393287
v21855 0.0559075 -0.120885 0.00400245
v21856 0.0557463 -0.131071 0.00813086
v21857 0.0556524 -0.120883 0.00407919
v21858 0.0554051 -0.120876 0.00417965
v21859 0.0550339 -0.120866 0.00433016
v21860 0.0547806 -0.120863 0.00441322
v21861 0.054531 -0.120857 0.00450758
v21862 0.0542808 -0.120852 0.00460074
v21863 0.0540314 -0.120846 0.00469615
v21864 0.053782 -0.12084 0.004792
v21865 0.0527773 -0.12082 0.0051563
v21866 0.0736171 -0.126325 0.00269416
v21867 0.0717357 -0.113239 -0.000580992
v21868 0.0720208 -0.113225 -0.000581121
v21869 0.0497511 -0.120765 0.00623281
v21870 0.0489979 -0.120748 0.00651859
v21871 0.0482371 -0.120735 0.00678176
v21872 0.0476212 -0.120713 0.0070632
v21873 0.0470058 -0.120689 0.00734929
v21874 0.0467553 -0.120683 0.00744946
v21875 0.0463812 -0.120672 0.00760648
v21876 0.0461324 -0.120664 0.00771342
v21877 0.0458767 -0.12066 0.0077971
v21878 0.0456239 -0.120655 0.00789089
v21879 0.0453656 -0.120653 0.00796571
v21880 0.0451069 -0.120652 0.00803952
v21881 0.0448547 -0.120646 0.00813645
v21882 0.0446028 -0.12064 0.00823421
v21883 0.0442243 -0.120631 0.00837984
v21884 0.0441027 -0.120625 0.00844456
v21885 0.0762863 -0.126237 0.00258363
v21886 0.043978 -0.120621 0.0084985
v21887 0.0765658 -0.126229 0.00256725
v21888 0.0437293 -0.120612 0.00860891
v21889 0.0436044 -0.120609 0.00866232
v21890 0.0672253 -0.110143 -0.000433421
v21891 0.0434805 -0.120604 0.00871975
v21892 0.066955 -0.110149 -0.000397222
v21893 0.0432316 -0.120596 0.00883038
v21894 0.0429797 -0.120589 0.00893066
v21895 0.0425984 -0.120581 0.00906948
v21896 0.0423499 -0.120572 0.00918289
v21897 0.0422258 -0.120568 0.00924026
v21898 0.0392209 -0.12047 0.0105546
v21899 0.0384552 -0.120454 0.0108372
v21900 0.0784003 -0.126167 0.00249821
v21901 0.0370527 -0.120422 0.0113676
v21902 0.0369254 -0.120419 0.0114169
v21903 0.03667 -0.120414 0.0115131
v21904 0.0364125 -0.120409 0.0116011
v21905 0.0362827 -0.120408 0.0116414
v21906 0.0361528 -0.120407 0.0116809
v21907 0.0358962 -0.120402 0.0117731
v21908 0.0356386 -0.120398 0.0118615
v21909 0.0355085 -0.120397 0.0119005
v21910 0.0648322 -0.110175 -5.02294e-06
v21911 0.03538 -0.120394 0.0119461
v21912 0.0351221 -0.12039 0.0120341
v21913 0.0348666 -0.120384 0.0121319
v21914 0.0347372 -0.120382 0.0121743
v21915 0.0344794 -0.120378 0.0122635
v21916 0.0342244 -0.120372 0.0123643
v21917 0.0339719 -0.120363 0.0124755
v21918 0.0337132 -0.12036 0.0125619
v21919 0.0334571 -0.120354 0.0126593
v21920 0.0333288 -0.120351 0.012707
v21921 0.0401774 -0.112685 0.00918233
v21922 0.040304 -0.11269 0.00913027
v21923 0.0405568 -0.112698 0.00902514
v21924 0.0408078 -0.112709 0.00891365
v21925 0.0409335 -0.112713 0.00885904
v21926 0.0411881 -0.112721 0.00876146
v21927 0.0445598 -0.112861 0.0072458
v21928 0.0446829 -0.112867 0.00718488
v21929 0.0449292 -0.11288 0.00706395
v21930 0.045054 -0.112885 0.00700925
v21931 0.0451791 -0.112889 0.00695591
v21932 0.0454297 -0.112898 0.00685088
v21933 0.045676 -0.11291 0.00673094
v21934 0.045802 -0.112914 0.00668104
v21935 0.046053 -0.112923 0.00657828
v21936 0.0463023 -0.112932 0.00646972
v21937 0.0465522 -0.112941 0.00636405
v21938 0.0468036 -0.112949 0.00626358
v21939 0.0469284 -0.112954 0.00621026
v21940 0.0470544 -0.112958 0.00616127
v21941 0.0780632 -0.120628 0.0007063
v21942 0.0777854 -0.120636 0.000727488
v21943 0.077508 -0.120645 0.000749492
v21944 0.0772319 -0.120652 0.000774386
v21945 0.0769535 -0.120661 0.000793734
v21946 0.0766762 -0.12067 0.000815557
v21947 0.0342794 -0.126033 0.013783
v21948 0.0764053 -0.120675 0.000852399
v21949 0.0761365 -0.120679 0.000894438
v21950 0.0758658 -0.120685 0.000931708
v21951 0.0474199 -0.112978 0.00597277
v21952 0.0474561 -0.131199 0.0113501
v21953 0.0350443 -0.126049 0.0134823
v21954 0.0733282 -0.12072 0.00136529
v21955 0.0731867 -0.120726 0.00136814
v21956 0.047546 -0.112981 0.00592425
v21957 0.0476697 -0.112987 0.0058681
v21958 0.0693632 -0.120885 0.00141432
v21959 0.0690996 -0.120887 0.00146619
v21960 0.0688385 -0.120888 0.00152474
v21961 0.0680036 -0.120918 0.00156551
v21962 0.0677339 -0.120923 0.00160119
v21963 0.0674643 -0.120929 0.001637
v21964 0.0364522 -0.126074 0.012962
v21965 0.066914 -0.120945 0.00167913
v21966 0.0666346 -0.120956 0.00168841
v21967 0.0654392 -0.120972 0.00189395
v21968 0.0639896 -0.120987 0.00217503
v21969 0.0625349 -0.121004 0.00244125
v21970 0.0610838 -0.121019 0.00271649
v21971 0.0599103 -0.121024 0.00298073
v21972 0.0588834 -0.12102 0.0032628
v21973 0.0578488 -0.121019 0.00352409
v21974 0.057717 -0.121021 0.00354949
v21975 0.0568201 -0.121016 0.00380363
v21976 0.0379864 -0.1261 0.0123988
v21977 0.0559246 -0.121009 0.00406368
v21978 0.0551737 -0.120994 0.00433852
v21979 0.0544178 -0.120982 0.00460018
v21980 0.0529138 -0.120951 0.00515348
v21981 0.0526685 -0.120942 0.00526345
v21982 0.0524174 -0.120937 0.00535556
v21983 0.0521698 -0.12093 0.00545887
v21984 0.0517962 -0.12092 0.00560756
v21985 0.0391827 -0.12609 0.0121587
v21986 0.0393206 -0.126085 0.0121514
v21987 0.0512604 -0.113129 0.00428973
v21988 0.0395976 -0.126076 0.0121402
v21989 0.0513806 -0.113136 0.00422509
v21990 0.0518841 -0.113149 0.00403965
v21991 0.0520063 -0.113155 0.00398199
v21992 0.0498901 -0.120894 0.00623738
v21993 0.0496398 -0.120888 0.00633478
v21994 0.0493878 -0.120883 0.0064269
v21995 0.0491383 -0.120876 0.00652752
v21996 0.0488854 -0.120871 0.0066171
v21997 0.0486354 -0.120865 0.00671677
v21998 0.0483799 -0.120862 0.00679825
v21999 0.0480037 -0.120853 0.00694454
v22000 0.0477558 -0.120845 0.00705226
v22001 0.047508 -0.120837 0.00716062
v22002 0.0471427 -0.12082 0.00734554
v22003 0.0465178 -0.120803 0.00760125
v22004 0.0458883 -0.120788 0.0078433
v22005 0.0449938 -0.120776 0.00813933
v22006 0.044364 -0.120761 0.00838482
v22007 0.0431159 -0.120721 0.00892257
v22008 0.0421136 -0.120691 0.00934626
v22009 0.0418681 -0.12068 0.00947173
v22010 0.059129 -0.11016 0.00144769
v22011 0.0416231 -0.120668 0.00959966
v22012 0.0588759 -0.110155 0.00153233
v22013 0.0412521 -0.120653 0.00977934
v22014 0.0586206 -0.110152 0.00161059
v22015 0.0584982 -0.110146 0.00166501
v22016 0.0583729 -0.110143 0.00171118
v22017 0.0410061 -0.120642 0.00990506
v22018 0.0407567 -0.120633 0.0100181
v22019 0.0579966 -0.110133 0.0018488
v22020 0.0405068 -0.120624 0.0101304
v22021 0.0577416 -0.110129 0.00192863
v22022 0.0402546 -0.120617 0.0102338
v22023 0.0574942 -0.11012 0.00203081
v22024 0.0401277 -0.120614 0.0102831
v22025 0.0572419 -0.110114 0.0021192
v22026 0.0571164 -0.110111 0.00216523
v22027 0.0569853 -0.110111 0.00219491
v22028 0.0399993 -0.120612 0.0103265
v22029 0.0567333 -0.110105 0.00228441
v22030 0.0396136 -0.120607 0.0104555
v22031 0.056488 -0.110095 0.00239403
v22032 0.0393572 -0.120603 0.0105442
v22033 0.0562319 -0.110091 0.00247191
v22034 0.0391005 -0.120598 0.0106322
v22035 0.045704 -0.126106 0.0103851
v22036 0.0388441 -0.120594 0.0107219
v22037 0.0385895 -0.120588 0.0108188
v22038 0.0561039 -0.11009 0.00251084
v22039 0.0383324 -0.120584 0.0109061
v22040 0.0558467 -0.110087 0.0025855
v22041 0.0380772 -0.120579 0.0110011
v22042 0.0555901 -0.110084 0.0026624
v22043 0.0554684 -0.110078 0.00272041
v22044 0.0553382 -0.110077 0.00275337
v22045 0.0378225 -0.120573 0.0110986
v22046 0.0550815 -0.110074 0.00282991
v22047 0.0375685 -0.120566 0.011199
v22048 0.0548226 -0.110073 0.00289999
v22049 0.0348754 -0.120515 0.0121694
v22050 0.054565 -0.11007 0.00297436
v22051 0.0341046 -0.1205 0.0124473
v22052 0.0543161 -0.110061 0.0030753
v22053 0.0522578 -0.113161 0.00388916
v22054 0.0525117 -0.113166 0.00380408
v22055 0.0539383 -0.110051 0.00321336
v22056 0.0538146 -0.110046 0.00326661
v22057 0.0536922 -0.110041 0.00332374
v22058 0.0526375 -0.113169 0.00375769
v22059 0.0534413 -0.110033 0.00341936
v22060 0.0527624 -0.113173 0.00370899
v22061 0.0531914 -0.110025 0.00351877
v22062 0.0530115 -0.11318 0.00360944
v22063 0.0538923 -0.113201 0.00329067
v22064 0.0540157 -0.113206 0.00323764
v22065 0.0541415 -0.113209 0.00319248
v22066 0.0543901 -0.113217 0.00309294
v22067 0.0546364 -0.113226 0.00298664
v22068 0.0547609 -0.11323 0.00293753
v22069 0.0679837 -0.113246 -0.000373232
v22070 0.0682551 -0.113239 -0.000405185
v22071 0.0502873 -0.126172 0.00878299
v22072 0.0685261 -0.113232 -0.000438224
v22073 0.0686632 -0.113228 -0.000450742
v22074 0.0506698 -0.126177 0.00865482
v22075 0.0507992 -0.126177 0.00861824
v22076 0.0509264 -0.126179 0.00857475
v22077 0.0689377 -0.113219 -0.000475043
v22078 0.0692176 -0.113208 -0.000485689
v22079 0.0694945 -0.113198 -0.000504249
v22080 0.0514354 -0.126185 0.00840147
v22081 0.0515581 -0.12619 0.00834371
v22082 0.0516815 -0.126193 0.00828849
v22083 0.0697732 -0.113187 -0.000518464
v22084 0.0700544 -0.113174 -0.000526543
v22085 0.0703329 -0.113164 -0.000541869
v22086 0.0521811 -0.126205 0.00808649
v22087 0.0772436 -0.120781 0.000817438
v22088 0.0769647 -0.12079 0.000835454
v22089 0.0525544 -0.126214 0.00793158
v22090 0.0706117 -0.113153 -0.000556301
v22091 0.0528092 -0.126217 0.00784778
v22092 0.0529349 -0.126219 0.00780026
v22093 0.0530613 -0.126221 0.0077553
v22094 0.0752159 -0.120819 0.00110444
v22095 0.0533119 -0.126226 0.00765822
v22096 0.0741448 -0.120835 0.00128069
v22097 0.053564 -0.12623 0.00756641
v22098 0.0740083 -0.120838 0.00129624
v22099 0.053824 -0.12623 0.00749952
v22100 0.0737367 -0.120844 0.0013308
v22101 0.0540784 -0.126233 0.00741496
v22102 0.0736053 -0.120845 0.00135883
v22103 0.0543364 -0.126234 0.00734208
v22104 0.073473 -0.120846 0.00138472
v22105 0.0545905 -0.126237 0.00725734
v22106 0.0731953 -0.120855 0.00140372
v22107 0.0708904 -0.113142 -0.000571413
v22108 0.0414415 -0.112591 0.00865495
v22109 0.0415659 -0.112597 0.00859576
v22110 0.0552248 -0.126245 0.00704294
v22111 0.0416917 -0.112602 0.00854195
v22112 0.067881 -0.121048 0.00162851
v22113 0.0677425 -0.121052 0.00163683
v22114 0.0657207 -0.121094 0.0019034
v22115 0.0646669 -0.121104 0.00210971
v22116 0.0645291 -0.121108 0.00211872
v22117 0.0642677 -0.12111 0.00217583
v22118 0.0640067 -0.121111 0.00223389
v22119 0.0637423 -0.121114 0.00228283
v22120 0.0634774 -0.121117 0.00233004
v22121 0.0632144 -0.12112 0.00238286
v22122 0.0629465 -0.121125 0.00242176
v22123 0.0628138 -0.121126 0.00244484
v22124 0.0626826 -0.121127 0.00247187
v22125 0.0624179 -0.121131 0.00251965
v22126 0.0545177 -0.13104 0.00868268
v22127 0.0621551 -0.121133 0.00257272
v22128 0.061891 -0.121136 0.00262207
v22129 0.0616264 -0.121139 0.00267007
v22130 0.0613608 -0.121143 0.00271523
v22131 0.0609685 -0.121145 0.00279986
v22132 0.0607105 -0.121145 0.00286644
v22133 0.0604501 -0.121146 0.00292632
v22134 0.0601859 -0.121149 0.00297549
v22135 0.0599276 -0.121148 0.00304117
v22136 0.0596683 -0.121149 0.00310448
v22137 0.0594095 -0.121149 0.00316888
v22138 0.0419417 -0.112612 0.00842856
v22139 0.0420679 -0.112617 0.00837637
v22140 0.0590737 -0.126269 0.00590809
v22141 0.0421919 -0.112623 0.00831654
v22142 0.0586384 -0.121146 0.00337846
v22143 0.058379 -0.121146 0.00344157
v22144 0.0579933 -0.121145 0.00354617
v22145 0.0577309 -0.121147 0.0036008
v22146 0.0574712 -0.121147 0.00366322
v22147 0.0572176 -0.121144 0.0037436
v22148 0.0569622 -0.121142 0.00381915
v22149 0.0567046 -0.121142 0.00388808
v22150 0.0564505 -0.121139 0.00396758
v22151 0.0561997 -0.121134 0.00405692
v22152 0.0559418 -0.121134 0.00412533
v22153 0.0607252 -0.126285 0.00537809
v22154 0.0556858 -0.121132 0.00419955
v22155 0.0553113 -0.121124 0.00433999
v22156 0.0550618 -0.121118 0.00443439
v22157 0.0548074 -0.121115 0.00451414
v22158 0.0545557 -0.121111 0.00460244
v22159 0.061487 -0.126293 0.00513477
v22160 0.0543071 -0.121105 0.00470024
v22161 0.0425635 -0.112641 0.00813548
v22162 0.0426882 -0.112647 0.00807853
v22163 0.053051 -0.121081 0.00515319
v22164 0.0523032 -0.121062 0.00544633
v22165 0.0516828 -0.121045 0.00570134
v22166 0.0428124 -0.112652 0.00801966
v22167 0.0430625 -0.112663 0.00790864
v22168 0.0626537 -0.126292 0.00483949
v22169 0.0500292 -0.121023 0.00624215
v22170 0.0492751 -0.121007 0.00652443
v22171 0.0486488 -0.120992 0.00676882
v22172 0.0478911 -0.120977 0.00704358
v22173 0.0472749 -0.120954 0.00732598
v22174 0.0470289 -0.120945 0.00744134
v22175 0.0466531 -0.120935 0.00759208
v22176 0.046404 -0.120928 0.00769752
v22177 0.0461539 -0.120921 0.00780031
v22178 0.0460274 -0.120918 0.00784658
v22179 0.0641132 -0.126275 0.00457296
v22180 0.0459003 -0.120916 0.00789115
v22181 0.045645 -0.120912 0.00797638
v22182 0.0453864 -0.120911 0.00805051
v22183 0.0451328 -0.120906 0.00814235
v22184 0.0447562 -0.120896 0.00829329
v22185 0.0445036 -0.12089 0.00838929
v22186 0.0442502 -0.120885 0.00848264
v22187 0.0440015 -0.120877 0.00859294
v22188 0.043751 -0.120869 0.00869718
v22189 0.0654356 -0.126263 0.00431759
v22190 0.0434981 -0.120864 0.00879331
v22191 0.0432466 -0.120857 0.00889495
v22192 0.0431237 -0.120852 0.00895601
v22193 0.0428702 -0.120846 0.00905062
v22194 0.0426171 -0.120841 0.0091473
v22195 0.0424921 -0.120837 0.00920114
v22196 0.0413813 -0.120791 0.0097443
v22197 0.0371879 -0.120693 0.0113542
v22198 0.0369338 -0.120687 0.0114547
v22199 0.0366797 -0.12068 0.011556
v22200 0.0364234 -0.120675 0.0116489
v22201 0.0361664 -0.120671 0.011739
v22202 0.03591 -0.120666 0.011832
v22203 0.0356516 -0.120662 0.0119172
v22204 0.0353947 -0.120658 0.0120087
v22205 0.0351391 -0.120652 0.0121059
v22206 0.0348839 -0.120646 0.0122051
v22207 0.0347543 -0.120644 0.0122469
v22208 0.0344981 -0.120639 0.0123424
v22209 0.0342413 -0.120634 0.0124356
v22210 0.0339849 -0.120628 0.0125312
v22211 0.0337277 -0.120623 0.0126233
v22212 0.0334737 -0.120616 0.0127296
v22213 0.0433136 -0.112672 0.00780167
v22214 0.0435634 -0.112682 0.00769038
v22215 0.0438157 -0.11269 0.00758844
v22216 0.0439412 -0.112695 0.00753535
v22217 0.0440655 -0.1127 0.00747815
v22218 0.0444389 -0.112716 0.00730876
v22219 0.0445612 -0.112723 0.00724477
v22220 0.0479163 -0.112862 0.00574595
v22221 0.0481691 -0.112868 0.00565192
v22222 0.0484185 -0.112877 0.00554675
v22223 0.0486662 -0.112887 0.00543677
v22224 0.0487896 -0.112893 0.00538025
v22225 0.0490398 -0.112901 0.00527881
v22226 0.0492893 -0.112909 0.00517537
v22227 0.0494133 -0.112914 0.00512137
v22228 0.0495352 -0.112921 0.00506056
v22229 0.0497818 -0.112931 0.00494853
v22230 0.0500309 -0.11294 0.00484498
v22231 0.0504023 -0.112954 0.00468288
v22232 0.0778049 -0.120895 0.000804004
v22233 0.0776697 -0.120897 0.000823428
v22234 0.0775319 -0.120901 0.000836708
v22235 0.0772569 -0.120908 0.00086431
v22236 0.0769749 -0.120919 0.000874962
v22237 0.0766953 -0.120928 0.000891187
v22238 0.048099 -0.109817 0.00572255
v22239 0.0764266 -0.120932 0.00093348
v22240 0.0761596 -0.120936 0.000979728
v22241 0.047727 -0.1098 0.00589205
v22242 0.0758858 -0.120943 0.00100957
v22243 0.0756155 -0.120948 0.00104758
v22244 0.0754903 -0.120946 0.00109086
v22245 0.072788 -0.126215 0.00274521
v22246 0.0750958 -0.120948 0.00117472
v22247 0.0730568 -0.126211 0.00270488
v22248 0.0731953 -0.126207 0.00269488
v22249 0.0733337 -0.126203 0.00268453
v22250 0.074827 -0.120953 0.00121632
v22251 0.0736108 -0.126195 0.00266445
v22252 0.0745613 -0.120956 0.00126563
v22253 0.0738868 -0.126188 0.0026415
v22254 0.0506506 -0.112963 0.00457752
v22255 0.0741611 -0.126181 0.00261394
v22256 0.0508993 -0.112972 0.00447377
v22257 0.0744396 -0.126173 0.00259683
v22258 0.0511417 -0.112985 0.00435048
v22259 0.074715 -0.126166 0.00257192
v22260 0.0512616 -0.112993 0.0042848
v22261 0.0750028 -0.126153 0.0025773
v22262 0.0693918 -0.121137 0.00151493
v22263 0.0752883 -0.126142 0.00257655
v22264 0.0754291 -0.126137 0.00257131
v22265 0.0691304 -0.121139 0.00157271
v22266 0.0757087 -0.126129 0.00255592
v22267 0.0688688 -0.12114 0.00163005
v22268 0.0682954 -0.121168 0.00161377
v22269 0.0680312 -0.121171 0.00166403
v22270 0.0677605 -0.121177 0.00169701
v22271 0.0674911 -0.121182 0.00173366
v22272 0.0666573 -0.121211 0.00177434
v22273 0.0663935 -0.121214 0.00182504
v22274 0.0661314 -0.121216 0.00188031
v22275 0.0660001 -0.121217 0.00190723
v22276 0.046736 -0.109753 0.0063521
v22277 0.0658689 -0.121218 0.00193435
v22278 0.0656027 -0.121222 0.00197879
v22279 0.073691 -0.11007 -0.00102015
v22280 0.0653374 -0.121225 0.0020254
v22281 0.0734082 -0.110083 -0.00101168
v22282 0.0650738 -0.121228 0.00207643
v22283 0.0731309 -0.110093 -0.000989836
v22284 0.0646826 -0.121229 0.00216443
v22285 0.0645469 -0.121233 0.00217939
v22286 0.0632297 -0.121245 0.00243695
v22287 0.0616415 -0.121265 0.00272392
v22288 0.0615103 -0.121265 0.0027512
v22289 0.0724184 -0.110128 -0.000983923
v22290 0.0604634 -0.121272 0.00297548
v22291 0.0721349 -0.110142 -0.000978263
v22292 0.059297 -0.121273 0.00326101
v22293 0.071862 -0.110149 -0.000946551
v22294 0.0582658 -0.121271 0.00353213
v22295 0.0572337 -0.121269 0.00380179
v22296 0.0563413 -0.121261 0.00407073
v22297 0.0554543 -0.12125 0.00435792
v22298 0.0546957 -0.121239 0.00461108
v22299 0.0539439 -0.121224 0.00488699
v22300 0.0536923 -0.121219 0.00497636
v22301 0.0534395 -0.121216 0.00506205
v22302 0.0531885 -0.121211 0.00515373
v22303 0.0529382 -0.121205 0.00524771
v22304 0.0526906 -0.121198 0.00535082
v22305 0.0524391 -0.121193 0.00544159
v22306 0.0520681 -0.121182 0.00559824
v22307 0.0518205 -0.121175 0.00570204
v22308 0.0515664 -0.121171 0.00578561
v22309 0.0513107 -0.121169 0.00586416
v22310 0.0510572 -0.121165 0.00595022
v22311 0.0507979 -0.121165 0.00601766
v22312 0.0505412 -0.121163 0.00609339
v22313 0.0501677 -0.121153 0.00624509
v22314 0.0499165 -0.121147 0.00633925
v22315 0.0496645 -0.121142 0.00643121
v22316 0.0494132 -0.121137 0.00652577
v22317 0.0491676 -0.121128 0.00663943
v22318 0.0489142 -0.121123 0.0067275
v22319 0.0487877 -0.121121 0.00677243
v22320 0.0485356 -0.121116 0.00686511
v22321 0.0482819 -0.121112 0.00695321
v22322 0.0480292 -0.121107 0.00704456
v22323 0.0474081 -0.121088 0.00731015
v22324 0.0467866 -0.121069 0.00757645
v22325 0.0452692 -0.121037 0.00813603
v22326 0.0446422 -0.121021 0.0083903
v22327 0.0438866 -0.121002 0.00868742
v22328 0.0335049 -0.125886 0.0140465
v22329 0.0336335 -0.125888 0.0140004
v22330 0.0432545 -0.120988 0.00892844
v22331 0.0338861 -0.125895 0.013889
v22332 0.042377 -0.120962 0.00929606
v22333 0.0341428 -0.1259 0.0137946
v22334 0.0342701 -0.125902 0.0137437
v22335 0.0344005 -0.125903 0.0137054
v22336 0.0421307 -0.120952 0.00941817
v22337 0.0346538 -0.12591 0.0135979
v22338 0.0420061 -0.120947 0.00947399
v22339 0.0349086 -0.125915 0.0134972
v22340 0.0418815 -0.120943 0.00953003
v22341 0.0351686 -0.125917 0.0134182
v22342 0.0415091 -0.120929 0.00970385
v22343 0.0354266 -0.12592 0.0133313
v22344 0.0413862 -0.120923 0.00976677
v22345 0.0356832 -0.125925 0.0132389
v22346 0.0412633 -0.120918 0.00982961
v22347 0.0410187 -0.120906 0.0099601
v22348 0.0360656 -0.125932 0.0130906
v22349 0.0408939 -0.120901 0.0100165
v22350 0.0363178 -0.125939 0.0129813
v22351 0.0364474 -0.12594 0.0129409
v22352 0.0365743 -0.125943 0.0128899
v22353 0.0407687 -0.120897 0.0100713
v22354 0.0368292 -0.125948 0.0127921
v22355 0.0405169 -0.12089 0.0101761
v22356 0.0370824 -0.125954 0.0126877
v22357 0.0402666 -0.120882 0.0102869
v22358 0.0373371 -0.125959 0.0125903
v22359 0.0398814 -0.120876 0.0104172
v22360 0.0375962 -0.125962 0.0125101
v22361 0.0396271 -0.12087 0.0105137
v22362 0.0378518 -0.125966 0.0124162
v22363 0.039498 -0.120869 0.0105546
v22364 0.0393704 -0.120866 0.0106017
v22365 0.0391121 -0.120863 0.0106834
v22366 0.0388554 -0.120859 0.0107719
v22367 0.0387267 -0.120857 0.0108146
v22368 0.0386331 -0.12597 0.0121934
v22369 0.0387661 -0.125968 0.0121669
v22370 0.0389002 -0.125967 0.0121448
v22371 0.0390351 -0.125964 0.0121258
v22372 0.038602 -0.120853 0.010873
v22373 0.0393107 -0.125956 0.01211
v22374 0.0383444 -0.120849 0.0109586
v22375 0.0395857 -0.125948 0.0120916
v22376 0.0380879 -0.120844 0.0110486
v22377 0.0398599 -0.12594 0.0120698
v22378 0.0379598 -0.120842 0.0110942
v22379 0.0401349 -0.125932 0.0120505
v22380 0.037832 -0.12084 0.0111409
v22381 0.0365568 -0.120811 0.0116253
v22382 0.0357866 -0.120797 0.0118998
v22383 0.0628055 -0.113184 0.000525176
v22384 0.0630732 -0.113179 0.000484854
v22385 0.0668098 -0.110293 -0.000392398
v22386 0.0666758 -0.110295 -0.0003714
v22387 0.0700527 -0.113041 -0.000544602
v22388 0.0664068 -0.110301 -0.000332166
v22389 0.0713099 -0.112991 -0.000604852
v22390 0.0661428 -0.110303 -0.00027972
v22391 0.0660118 -0.110304 -0.000250834
v22392 0.0658798 -0.110305 -0.000224598
v22393 0.0714512 -0.112985 -0.00060794
v22394 0.0656182 -0.110306 -0.000165859
v22395 0.0717338 -0.112972 -0.000614048
v22396 0.0653572 -0.110307 -0.000105462
v22397 0.0720169 -0.112959 -0.00061913
v22398 0.0650957 -0.110308 -4.62772e-05
v22399 0.0401792 -0.112408 0.00918086
v22400 0.0648313 -0.110311 5.20182e-06
v22401 0.0408115 -0.11243 0.00891871
v22402 0.0645664 -0.110314 5.51045e-05
v22403 0.0741671 -0.121092 0.00136452
v22404 0.0643062 -0.110314 0.000117884
v22405 0.0740329 -0.121094 0.00138562
v22406 0.0640476 -0.110313 0.00018473
v22407 0.0736228 -0.121104 0.00143061
v22408 0.0637848 -0.110315 0.000240494
v22409 0.0636554 -0.110314 0.000273783
v22410 0.0635234 -0.110315 0.000300103
v22411 0.0734852 -0.121108 0.00144338
v22412 0.0732049 -0.121118 0.00145609
v22413 0.0631319 -0.110316 0.000391042
v22414 0.0729251 -0.121127 0.00146974
v22415 0.0628687 -0.110318 0.000445841
v22416 0.0411897 -0.112444 0.00875833
v22417 0.0414419 -0.112453 0.00865186
v22418 0.0451992 -0.12596 0.0105778
v22419 0.0713571 -0.121196 0.00146705
v22420 0.0454548 -0.125963 0.0104894
v22421 0.0710766 -0.121206 0.00147706
v22422 0.0457095 -0.125967 0.0103982
v22423 0.069149 -0.121263 0.00163419
v22424 0.0459696 -0.125968 0.010326
v22425 0.0662803 -0.121339 0.00191299
v22426 0.0462325 -0.125967 0.0102635
v22427 0.0633707 -0.121373 0.00244866
v22428 0.0627206 -0.121375 0.00260086
v22429 0.0625872 -0.121377 0.00262198
v22430 0.062602 -0.110322 0.000490789
v22431 0.0623187 -0.121382 0.00265922
v22432 0.062342 -0.110322 0.000554417
v22433 0.0615293 -0.121389 0.00281607
v22434 0.0612616 -0.121394 0.00285542
v22435 0.0609965 -0.121397 0.00290185
v22436 0.052541 -0.13126 0.00956744
v22437 0.059708 -0.121395 0.0032406
v22438 0.0595762 -0.121396 0.00326595
v22439 0.0594433 -0.121398 0.00328813
v22440 0.0591779 -0.121401 0.00333383
v22441 0.052796 -0.131263 0.00948298
v22442 0.0585393 -0.121397 0.00352058
v22443 0.0620784 -0.110324 0.000607971
v22444 0.0582827 -0.121396 0.00359204
v22445 0.0618175 -0.110325 0.00066889
v22446 0.0580245 -0.121395 0.00365878
v22447 0.0615493 -0.11033 0.00070962
v22448 0.057761 -0.121398 0.00371022
v22449 0.0612879 -0.110331 0.000769238
v22450 0.0575019 -0.121398 0.00377459
v22451 0.0610316 -0.110328 0.000843296
v22452 0.0573723 -0.121398 0.00380674
v22453 0.0607739 -0.110327 0.000913425
v22454 0.0572489 -0.121395 0.00385695
v22455 0.0605158 -0.110325 0.000982647
v22456 0.0569939 -0.121392 0.0039337
v22457 0.0567366 -0.121391 0.00400368
v22458 0.0564813 -0.121389 0.00407968
v22459 0.0561037 -0.121383 0.00421007
v22460 0.0558492 -0.121381 0.00428912
v22461 0.0553404 -0.121375 0.00444794
v22462 0.0540844 -0.121352 0.00489691
v22463 0.0533283 -0.121339 0.00516159
v22464 0.0527063 -0.121323 0.00540892
v22465 0.0472968 -0.130945 0.0112726
v22466 0.05196 -0.121304 0.00570861
v22467 0.051199 -0.121293 0.00596391
v22468 0.0503072 -0.121282 0.00625099
v22469 0.049553 -0.121266 0.0065327
v22470 0.0489312 -0.121248 0.00679119
v22471 0.0481709 -0.121235 0.00705718
v22472 0.0477896 -0.121229 0.00718713
v22473 0.0475406 -0.121222 0.00729158
v22474 0.0474175 -0.121217 0.00734888
v22475 0.0472966 -0.121211 0.00741351
v22476 0.0469236 -0.1212 0.00757314
v22477 0.0466775 -0.12119 0.00768862
v22478 0.0464275 -0.121183 0.00779126
v22479 0.0463029 -0.12118 0.00784437
v22480 0.046177 -0.121177 0.00789279
v22481 0.0459216 -0.121173 0.00797735
v22482 0.0456686 -0.121168 0.00807074
v22483 0.0455413 -0.121166 0.00811487
v22484 0.0535744 -0.12609 0.00759009
v22485 0.0454125 -0.121165 0.00815359
v22486 0.0450338 -0.121156 0.00829749
v22487 0.0447848 -0.121148 0.00840576
v22488 0.0445332 -0.121142 0.00850517
v22489 0.0442765 -0.121139 0.00858708
v22490 0.0440254 -0.121132 0.00868913
v22491 0.0437738 -0.121126 0.00878956
v22492 0.0435207 -0.12112 0.00888505
v22493 0.0433932 -0.121118 0.00892928
v22494 0.0431444 -0.12111 0.00904075
v22495 0.0427667 -0.1211 0.00919251
v22496 0.0602575 -0.110324 0.00105143
v22497 0.0601289 -0.110323 0.00108729
v22498 0.060008 -0.110317 0.0011451
v22499 0.0374553 -0.120964 0.0113109
v22500 0.0373265 -0.120962 0.0113542
v22501 0.0596225 -0.110314 0.00125427
v22502 0.0371974 -0.12096 0.0113964
v22503 0.0593729 -0.110306 0.00134822
v22504 0.0592463 -0.110304 0.00139004
v22505 0.0591201 -0.110301 0.00143322
v22506 0.0369442 -0.120953 0.0115005
v22507 0.0588693 -0.110295 0.00152426
v22508 0.0366884 -0.120948 0.011595
v22509 0.0365598 -0.120946 0.0116395
v22510 0.0364337 -0.120942 0.0116939
v22511 0.0361792 -0.120935 0.0117941
v22512 0.0359226 -0.120931 0.0118864
v22513 0.0357936 -0.120929 0.0119295
v22514 0.0356646 -0.120927 0.0119729
v22515 0.0354093 -0.120921 0.0120713
v22516 0.0351549 -0.120914 0.012173
v22517 0.0350272 -0.120911 0.0122221
v22518 0.0579212 -0.126127 0.00624148
v22519 0.0580435 -0.126131 0.00618602
v22520 0.0581719 -0.126132 0.00614864
v22521 0.0347699 -0.120907 0.0123129
v22522 0.0584291 -0.126133 0.00607553
v22523 0.0345149 -0.1209 0.0124134
v22524 0.0586855 -0.126134 0.006
v22525 0.0343855 -0.120899 0.0124561
v22526 0.0589343 -0.126139 0.00590229
v22527 0.0342558 -0.120897 0.0124975
v22528 0.0339983 -0.120893 0.012588
v22529 0.0593137 -0.126144 0.00577431
v22530 0.033741 -0.120888 0.0126802
v22531 0.059566 -0.126148 0.00568736
v22532 0.0596912 -0.12615 0.00564133
v22533 0.0598165 -0.126152 0.00559549
v22534 0.0336125 -0.120885 0.0127269
v22535 0.0600702 -0.126155 0.00551303
v22536 0.0334865 -0.120881 0.0127841
v22537 0.0603262 -0.126156 0.00543729
v22538 0.0604541 -0.126157 0.00539934
v22539 0.0605798 -0.126159 0.00535507
v22540 0.0446859 -0.112591 0.00718318
v22541 0.0608344 -0.126161 0.00527558
v22542 0.044932 -0.112604 0.00706126
v22543 0.0450553 -0.11261 0.00700129
v22544 0.0612172 -0.126164 0.00515936
v22545 0.0613445 -0.126165 0.00511977
v22546 0.0614711 -0.126167 0.00507829
v22547 0.0451813 -0.112614 0.00695099
v22548 0.0617287 -0.126167 0.00500806
v22549 0.0454333 -0.112622 0.00685032
v22550 0.061988 -0.126167 0.00494243
v22551 0.0456817 -0.112633 0.00673768
v22552 0.0622467 -0.126167 0.0048754
v22553 0.0623773 -0.126167 0.00484531
v22554 0.0625074 -0.126166 0.00481386
v22555 0.0458064 -0.112638 0.0066831
v22556 0.0627662 -0.126167 0.00474721
v22557 0.0460562 -0.112647 0.00657607
v22558 0.0630311 -0.126164 0.00469758
v22559 0.0463092 -0.112654 0.00648011
v22560 0.0632977 -0.12616 0.00465281
v22561 0.0465572 -0.112665 0.00636718
v22562 0.0635602 -0.126158 0.00459632
v22563 0.0468056 -0.112675 0.0062563
v22564 0.0638291 -0.126154 0.00455793
v22565 0.0469288 -0.112681 0.00619775
v22566 0.0640978 -0.126149 0.00451863
v22567 0.047055 -0.112684 0.00614908
v22568 0.0643644 -0.126146 0.00447326
v22569 0.0474242 -0.112702 0.00597278
v22570 0.0646294 -0.126143 0.0044237
v22571 0.0475473 -0.112708 0.00591417
v22572 0.0648946 -0.12614 0.00437472
v22573 0.0476706 -0.112713 0.00585645
v22574 0.065155 -0.126139 0.00431243
v22575 0.0778354 -0.121148 0.000906864
v22576 0.0654194 -0.126137 0.0042614
v22577 0.0775568 -0.121157 0.000926147
v22578 0.0772804 -0.121165 0.000950259
v22579 0.0658162 -0.126133 0.00418492
v22580 0.076998 -0.121175 0.000960238
v22581 0.0660787 -0.126131 0.00412833
v22582 0.0767187 -0.121184 0.000977177
v22583 0.0764472 -0.12119 0.00101282
v22584 0.0761789 -0.121194 0.00105591
v22585 0.075645 -0.121201 0.00114856
v22586 0.0753826 -0.121203 0.00120603
v22587 0.0751162 -0.121206 0.00125351
v22588 0.0745791 -0.121215 0.00133829
v22589 0.0744442 -0.121217 0.00135775
v22590 0.0743089 -0.12122 0.00137633
v22591 0.0740389 -0.121225 0.00141486
v22592 0.0513806 -0.112865 0.00420782
v22593 0.0517552 -0.112877 0.00405876
v22594 0.0518801 -0.112881 0.00400941
v22595 0.0520046 -0.112885 0.00395892
v22596 0.0522594 -0.112889 0.00387623
v22597 0.0694263 -0.121387 0.00163065
v22598 0.0691616 -0.12139 0.00168008
v22599 0.0688921 -0.121395 0.00171704
v22600 0.0525145 -0.112893 0.00379466
v22601 0.0527663 -0.112899 0.00370287
v22602 0.0677853 -0.121431 0.00178824
v22603 0.0675241 -0.121432 0.0018465
v22604 0.0690586 -0.126129 0.00337872
v22605 0.0530148 -0.112907 0.00360131
v22606 0.0532653 -0.112914 0.00350605
v22607 0.06643 -0.121462 0.00194777
v22608 0.0661644 -0.121466 0.00199378
v22609 0.0545588 -0.11021 0.00296507
v22610 0.0659022 -0.121468 0.0020489
v22611 0.0656353 -0.121472 0.00209136
v22612 0.0653668 -0.121477 0.00212951
v22613 0.0648409 -0.121481 0.00223543
v22614 0.0529207 -0.131265 0.00943188
v22615 0.0640524 -0.121488 0.00239535
v22616 0.0637824 -0.121494 0.00242895
v22617 0.0636486 -0.121496 0.00244902
v22618 0.0530455 -0.131267 0.00938159
v22619 0.0631274 -0.121498 0.00256773
v22620 0.0623306 -0.121509 0.00270412
v22621 0.0532967 -0.131271 0.00928556
v22622 0.0529345 -0.110158 0.00360564
v22623 0.0535525 -0.131273 0.00920425
v22624 0.052681 -0.110152 0.0036938
v22625 0.0608786 -0.121525 0.00297796
v22626 0.052428 -0.110146 0.0037841
v22627 0.0523054 -0.11014 0.00384137
v22628 0.0541701 -0.131288 0.00893376
v22629 0.0520594 -0.110128 0.00395406
v22630 0.0542956 -0.13129 0.00888617
v22631 0.0518114 -0.110118 0.00406068
v22632 0.0544204 -0.131292 0.00883636
v22633 0.0729157 -0.126082 0.00269414
v22634 0.0586804 -0.121524 0.00353289
v22635 0.0576496 -0.121522 0.00380644
v22636 0.0567548 -0.121515 0.004068
v22637 0.0551085 -0.121494 0.00460559
v22638 0.0548535 -0.121491 0.00468384
v22639 0.0546027 -0.121486 0.00477476
v22640 0.0542266 -0.121479 0.00491227
v22641 0.0539731 -0.121475 0.00499583
v22642 0.053721 -0.121471 0.00508358
v22643 0.0534685 -0.121467 0.00517064
v22644 0.053218 -0.121462 0.005264
v22645 0.0529673 -0.121457 0.00535673
v22646 0.0527208 -0.121449 0.00546337
v22647 0.0525947 -0.121447 0.00550769
v22648 0.0523442 -0.121441 0.0056019
v22649 0.0520958 -0.121435 0.00570324
v22650 0.0518479 -0.121428 0.00580644
v22651 0.0515962 -0.121423 0.00589765
v22652 0.0513379 -0.121422 0.00596809
v22653 0.0510823 -0.121419 0.00604726
v22654 0.0506999 -0.121415 0.00616963
v22655 0.0504479 -0.12141 0.00626104
v22656 0.0501979 -0.121404 0.00635903
v22657 0.0499457 -0.121399 0.00645022
v22658 0.0498203 -0.121396 0.00649838
v22659 0.0496947 -0.121393 0.00654573
v22660 0.0766852 -0.125966 0.00248024
v22661 0.076825 -0.125962 0.00247205
v22662 0.0494439 -0.121387 0.00664193
v22663 0.0771082 -0.125952 0.00246434
v22664 0.0491971 -0.121379 0.00675176
v22665 0.0490713 -0.121377 0.00679902
v22666 0.0515628 -0.110109 0.00416585
v22667 0.0484404 -0.121364 0.00702926
v22668 0.0513134 -0.1101 0.00426874
v22669 0.0456847 -0.121293 0.00813288
v22670 0.0510637 -0.110091 0.00437093
v22671 0.0449229 -0.121279 0.00840495
v22672 0.0441658 -0.121262 0.00869628
v22673 0.0785274 -0.125901 0.00242886
v22674 0.0786694 -0.125896 0.00242498
v22675 0.0435336 -0.121247 0.00893631
v22676 0.0429025 -0.121232 0.00918253
v22677 0.0508154 -0.110081 0.00447795
v22678 0.0427757 -0.12123 0.00923006
v22679 0.0426502 -0.121226 0.00928228
v22680 0.0504449 -0.110064 0.00464575
v22681 0.0423981 -0.12122 0.00938275
v22682 0.0501948 -0.110055 0.00474768
v22683 0.042151 -0.12121 0.00950206
v22684 0.049944 -0.110047 0.004848
v22685 0.0498209 -0.110041 0.00490569
v22686 0.0417755 -0.121198 0.00966381
v22687 0.0415271 -0.121189 0.00977933
v22688 0.0412778 -0.12118 0.00989221
v22689 0.041032 -0.121169 0.0100183
v22690 0.0407807 -0.121162 0.0101243
v22691 0.0405292 -0.121154 0.0102304
v22692 0.0404034 -0.121151 0.0102832
v22693 0.0402771 -0.121147 0.0103341
v22694 0.0398931 -0.121141 0.010469
v22695 0.0396374 -0.121136 0.0105602
v22696 0.0393811 -0.121132 0.0106494
v22697 0.0391243 -0.121128 0.0107369
v22698 0.038867 -0.121124 0.010823
v22699 0.038611 -0.121119 0.0109143
v22700 0.0464833 -0.109882 0.00645817
v22701 0.0383539 -0.121115 0.0110012
v22702 0.0380968 -0.121111 0.011089
v22703 0.037843 -0.121105 0.0111896
v22704 0.053642 -0.112924 0.00336664
v22705 0.0538943 -0.11293 0.00327772
v22706 0.0540214 -0.112932 0.00323632
v22707 0.0541489 -0.112934 0.00319588
v22708 0.0544014 -0.112939 0.00310802
v22709 0.0546444 -0.112951 0.00299129
v22710 0.0547673 -0.112956 0.00293763
v22711 0.0548906 -0.11296 0.00288492
v22712 0.0552618 -0.112973 0.00273132
v22713 0.0626717 -0.113052 0.000533511
v22714 0.0715891 -0.110291 -0.000900871
v22715 0.06798 -0.11298 -0.000409291
v22716 0.0682489 -0.112975 -0.000447886
v22717 0.0685196 -0.112968 -0.000481738
v22718 0.0687933 -0.11296 -0.000508337
v22719 0.0690717 -0.112949 -0.000522801
v22720 0.0692101 -0.112944 -0.00053211
v22721 0.0694886 -0.112933 -0.000546655
v22722 0.0697702 -0.11292 -0.000553602
v22723 0.0700516 -0.112908 -0.000561259
v22724 0.0703308 -0.112897 -0.0005747
v22725 0.0347737 -0.125781 0.013516
v22726 0.07061 -0.112885 -0.000588517
v22727 0.0761891 -0.121323 0.00109528
v22728 0.0546695 -0.131297 0.00873543
v22729 0.0549168 -0.131303 0.00862929
v22730 0.073223 -0.121376 0.00152945
v22731 0.0729476 -0.121384 0.00155397
v22732 0.0356768 -0.125792 0.0132115
v22733 0.0708882 -0.112875 -0.000604998
v22734 0.0715249 -0.121445 0.00155907
v22735 0.0712459 -0.121454 0.0015734
v22736 0.0709719 -0.121461 0.00160009
v22737 0.0707029 -0.121466 0.00163917
v22738 0.0704253 -0.121475 0.0016564
v22739 0.0701514 -0.121483 0.00168278
v22740 0.0415711 -0.112318 0.00860566
v22741 0.0416958 -0.112323 0.00854741
v22742 0.0419456 -0.112334 0.00843314
v22743 0.0421947 -0.112346 0.00831641
v22744 0.0655164 -0.1216 0.0021642
v22745 0.0653819 -0.121603 0.00218264
v22746 0.0424405 -0.112359 0.00818874
v22747 0.0640645 -0.121615 0.00244044
v22748 0.0377167 -0.125832 0.0124319
v22749 0.0626117 -0.121631 0.0027138
v22750 0.0557826 -0.131322 0.00826111
v22751 0.0614208 -0.121645 0.00293006
v22752 0.0382281 -0.125841 0.0122458
v22753 0.0612903 -0.121646 0.0029593
v22754 0.0611582 -0.121647 0.00298389
v22755 0.0386206 -0.125842 0.0121419
v22756 0.061027 -0.121648 0.00301112
v22757 0.0607581 -0.121654 0.00304704
v22758 0.0560332 -0.131326 0.0081663
v22759 0.056291 -0.131326 0.00809403
v22760 0.0565542 -0.131325 0.00803783
v22761 0.056811 -0.131326 0.00796245
v22762 0.0593409 -0.12165 0.00342032
v22763 0.0590809 -0.121651 0.00348197
v22764 0.0589515 -0.121651 0.00351446
v22765 0.0588234 -0.12165 0.00355054
v22766 0.0585665 -0.121649 0.00362127
v22767 0.0583075 -0.121649 0.00368569
v22768 0.0580526 -0.121647 0.00376242
v22769 0.057926 -0.121646 0.00380318
v22770 0.0713136 -0.1103 -0.000875922
v22771 0.0577969 -0.121645 0.00383694
v22772 0.0710353 -0.110311 -0.000858106
v22773 0.0575393 -0.121645 0.00390588
v22774 0.0707578 -0.110321 -0.000838794
v22775 0.0569014 -0.121639 0.00409655
v22776 0.0704794 -0.110332 -0.000821697
v22777 0.0703422 -0.110336 -0.000808217
v22778 0.070205 -0.11034 -0.000794767
v22779 0.0561403 -0.12163 0.00433995
v22780 0.042689 -0.112371 0.00807088
v22781 0.0428138 -0.112377 0.00801413
v22782 0.0430634 -0.112387 0.0079011
v22783 0.0552532 -0.121619 0.00462849
v22784 0.0544939 -0.121608 0.00488104
v22785 0.0537368 -0.121596 0.00514174
v22786 0.052984 -0.121581 0.0054182
v22787 0.0522327 -0.121565 0.00570154
v22788 0.0514802 -0.121549 0.00598328
v22789 0.0507158 -0.12154 0.00622926
v22790 0.0433176 -0.125775 0.0113717
v22791 0.0492111 -0.121505 0.00680571
v22792 0.0488327 -0.121498 0.00694399
v22793 0.0699274 -0.110351 -0.000775911
v22794 0.0485825 -0.121492 0.00704332
v22795 0.0483286 -0.121488 0.00713092
v22796 0.0480744 -0.121484 0.00721733
v22797 0.0685503 -0.110397 -0.00065754
v22798 0.0478223 -0.121478 0.00731136
v22799 0.0475693 -0.121474 0.00740248
v22800 0.0471942 -0.121464 0.00755469
v22801 0.0470694 -0.12146 0.00760618
v22802 0.0469467 -0.121455 0.00766511
v22803 0.0466987 -0.121447 0.00777456
v22804 0.0464484 -0.121441 0.00787614
v22805 0.0462005 -0.121432 0.00798648
v22806 0.0459477 -0.121427 0.00808045
v22807 0.0458214 -0.121424 0.00812759
v22808 0.0455704 -0.121418 0.00822839
v22809 0.0453162 -0.121413 0.00831802
v22810 0.0450621 -0.121409 0.00840843
v22811 0.0448107 -0.121403 0.00850837
v22812 0.0445579 -0.121397 0.00860384
v22813 0.0462408 -0.125827 0.0102861
v22814 0.0443036 -0.121393 0.00869416
v22815 0.0464974 -0.12583 0.0102015
v22816 0.0440525 -0.121386 0.00879646
v22817 0.0436727 -0.121378 0.00893879
v22818 0.0468906 -0.12583 0.0101042
v22819 0.0422811 -0.121346 0.00947087
v22820 0.0471435 -0.125835 0.0100075
v22821 0.0472705 -0.125837 0.00996122
v22822 0.0473976 -0.125839 0.00991526
v22823 0.0416606 -0.121323 0.00976037
v22824 0.0476531 -0.125842 0.00982816
v22825 0.0374658 -0.12123 0.0113575
v22826 0.0479078 -0.125846 0.00973848
v22827 0.0480366 -0.125847 0.00969857
v22828 0.0481657 -0.125848 0.00966003
v22829 0.0372083 -0.121226 0.011444
v22830 0.0484221 -0.125851 0.00957641
v22831 0.0369536 -0.12122 0.0115426
v22832 0.0486749 -0.125856 0.00948111
v22833 0.0488011 -0.125858 0.0094328
v22834 0.0682812 -0.110402 -0.000617831
v22835 0.0366974 -0.121215 0.011635
v22836 0.0680147 -0.110406 -0.00057168
v22837 0.0364432 -0.121209 0.0117359
v22838 0.0677447 -0.110412 -0.000534766
v22839 0.0361901 -0.121201 0.0118417
v22840 0.0674779 -0.110416 -0.000489451
v22841 0.0359345 -0.121196 0.0119378
v22842 0.0672146 -0.110418 -0.000434957
v22843 0.0500575 -0.125885 0.00893618
v22844 0.0501799 -0.12589 0.00887638
v22845 0.0503005 -0.125895 0.00881061
v22846 0.0356787 -0.12119 0.0120332
v22847 0.0505559 -0.125898 0.00872612
v22848 0.0352953 -0.121182 0.0121784
v22849 0.0508101 -0.125902 0.00863782
v22850 0.0350398 -0.121176 0.0122763
v22851 0.0347832 -0.121171 0.0123697
v22852 0.0345278 -0.121165 0.0124687
v22853 0.0342696 -0.121161 0.0125562
v22854 0.0340133 -0.121156 0.0126519
v22855 0.0337569 -0.121151 0.0127475
v22856 0.0334998 -0.121146 0.0128407
v22857 0.0332428 -0.121141 0.0129344
v22858 0.043314 -0.112397 0.00779213
v22859 0.0435641 -0.112407 0.00768171
v22860 0.043817 -0.112415 0.00758161
v22861 0.0439438 -0.112419 0.00753314
v22862 0.0440654 -0.112426 0.00746602
v22863 0.0444399 -0.112441 0.00730024
v22864 0.0445644 -0.112447 0.00724408
v22865 0.0446885 -0.112452 0.00718621
v22866 0.0479176 -0.112588 0.0057353
v22867 0.0530702 -0.125948 0.00776554
v22868 0.0481688 -0.112596 0.00563601
v22869 0.0533245 -0.125951 0.00768008
v22870 0.0484209 -0.112603 0.00553977
v22871 0.0535827 -0.125952 0.00760702
v22872 0.0486676 -0.112614 0.00542593
v22873 0.0538413 -0.125953 0.00753524
v22874 0.0487914 -0.112619 0.00537061
v22875 0.0540944 -0.125956 0.00744653
v22876 0.0490433 -0.112626 0.00527462
v22877 0.0543486 -0.125959 0.00736162
v22878 0.0492926 -0.112635 0.00517056
v22879 0.0494185 -0.112638 0.00512265
v22880 0.0777242 -0.121407 0.00101345
v22881 0.0774446 -0.121416 0.00103023
v22882 0.0495363 -0.112648 0.0050484
v22883 0.0497835 -0.112658 0.0049378
v22884 0.0767435 -0.12144 0.00106653
v22885 0.0764712 -0.121446 0.00110007
v22886 0.0761993 -0.121452 0.00113482
v22887 0.0756721 -0.121456 0.00124366
v22888 0.0754039 -0.12146 0.00128718
v22889 0.0751286 -0.121467 0.00131292
v22890 0.0748604 -0.121472 0.00135612
v22891 0.0745965 -0.121474 0.00140992
v22892 0.0743223 -0.121481 0.00143819
v22893 0.0740502 -0.121487 0.0014715
v22894 0.0737817 -0.121491 0.00151357
v22895 0.0735092 -0.121497 0.00154564
v22896 0.0500331 -0.112666 0.00483575
v22897 0.0712634 -0.121579 0.00163136
v22898 0.0709868 -0.121588 0.00165165
v22899 0.0504025 -0.112682 0.00466712
v22900 0.0690547 -0.121646 0.00179739
v22901 0.0689178 -0.12165 0.00181031
v22902 0.0506492 -0.112693 0.00455651
v22903 0.0509007 -0.1127 0.00446139
v22904 0.0511486 -0.112709 0.00435551
v22905 0.0512696 -0.112716 0.00429308
v22906 0.0678203 -0.12168 0.00190615
v22907 0.0675616 -0.12168 0.00197114
v22908 0.0513919 -0.112721 0.004235
v22909 0.0664659 -0.121711 0.00206863
v22910 0.0661944 -0.121717 0.00209918
v22911 0.0586697 -0.126008 0.00594301
v22912 0.0659332 -0.121719 0.00215704
v22913 0.0658033 -0.121719 0.00218799
v22914 0.0656675 -0.121722 0.0022028
v22915 0.065397 -0.121728 0.00223579
v22916 0.0570716 -0.131325 0.0078989
v22917 0.059424 -0.12602 0.0056739
v22918 0.0573262 -0.131327 0.00781699
v22919 0.0639425 -0.121745 0.00250521
v22920 0.0636762 -0.121749 0.00254905
v22921 0.0634109 -0.121752 0.00259545
v22922 0.0631529 -0.121752 0.00266218
v22923 0.0628882 -0.121755 0.00271017
v22924 0.0626249 -0.121757 0.00276226
v22925 0.0623539 -0.121764 0.00279252
v22926 0.0620837 -0.12177 0.00282532
v22927 0.0577029 -0.131332 0.00767942
v22928 0.0614337 -0.121772 0.00297794
v22929 0.0579511 -0.131337 0.00757908
v22930 0.0580741 -0.13134 0.00752558
v22931 0.0581949 -0.131344 0.00746595
v22932 0.0572986 -0.121769 0.00403523
v22933 0.0571709 -0.121767 0.00407316
v22934 0.0569171 -0.121765 0.00415354
v22935 0.0566657 -0.12176 0.00424147
v22936 0.0564143 -0.121756 0.00432947
v22937 0.0555258 -0.121746 0.00461367
v22938 0.0620984 -0.126043 0.004844
v22939 0.0553996 -0.121744 0.00465657
v22940 0.0551432 -0.121742 0.00473055
v22941 0.0547651 -0.121736 0.00486154
v22942 0.0546385 -0.121734 0.00490339
v22943 0.0545117 -0.121733 0.00494493
v22944 0.054257 -0.12173 0.0050245
v22945 0.0540045 -0.121726 0.00511144
v22946 0.0538782 -0.121724 0.00515463
v22947 0.0632775 -0.126036 0.00458493
v22948 0.0537534 -0.121721 0.00520236
v22949 0.0535012 -0.121717 0.00529051
v22950 0.0532491 -0.121712 0.0053789
v22951 0.0531254 -0.121709 0.0054307
v22952 0.0528732 -0.121705 0.00551922
v22953 0.0526262 -0.121697 0.0056245
v22954 0.0523764 -0.121691 0.00572116
v22955 0.0521214 -0.121688 0.00580177
v22956 0.0518718 -0.121682 0.00589934
v22957 0.0517514 -0.121677 0.00596245
v22958 0.0516231 -0.121676 0.00600051
v22959 0.0648743 -0.126016 0.00430713
v22960 0.0650048 -0.126015 0.00427695
v22961 0.0512361 -0.121674 0.00610772
v22962 0.050982 -0.121671 0.00619189
v22963 0.0508554 -0.121669 0.00623573
v22964 0.0507336 -0.121664 0.00629478
v22965 0.0504815 -0.121659 0.0063861
v22966 0.0502269 -0.121656 0.00646952
v22967 0.050101 -0.121653 0.00651562
v22968 0.0499749 -0.121651 0.00656127
v22969 0.0661957 -0.126003 0.00404945
v22970 0.0494791 -0.121636 0.00677297
v22971 0.0487234 -0.12162 0.00705356
v22972 0.0479654 -0.121606 0.00732852
v22973 0.0465851 -0.121572 0.00787142
v22974 0.0459614 -0.121554 0.00813413
v22975 0.0452013 -0.121539 0.00841159
v22976 0.0445717 -0.121524 0.0086582
v22977 0.0438134 -0.121507 0.00894702
v22978 0.0434337 -0.121499 0.00909045
v22979 0.0431817 -0.121492 0.00919038
v22980 0.0430536 -0.12149 0.00923306
v22981 0.0429251 -0.121489 0.00927438
v22982 0.0426707 -0.121484 0.00936654
v22983 0.0424178 -0.121478 0.00946433
v22984 0.0421673 -0.121471 0.00957099
v22985 0.0417934 -0.121458 0.00973865
v22986 0.0415451 -0.121449 0.00985468
v22987 0.0412926 -0.121442 0.00995577
v22988 0.0411666 -0.121439 0.0100072
v22989 0.0410411 -0.121435 0.0100605
v22990 0.0407901 -0.121428 0.0101679
v22991 0.040538 -0.121421 0.0102714
v22992 0.0404124 -0.121417 0.0103249
v22993 0.0401609 -0.12141 0.0104313
v22994 0.0399031 -0.121406 0.0105143
v22995 0.0397732 -0.121406 0.0105519
v22996 0.039645 -0.121403 0.0105964
v22997 0.0393874 -0.1214 0.0106806
v22998 0.039133 -0.121394 0.010777
v22999 0.0390041 -0.121393 0.010819
v23000 0.0388758 -0.121391 0.0108633
v23001 0.0386199 -0.121386 0.0109546
v23002 0.0383622 -0.121383 0.0110394
v23003 0.0381063 -0.121378 0.0111316
v23004 0.0360677 -0.121332 0.0119131
v23005 0.0346611 -0.121301 0.0124431
v23006 0.0338921 -0.121285 0.0127296
v23007 0.0593167 -0.112906 0.0013986
v23008 0.0586104 -0.110429 0.00160301
v23009 0.0584839 -0.110427 0.00164541
v23010 0.0583621 -0.110421 0.00170141
v23011 0.0595655 -0.112913 0.00130403
v23012 0.0581119 -0.110414 0.00179474
v23013 0.0620175 -0.112921 0.000664066
v23014 0.0622836 -0.112917 0.000619355
v23015 0.0577366 -0.110403 0.00193537
v23016 0.0625475 -0.112915 0.000568203
v23017 0.0574848 -0.110397 0.00202466
v23018 0.0626765 -0.112915 0.000534706
v23019 0.0628115 -0.112912 0.000517493
v23020 0.0630806 -0.112906 0.000480731
v23021 0.0730429 -0.12595 0.00264185
v23022 0.0690692 -0.112816 -0.000542742
v23023 0.0733192 -0.125943 0.00261998
v23024 0.0692078 -0.112811 -0.000551558
v23025 0.0735966 -0.125935 0.0026007
v23026 0.0767563 -0.121568 0.00111216
v23027 0.0738722 -0.125927 0.00257665
v23028 0.0584539 -0.131344 0.00739825
v23029 0.0741463 -0.125921 0.00254875
v23030 0.0749984 -0.121601 0.00135875
v23031 0.0744256 -0.125912 0.00253375
v23032 0.0731083 -0.121636 0.00162739
v23033 0.074702 -0.125905 0.00251106
v23034 0.0729709 -0.12164 0.00164044
v23035 0.0749842 -0.125895 0.0025026
v23036 0.0715515 -0.121699 0.00165403
v23037 0.0752676 -0.125884 0.0024969
v23038 0.0712738 -0.121708 0.00167152
v23039 0.0755492 -0.125875 0.00248632
v23040 0.0709947 -0.121717 0.00168537
v23041 0.0758295 -0.125866 0.0024727
v23042 0.0759721 -0.12586 0.00247155
v23043 0.0707156 -0.121727 0.00169891
v23044 0.0762543 -0.125851 0.00246209
v23045 0.0704398 -0.121735 0.00172075
v23046 0.0701624 -0.121744 0.00173818
v23047 0.0696047 -0.121764 0.00176494
v23048 0.0768143 -0.125833 0.00243146
v23049 0.0694667 -0.121768 0.00177505
v23050 0.0770962 -0.125824 0.00242058
v23051 0.0688045 -0.121775 0.00189789
v23052 0.0685371 -0.121779 0.00194041
v23053 0.057234 -0.110391 0.00211693
v23054 0.0682614 -0.121788 0.00196096
v23055 0.0569797 -0.110386 0.00219913
v23056 0.0660783 -0.121844 0.00217946
v23057 0.0567274 -0.11038 0.00228752
v23058 0.0587116 -0.131344 0.00732683
v23059 0.0589593 -0.131349 0.00722604
v23060 0.0713093 -0.112723 -0.000634534
v23061 0.0714508 -0.112716 -0.000636944
v23062 0.0631662 -0.121878 0.00271072
v23063 0.0617105 -0.121896 0.00297565
v23064 0.0602569 -0.121912 0.00324516
v23065 0.0564743 -0.110375 0.00237402
v23066 0.059385 -0.121894 0.00356975
v23067 0.0562203 -0.11037 0.00245768
v23068 0.0583361 -0.121901 0.00379069
v23069 0.0574491 -0.121891 0.00407522
v23070 0.0558391 -0.110363 0.00258303
v23071 0.0565614 -0.12188 0.00435962
v23072 0.0555838 -0.110359 0.00266345
v23073 0.0554587 -0.110356 0.00271116
v23074 0.0553309 -0.110354 0.00275099
v23075 0.0549098 -0.121861 0.00488443
v23076 0.0550732 -0.110351 0.00282465
v23077 0.0532655 -0.121837 0.00543918
v23078 0.0548166 -0.110348 0.00290149
v23079 0.0525129 -0.121822 0.00571805
v23080 0.0511281 -0.121796 0.00621941
v23081 0.0496215 -0.121763 0.00678844
v23082 0.0493711 -0.121757 0.00688653
v23083 0.0491155 -0.121754 0.00696753
v23084 0.0540555 -0.110333 0.00315968
v23085 0.0488597 -0.121751 0.00704854
v23086 0.053807 -0.110324 0.00326213
v23087 0.0536836 -0.110319 0.00331613
v23088 0.0486104 -0.121745 0.0071508
v23089 0.053434 -0.11031 0.00341565
v23090 0.0483626 -0.121737 0.00725873
v23091 0.0531861 -0.110301 0.00352091
v23092 0.0482353 -0.121735 0.00730147
v23093 0.0529328 -0.110295 0.00360934
v23094 0.0481097 -0.121732 0.00735004
v23095 0.0477334 -0.121723 0.00749767
v23096 0.0474742 -0.121722 0.00756818
v23097 0.0473457 -0.121721 0.00760731
v23098 0.0472186 -0.121719 0.00765121
v23099 0.046969 -0.121712 0.0077545
v23100 0.0467192 -0.121705 0.00785778
v23101 0.0464681 -0.121699 0.00795674
v23102 0.046223 -0.121689 0.00807672
v23103 0.0336168 -0.125626 0.0139293
v23104 0.0461004 -0.121684 0.00813698
v23105 0.0338691 -0.125633 0.0138169
v23106 0.0339978 -0.125635 0.0137713
v23107 0.0341267 -0.125637 0.0137267
v23108 0.0458554 -0.121674 0.0082578
v23109 0.0343833 -0.125642 0.0136326
v23110 0.0456032 -0.121668 0.00835439
v23111 0.0346392 -0.125647 0.0135359
v23112 0.034767 -0.125649 0.013487
v23113 0.0348947 -0.125652 0.0134382
v23114 0.0454754 -0.121666 0.0083971
v23115 0.0351544 -0.125654 0.0133577
v23116 0.0453459 -0.121665 0.00843384
v23117 0.0450902 -0.121662 0.00851868
v23118 0.0355408 -0.125659 0.0132249
v23119 0.0448351 -0.121658 0.00860574
v23120 0.0357992 -0.125662 0.0131398
v23121 0.0445823 -0.121652 0.00870154
v23122 0.0360568 -0.125665 0.0130518
v23123 0.0443307 -0.121646 0.00880134
v23124 0.0363103 -0.125672 0.0129476
v23125 0.0382426 -0.121511 0.0111207
v23126 0.0365619 -0.125679 0.012836
v23127 0.0377323 -0.1215 0.0113113
v23128 0.0368142 -0.125686 0.0127282
v23129 0.036942 -0.125688 0.0126806
v23130 0.0370703 -0.12569 0.0126353
v23131 0.0376042 -0.121498 0.011357
v23132 0.0373266 -0.125694 0.0125439
v23133 0.0374758 -0.121496 0.0114016
v23134 0.0375818 -0.125699 0.0124484
v23135 0.0372177 -0.121492 0.0114862
v23136 0.0369633 -0.121486 0.0115856
v23137 0.0368356 -0.121484 0.0116331
v23138 0.036708 -0.121481 0.0116814
v23139 0.0364546 -0.121474 0.0117857
v23140 0.0383461 -0.125713 0.0121586
v23141 0.0362018 -0.121467 0.0118922
v23142 0.0360735 -0.121464 0.0119381
v23143 0.0359462 -0.121461 0.0119883
v23144 0.0355637 -0.121452 0.0121367
v23145 0.0354357 -0.12145 0.0121842
v23146 0.0353075 -0.121447 0.0122309
v23147 0.0392869 -0.125699 0.0120122
v23148 0.0350525 -0.121441 0.0123305
v23149 0.0395595 -0.125692 0.0119848
v23150 0.0347955 -0.121436 0.0124226
v23151 0.0346666 -0.121434 0.0124667
v23152 0.0345407 -0.12143 0.0125238
v23153 0.0342835 -0.121425 0.0126152
v23154 0.0340282 -0.121419 0.0127153
v23155 0.0337714 -0.121414 0.0128093
v23156 0.0335155 -0.121409 0.0129071
v23157 0.0332563 -0.121405 0.0129918
v23158 0.0717336 -0.112703 -0.000642688
v23159 0.0720145 -0.112691 -0.0006533
v23160 0.0411949 -0.112164 0.00876809
v23161 0.0414463 -0.112174 0.00865869
v23162 0.0415726 -0.112179 0.00860628
v23163 0.0420721 -0.112201 0.0083769
v23164 0.0449397 -0.112324 0.0070759
v23165 0.0450621 -0.112331 0.00701253
v23166 0.0451868 -0.112336 0.00695761
v23167 0.0454373 -0.112345 0.00685142
v23168 0.045687 -0.112355 0.00674295
v23169 0.0460619 -0.112369 0.00658203
v23170 0.0463142 -0.112377 0.00648354
v23171 0.0425564 -0.125623 0.0116615
v23172 0.0465644 -0.112386 0.00637806
v23173 0.04281 -0.125629 0.0115626
v23174 0.0468127 -0.112396 0.00626668
v23175 0.0430644 -0.125634 0.0114663
v23176 0.0469382 -0.112401 0.00621549
v23177 0.0433176 -0.125639 0.0113667
v23178 0.0434452 -0.125641 0.0113204
v23179 0.0435709 -0.125644 0.0112671
v23180 0.0470587 -0.112408 0.00614775
v23181 0.043822 -0.125651 0.0111603
v23182 0.0473065 -0.112419 0.00603526
v23183 0.0440697 -0.12566 0.0110416
v23184 0.0769082 -0.121691 0.00114787
v23185 0.0767686 -0.121696 0.00115666
v23186 0.0444515 -0.125666 0.0109011
v23187 0.076496 -0.121702 0.0011897
v23188 0.0447029 -0.125673 0.0107967
v23189 0.0762249 -0.121707 0.00122601
v23190 0.0449577 -0.125677 0.0107045
v23191 0.0597322 -0.131351 0.00701213
v23192 0.0452088 -0.125683 0.0105999
v23193 0.0756879 -0.121716 0.00131145
v23194 0.0454687 -0.125684 0.0105261
v23195 0.0754205 -0.121719 0.00135666
v23196 0.0457215 -0.12569 0.0104279
v23197 0.0752841 -0.121723 0.00137283
v23198 0.0459827 -0.12569 0.0103592
v23199 0.0751481 -0.121725 0.00138989
v23200 0.0462445 -0.12569 0.0102924
v23201 0.046372 -0.125692 0.0102475
v23202 0.0465024 -0.125692 0.0102123
v23203 0.0748786 -0.12173 0.00142987
v23204 0.0744745 -0.121737 0.00149003
v23205 0.0468911 -0.125694 0.010099
v23206 0.0742024 -0.121743 0.00152339
v23207 0.0740667 -0.121746 0.00154076
v23208 0.0737936 -0.121753 0.00157161
v23209 0.0735245 -0.121757 0.00161206
v23210 0.0733874 -0.121761 0.00162614
v23211 0.073251 -0.121764 0.00164178
v23212 0.0729768 -0.121771 0.00166924
v23213 0.0475546 -0.11243 0.00592415
v23214 0.0476761 -0.112436 0.00586049
v23215 0.0479173 -0.112452 0.00572686
v23216 0.0690811 -0.1219 0.0018924
v23217 0.0682724 -0.121916 0.0020029
v23218 0.0679987 -0.121923 0.00202867
v23219 0.0677281 -0.121929 0.00206239
v23220 0.0674651 -0.121931 0.0021161
v23221 0.0671919 -0.121938 0.00214273
v23222 0.0670588 -0.12194 0.00216513
v23223 0.0669225 -0.121944 0.00217921
v23224 0.0666395 -0.121956 0.00217961
v23225 0.0663652 -0.121963 0.00220283
v23226 0.0662244 -0.121969 0.00220468
v23227 0.0658271 -0.121974 0.00227686
v23228 0.0655549 -0.121981 0.00230524
v23229 0.0652865 -0.121986 0.00234384
v23230 0.0598571 -0.131353 0.00696518
v23231 0.0601164 -0.131352 0.00689919
v23232 0.0603722 -0.131354 0.00682298
v23233 0.0606248 -0.131356 0.00673753
v23234 0.0631785 -0.122006 0.00275669
v23235 0.062914 -0.122009 0.00280545
v23236 0.0626501 -0.122011 0.0028558
v23237 0.0623789 -0.122018 0.00288567
v23238 0.0621136 -0.122021 0.00293198
v23239 0.0608779 -0.131359 0.00665397
v23240 0.0615946 -0.122022 0.00305727
v23241 0.0608042 -0.12203 0.00321166
v23242 0.0605376 -0.122034 0.00325406
v23243 0.0602729 -0.122037 0.0033021
v23244 0.059891 -0.122034 0.00341733
v23245 0.0596438 -0.122028 0.00351549
v23246 0.0594003 -0.12202 0.00362458
v23247 0.0591368 -0.122022 0.00367632
v23248 0.0588773 -0.122022 0.00373951
v23249 0.0586174 -0.122023 0.00380173
v23250 0.058355 -0.122025 0.00385639
v23251 0.0581014 -0.122022 0.00393725
v23252 0.0577221 -0.122017 0.00406182
v23253 0.0574665 -0.122015 0.00413699
v23254 0.0572096 -0.122014 0.00420847
v23255 0.0569538 -0.122012 0.00428321
v23256 0.0568299 -0.122009 0.0043327
v23257 0.0567047 -0.122007 0.00437831
v23258 0.0564559 -0.122001 0.00447425
v23259 0.056202 -0.121998 0.00455522
v23260 0.0559467 -0.121996 0.00463248
v23261 0.0555661 -0.121991 0.00475531
v23262 0.0553071 -0.121991 0.00482153
v23263 0.0550534 -0.121988 0.00490376
v23264 0.0548016 -0.121983 0.0049922
v23265 0.0545457 -0.121981 0.00506817
v23266 0.0542921 -0.121978 0.00515153
v23267 0.0540384 -0.121975 0.00523463
v23268 0.053788 -0.12197 0.00532825
v23269 0.0549726 -0.125839 0.00710487
v23270 0.0535338 -0.121967 0.00541016
v23271 0.0534086 -0.121964 0.00545696
v23272 0.0531574 -0.121959 0.00554865
v23273 0.0529079 -0.121953 0.005646
v23274 0.0492 -0.110151 0.00518615
v23275 0.0488304 -0.110133 0.00536012
v23276 0.0527834 -0.12195 0.00569536
v23277 0.055986 -0.125853 0.00675811
v23278 0.0561127 -0.125854 0.00671507
v23279 0.0562388 -0.125856 0.00667036
v23280 0.0526561 -0.121949 0.00573614
v23281 0.0524054 -0.121943 0.00583011
v23282 0.0566221 -0.125859 0.0065512
v23283 0.0521542 -0.121938 0.005923
v23284 0.0568779 -0.125861 0.00647307
v23285 0.0520289 -0.121935 0.00597026
v23286 0.0571261 -0.125867 0.00637219
v23287 0.0517801 -0.121929 0.00607106
v23288 0.0573803 -0.12587 0.00628937
v23289 0.0515257 -0.121926 0.00615392
v23290 0.057637 -0.125872 0.00621413
v23291 0.0512734 -0.121921 0.006244
v23292 0.057896 -0.125872 0.00614618
v23293 0.0510179 -0.121918 0.00632414
v23294 0.0581456 -0.125877 0.00605005
v23295 0.0505133 -0.121909 0.00650514
v23296 0.0584002 -0.125879 0.00596928
v23297 0.0585307 -0.125879 0.00593844
v23298 0.0497631 -0.121891 0.00680069
v23299 0.0587804 -0.125884 0.00584333
v23300 0.0491324 -0.121879 0.00703113
v23301 0.0590264 -0.12589 0.00573767
v23302 0.0476204 -0.121847 0.00759581
v23303 0.0592814 -0.125893 0.00565877
v23304 0.0468581 -0.121835 0.00786052
v23305 0.0595339 -0.125896 0.00557258
v23306 0.0462395 -0.121814 0.00814017
v23307 0.0597839 -0.125901 0.00547926
v23308 0.0448516 -0.121783 0.00866945
v23309 0.0600348 -0.125905 0.00538884
v23310 0.0440951 -0.121765 0.00896441
v23311 0.0602894 -0.125907 0.00530948
v23312 0.0439675 -0.121763 0.00900816
v23313 0.0437117 -0.121759 0.00909439
v23314 0.0606732 -0.125909 0.00519577
v23315 0.0434586 -0.121754 0.00919031
v23316 0.060931 -0.12591 0.00512582
v23317 0.0433325 -0.121751 0.00923982
v23318 0.0611859 -0.125912 0.00504759
v23319 0.0432066 -0.121747 0.00929065
v23320 0.0614394 -0.125915 0.00496554
v23321 0.0429486 -0.121745 0.00936949
v23322 0.0616942 -0.125917 0.00488753
v23323 0.0618235 -0.125917 0.00485389
v23324 0.0619522 -0.125917 0.00481862
v23325 0.0426945 -0.12174 0.00946264
v23326 0.0622098 -0.125918 0.00474851
v23327 0.042313 -0.121733 0.00960178
v23328 0.0624722 -0.125916 0.00469216
v23329 0.0420625 -0.121725 0.00970881
v23330 0.062733 -0.125915 0.00463123
v23331 0.041937 -0.121721 0.0097617
v23332 0.0629951 -0.125914 0.00457396
v23333 0.0418113 -0.121718 0.00981364
v23334 0.0415634 -0.121709 0.00993131
v23335 0.0413095 -0.121703 0.0100268
v23336 0.0487057 -0.110129 0.00541367
v23337 0.0485806 -0.110124 0.00546565
v23338 0.0410579 -0.121696 0.0101315
v23339 0.0483366 -0.11011 0.00559076
v23340 0.0408046 -0.12169 0.0102302
v23341 0.0641991 -0.125895 0.00438379
v23342 0.04068 -0.121686 0.0102873
v23343 0.0644622 -0.125894 0.00432926
v23344 0.0404251 -0.121681 0.0103806
v23345 0.0647251 -0.125892 0.00427412
v23346 0.0401702 -0.121676 0.0104742
v23347 0.0649861 -0.125891 0.00421375
v23348 0.0399134 -0.121672 0.0105606
v23349 0.0652517 -0.125888 0.00416591
v23350 0.0396556 -0.121669 0.0106439
v23351 0.065519 -0.125884 0.00412255
v23352 0.0393995 -0.121664 0.0107335
v23353 0.0657861 -0.12588 0.00407874
v23354 0.0659183 -0.125879 0.00405315
v23355 0.0660509 -0.125877 0.00402848
v23356 0.0391436 -0.12166 0.0108244
v23357 0.0663161 -0.125874 0.0039795
v23358 0.038888 -0.121655 0.0109164
v23359 0.0665741 -0.125875 0.00391097
v23360 0.038632 -0.121651 0.0110077
v23361 0.0668305 -0.125876 0.00383832
v23362 0.0383761 -0.121646 0.0110991
v23363 0.0670893 -0.125876 0.00377233
v23364 0.0516385 -0.112596 0.00411694
v23365 0.0673517 -0.125874 0.0037159
v23366 0.0518823 -0.112608 0.00399892
v23367 0.0480897 -0.110098 0.00570629
v23368 0.0520081 -0.112611 0.00395237
v23369 0.0478423 -0.110086 0.005821
v23370 0.0633709 -0.134248 0.0075721
v23371 0.05302 -0.112633 0.00359905
v23372 0.0532718 -0.112639 0.00350754
v23373 0.0536477 -0.112649 0.00336566
v23374 0.0538989 -0.112656 0.00327296
v23375 0.0540244 -0.112659 0.00322656
v23376 0.0541514 -0.112661 0.00318466
v23377 0.0544051 -0.112666 0.00309995
v23378 0.069046 -0.125868 0.00331937
v23379 0.0546547 -0.112673 0.00300333
v23380 0.054778 -0.112678 0.00295036
v23381 0.0727428 -0.13108 0.004597
v23382 0.0726099 -0.131082 0.00462155
v23383 0.0549029 -0.112682 0.00290251
v23384 0.0552674 -0.112699 0.00272845
v23385 0.0553902 -0.112704 0.0026747
v23386 0.0555138 -0.112708 0.00262322
v23387 0.0735305 -0.121888 0.00164117
v23388 0.0725607 -0.121917 0.00171243
v23389 0.0724184 -0.121923 0.00171303
v23390 0.0713011 -0.121962 0.00176837
v23391 0.0704712 -0.121987 0.00182803
v23392 0.0693626 -0.122022 0.00189979
v23393 0.0690941 -0.122027 0.0019394
v23394 0.0709672 -0.131117 0.00479246
v23395 0.0688264 -0.122031 0.00198115
v23396 0.0706964 -0.131122 0.00482833
v23397 0.0685566 -0.122037 0.00201756
v23398 0.0704274 -0.131126 0.00486852
v23399 0.0674791 -0.122058 0.00216591
v23400 0.0701594 -0.13113 0.00491126
v23401 0.0650337 -0.122116 0.00243676
v23402 0.0698932 -0.131133 0.00495859
v23403 0.0611362 -0.131359 0.00658547
v23404 0.0696183 -0.131139 0.00498303
v23405 0.0613911 -0.13136 0.006507
v23406 0.0693433 -0.131146 0.00500723
v23407 0.0620288 -0.131364 0.0063135
v23408 0.062282 -0.131366 0.00623104
v23409 0.0597867 -0.122154 0.00353274
v23410 0.0588937 -0.122147 0.00379804
v23411 0.0578678 -0.122142 0.00408733
v23412 0.056219 -0.122122 0.00461631
v23413 0.0553231 -0.122116 0.00487961
v23414 0.054437 -0.122104 0.00517482
v23415 0.051415 -0.122049 0.00625683
v23416 0.0507832 -0.122038 0.00647952
v23417 0.0614419 -0.134244 0.00812317
v23418 0.05003 -0.122022 0.00676471
v23419 0.0499041 -0.122019 0.00681157
v23420 0.0496544 -0.122013 0.00691156
v23421 0.0494031 -0.122007 0.00700715
v23422 0.0492762 -0.122005 0.00705057
v23423 0.0491499 -0.122003 0.00709632
v23424 0.0482695 -0.121984 0.0074302
v23425 0.0480186 -0.121978 0.00752872
v23426 0.0478935 -0.121975 0.00757899
v23427 0.0477671 -0.121972 0.00762521
v23428 0.0758189 -0.125737 0.00243208
v23429 0.0759605 -0.125732 0.00242861
v23430 0.0475076 -0.121971 0.00769497
v23431 0.0762433 -0.125722 0.00242051
v23432 0.0472501 -0.121969 0.00777166
v23433 0.0765279 -0.125711 0.00241658
v23434 0.0463762 -0.121945 0.00813496
v23435 0.0461297 -0.121936 0.00825078
v23436 0.045879 -0.121929 0.00835231
v23437 0.0770853 -0.125695 0.00237929
v23438 0.0457516 -0.121927 0.00839616
v23439 0.0456262 -0.121924 0.00844699
v23440 0.0474721 -0.110068 0.00599678
v23441 0.0453711 -0.12192 0.0085337
v23442 0.047224 -0.110057 0.00611001
v23443 0.0449942 -0.121911 0.00868461
v23444 0.0469775 -0.110044 0.00622916
v23445 0.0435999 -0.121883 0.00920036
v23446 0.0414456 -0.121836 0.0100172
v23447 0.0785102 -0.125642 0.00235767
v23448 0.0379981 -0.121771 0.011263
v23449 0.0787938 -0.125632 0.00234927
v23450 0.0377433 -0.121766 0.0113598
v23451 0.0374866 -0.121762 0.0114491
v23452 0.0467278 -0.110034 0.00633792
v23453 0.0372301 -0.121757 0.01154
v23454 0.0464795 -0.110022 0.00645202
v23455 0.0369753 -0.121751 0.0116377
v23456 0.0367197 -0.121746 0.0117324
v23457 0.0364648 -0.12174 0.0118303
v23458 0.0362123 -0.121733 0.0119384
v23459 0.0358313 -0.121723 0.0120919
v23460 0.0724202 -0.110397 -0.000950892
v23461 0.0355763 -0.121717 0.0121909
v23462 0.0721435 -0.110406 -0.000928466
v23463 0.0353188 -0.121713 0.0122796
v23464 0.0718676 -0.110415 -0.000904377
v23465 0.035064 -0.121707 0.0123803
v23466 0.0348065 -0.121703 0.0124696
v23467 0.0345507 -0.121697 0.0125669
v23468 0.0342938 -0.121692 0.0126597
v23469 0.0340385 -0.121686 0.0127594
v23470 0.0337807 -0.121682 0.0128491
v23471 0.0333951 -0.121675 0.0129886
v23472 0.0679711 -0.112717 -0.000458818
v23473 0.0682432 -0.112709 -0.000489248
v23474 0.0685173 -0.112701 -0.000514497
v23475 0.0687932 -0.112691 -0.000535452
v23476 0.0689309 -0.112687 -0.000546556
v23477 0.0690687 -0.112682 -0.000557526
v23478 0.0692072 -0.112677 -0.000566512
v23479 0.0694842 -0.112667 -0.000585185
v23480 0.0697665 -0.112654 -0.000590386
v23481 0.0700483 -0.112641 -0.000597042
v23482 0.0703288 -0.112629 -0.000607413
v23483 0.0706106 -0.112617 -0.000614605
v23484 0.070889 -0.112606 -0.000630719
v23485 0.0769359 -0.121946 0.00124412
v23486 0.076659 -0.121954 0.0012671
v23487 0.0763844 -0.121961 0.00129534
v23488 0.076108 -0.121969 0.00131902
v23489 0.0758422 -0.121972 0.00136831
v23490 0.075577 -0.121974 0.00141899
v23491 0.0753052 -0.12198 0.00145349
v23492 0.0750329 -0.121986 0.00148671
v23493 0.0747591 -0.121993 0.001516
v23494 0.07449 -0.121997 0.00155689
v23495 0.0742213 -0.122002 0.00159874
v23496 0.073942 -0.122011 0.00161417
v23497 0.0738065 -0.122014 0.00163217
v23498 0.0736699 -0.122017 0.00164726
v23499 0.0734023 -0.122021 0.00169153
v23500 0.0731282 -0.122028 0.00171949
v23501 0.072851 -0.122036 0.00173959
v23502 0.0416981 -0.112046 0.00854629
v23503 0.0419465 -0.112058 0.00842657
v23504 0.0420717 -0.112064 0.00837035
v23505 0.0421956 -0.11207 0.00830993
v23506 0.0424421 -0.112083 0.00818432
v23507 0.0426919 -0.112094 0.00807097
v23508 0.067622 -0.122184 0.00218202
v23509 0.0673516 -0.12219 0.00221617
v23510 0.0361778 -0.125536 0.0129746
v23511 0.0672169 -0.122193 0.00223461
v23512 0.0669443 -0.1222 0.00226268
v23513 0.0666639 -0.12221 0.00227002
v23514 0.0663939 -0.122216 0.00230489
v23515 0.0661183 -0.122224 0.00232451
v23516 0.065849 -0.12223 0.00236084
v23517 0.0655783 -0.122236 0.00239319
v23518 0.0653111 -0.12224 0.00243509
v23519 0.0650443 -0.122244 0.00247791
v23520 0.0647815 -0.122246 0.00253158
v23521 0.0375724 -0.125569 0.0124088
v23522 0.0376994 -0.125572 0.0123586
v23523 0.0645171 -0.122249 0.00258054
v23524 0.0379574 -0.125574 0.0122746
v23525 0.0642515 -0.122253 0.00262646
v23526 0.0382107 -0.12558 0.0121725
v23527 0.0383391 -0.125582 0.0121283
v23528 0.0384673 -0.125584 0.0120837
v23529 0.0630597 -0.131365 0.006035
v23530 0.0387338 -0.125581 0.0120329
v23531 0.0633215 -0.131363 0.0059771
v23532 0.0390043 -0.125576 0.0119979
v23533 0.0634683 -0.122257 0.00280153
v23534 0.0632031 -0.12226 0.00284833
v23535 0.0629383 -0.122263 0.00289639
v23536 0.0626751 -0.122265 0.00294885
v23537 0.0624032 -0.122272 0.00297701
v23538 0.0640975 -0.131363 0.00577715
v23539 0.0643568 -0.131362 0.00571234
v23540 0.0648801 -0.131359 0.00559603
v23541 0.0402352 -0.125544 0.0118891
v23542 0.0601824 -0.122284 0.00346784
v23543 0.0600579 -0.122281 0.00351439
v23544 0.059928 -0.122281 0.00354545
v23545 0.0596788 -0.122276 0.00363835
v23546 0.0594332 -0.122269 0.00374152
v23547 0.0668079 -0.110563 -0.000371391
v23548 0.0666736 -0.110566 -0.000351365
v23549 0.0591701 -0.122272 0.00379447
v23550 0.0664059 -0.110571 -0.000308724
v23551 0.0589096 -0.122272 0.00385509
v23552 0.0661389 -0.110575 -0.00026421
v23553 0.0586517 -0.122272 0.00392316
v23554 0.065875 -0.110578 -0.000211805
v23555 0.0582669 -0.12227 0.00403123
v23556 0.0656093 -0.110581 -0.000164123
v23557 0.0581389 -0.122269 0.00406819
v23558 0.0653469 -0.110583 -0.00010755
v23559 0.0580116 -0.122268 0.00410736
v23560 0.0577561 -0.122266 0.00418269
v23561 0.0575009 -0.122264 0.00425926
v23562 0.0572458 -0.122262 0.00433627
v23563 0.0569935 -0.122258 0.00442178
v23564 0.0567437 -0.122253 0.00451479
v23565 0.0564958 -0.122247 0.00461388
v23566 0.0561089 -0.122246 0.00471778
v23567 0.0558564 -0.122242 0.00480344
v23568 0.0555976 -0.122242 0.00487022
v23569 0.0553399 -0.122241 0.00494037
v23570 0.055087 -0.122237 0.00502541
v23571 0.0548343 -0.122233 0.00511133
v23572 0.0547067 -0.122232 0.00515038
v23573 0.0545801 -0.12223 0.00519287
v23574 0.054327 -0.122227 0.00527781
v23575 0.053947 -0.122221 0.00540438
v23576 0.0538211 -0.122219 0.00544926
v23577 0.0536931 -0.122218 0.00548749
v23578 0.0534404 -0.122214 0.00557424
v23579 0.0531923 -0.122208 0.00567569
v23580 0.0530696 -0.122203 0.00573102
v23581 0.052945 -0.1222 0.00578027
v23582 0.0526899 -0.122198 0.00586024
v23583 0.0524377 -0.122193 0.00594977
v23584 0.0516866 -0.122177 0.00623686
v23585 0.0509294 -0.122163 0.00650689
v23586 0.0428168 -0.112099 0.00801442
v23587 0.0430647 -0.112111 0.00789511
v23588 0.0433168 -0.11212 0.00779115
v23589 0.0435671 -0.11213 0.00768139
v23590 0.0438194 -0.112139 0.00757883
v23591 0.0439452 -0.112143 0.00752644
v23592 0.0465139 -0.122076 0.00813347
v23593 0.0452633 -0.122041 0.00865229
v23594 0.0471405 -0.125566 0.00998387
v23595 0.0451362 -0.122039 0.00869746
v23596 0.0473919 -0.125572 0.00988246
v23597 0.044757 -0.122031 0.00884088
v23598 0.0476493 -0.125574 0.00980134
v23599 0.0445043 -0.122025 0.00893738
v23600 0.0479059 -0.125577 0.00971824
v23601 0.0442494 -0.122021 0.00902624
v23602 0.0481642 -0.125579 0.00964075
v23603 0.0439953 -0.122016 0.00911816
v23604 0.0484205 -0.125582 0.00955662
v23605 0.0437419 -0.122011 0.009213
v23606 0.0486775 -0.125584 0.00947543
v23607 0.0488057 -0.125585 0.00943372
v23608 0.0489308 -0.125589 0.00938162
v23609 0.0434885 -0.122006 0.00930805
v23610 0.0432337 -0.122001 0.00939854
v23611 0.0493129 -0.125594 0.00924906
v23612 0.0429748 -0.121999 0.00947404
v23613 0.0495758 -0.125593 0.0091879
v23614 0.0425918 -0.121993 0.00960749
v23615 0.0498249 -0.1256 0.00908097
v23616 0.042337 -0.121988 0.00969899
v23617 0.0500625 -0.125613 0.00893695
v23618 0.0501854 -0.125617 0.00887868
v23619 0.050306 -0.125623 0.00881305
v23620 0.04221 -0.121986 0.0097461
v23621 0.0505589 -0.125627 0.00871995
v23622 0.0420835 -0.121983 0.00979524
v23623 0.0508078 -0.125634 0.00861423
v23624 0.0509242 -0.125641 0.00853526
v23625 0.0418297 -0.121978 0.00989062
v23626 0.0511738 -0.125647 0.00843241
v23627 0.0512972 -0.125651 0.00837672
v23628 0.0514292 -0.12565 0.00834872
v23629 0.0415808 -0.121969 0.0100045
v23630 0.0516755 -0.125658 0.00823575
v23631 0.0413268 -0.121964 0.0100997
v23632 0.051923 -0.125665 0.00812708
v23633 0.0520513 -0.125666 0.00808729
v23634 0.0521793 -0.125667 0.00804695
v23635 0.0410732 -0.121958 0.0101968
v23636 0.0408194 -0.121952 0.0102938
v23637 0.0525569 -0.125675 0.00790515
v23638 0.0406939 -0.121949 0.0103476
v23639 0.0528047 -0.125681 0.00779851
v23640 0.0404351 -0.121946 0.0104261
v23641 0.0530599 -0.125684 0.00771568
v23642 0.040176 -0.121944 0.0105035
v23643 0.053317 -0.125686 0.00763864
v23644 0.0400485 -0.121942 0.0105503
v23645 0.053578 -0.125685 0.00757437
v23646 0.0537071 -0.125686 0.00753778
v23647 0.0538357 -0.125687 0.00749973
v23648 0.0399202 -0.12194 0.0105939
v23649 0.0540824 -0.125694 0.00739082
v23650 0.0396666 -0.121934 0.0106929
v23651 0.0543326 -0.125699 0.00729334
v23652 0.0394106 -0.121929 0.0107828
v23653 0.0392822 -0.121928 0.0108265
v23654 0.0391562 -0.121924 0.0108792
v23655 0.0388998 -0.12192 0.0109684
v23656 0.0386426 -0.121916 0.0110546
v23657 0.055082 -0.125715 0.00699865
v23658 0.0385143 -0.121914 0.011099
v23659 0.0363429 -0.12187 0.0119036
v23660 0.0357101 -0.121852 0.0121682
v23661 0.0349404 -0.121838 0.0124473
v23662 0.0341698 -0.121824 0.0127253
v23663 0.0440691 -0.112149 0.00746747
v23664 0.0444437 -0.112164 0.00730169
v23665 0.0445684 -0.11217 0.00724604
v23666 0.0446929 -0.112175 0.00718946
v23667 0.0481732 -0.11232 0.00563558
v23668 0.0484225 -0.112329 0.00552996
v23669 0.0486691 -0.11234 0.00541578
v23670 0.0567333 -0.125735 0.00645206
v23671 0.079625 -0.12198 0.00117156
v23672 0.0793432 -0.12199 0.00118465
v23673 0.0487935 -0.112345 0.00536237
v23674 0.0789182 -0.122005 0.00119866
v23675 0.078641 -0.122013 0.00122214
v23676 0.0574977 -0.125742 0.00620893
v23677 0.0490435 -0.112354 0.0052597
v23678 0.0492924 -0.112363 0.00515399
v23679 0.0494165 -0.112368 0.00510011
v23680 0.0495368 -0.112375 0.00503397
v23681 0.0497846 -0.112385 0.00492525
v23682 0.0499064 -0.112392 0.00486441
v23683 0.0583856 -0.125753 0.00591573
v23684 0.0500334 -0.112394 0.0048204
v23685 0.0761223 -0.122096 0.00136824
v23686 0.074088 -0.122137 0.00163651
v23687 0.0721677 -0.122186 0.00182715
v23688 0.0718909 -0.122195 0.00184753
v23689 0.0591441 -0.125763 0.00565896
v23690 0.0713304 -0.122215 0.00187022
v23691 0.0711968 -0.122217 0.00189235
v23692 0.0504002 -0.112412 0.004643
v23693 0.0705099 -0.122235 0.00195425
v23694 0.0505241 -0.112417 0.00458945
v23695 0.0598978 -0.125775 0.00538976
v23696 0.0506489 -0.112421 0.00453854
v23697 0.0508987 -0.112429 0.0044381
v23698 0.0693904 -0.122276 0.00199828
v23699 0.0691179 -0.122282 0.00202788
v23700 0.0688486 -0.122287 0.00206561
v23701 0.0606543 -0.125785 0.00513063
v23702 0.0685791 -0.122293 0.0021025
v23703 0.0683048 -0.1223 0.00212691
v23704 0.0680371 -0.122305 0.00216842
v23705 0.067773 -0.122307 0.0022194
v23706 0.0655946 -0.122361 0.00244964
v23707 0.0641353 -0.12238 0.00270708
v23708 0.0615473 -0.125792 0.00485998
v23709 0.0628274 -0.122387 0.00299192
v23710 0.0626935 -0.122389 0.00301179
v23711 0.065276 -0.131356 0.00551811
v23712 0.065542 -0.131353 0.0054718
v23713 0.0658085 -0.131349 0.00542684
v23714 0.065942 -0.131348 0.0054048
v23715 0.0660764 -0.131345 0.00538547
v23716 0.0594497 -0.122394 0.00380013
v23717 0.0627159 -0.12579 0.00457168
v23718 0.0584144 -0.122394 0.00406217
v23719 0.0573922 -0.122386 0.00436399
v23720 0.0566369 -0.122374 0.00462579
v23721 0.0557404 -0.122368 0.00488702
v23722 0.0540926 -0.122347 0.0054298
v23723 0.0533321 -0.122336 0.00568328
v23724 0.0650869 -0.110583 -4.45667e-05
v23725 0.0525851 -0.122318 0.00598098
v23726 0.0648257 -0.110584 1.51594e-05
v23727 0.0520832 -0.122307 0.00616851
v23728 0.0518339 -0.122301 0.0062677
v23729 0.0515754 -0.1223 0.00633807
v23730 0.0643009 -0.110587 0.000128315
v23731 0.0513233 -0.122296 0.00642917
v23732 0.0510723 -0.12229 0.00652388
v23733 0.0511488 -0.112437 0.00433905
v23734 0.0512712 -0.112443 0.00428085
v23735 0.0501938 -0.122271 0.00685764
v23736 0.0499381 -0.122268 0.00693821
v23737 0.0496846 -0.122264 0.00702635
v23738 0.0491861 -0.122251 0.00723099
v23739 0.0656347 -0.125757 0.00403995
v23740 0.0489378 -0.122244 0.00733697
v23741 0.0488145 -0.122239 0.00739301
v23742 0.0485592 -0.122236 0.00747635
v23743 0.0483043 -0.122233 0.00756132
v23744 0.0481794 -0.122229 0.0076123
v23745 0.0480543 -0.122226 0.00766258
v23746 0.0478025 -0.122221 0.0077583
v23747 0.0475427 -0.12222 0.00782746
v23748 0.0668144 -0.12575 0.00378274
v23749 0.0513934 -0.112449 0.00422246
v23750 0.0464103 -0.122194 0.0082652
v23751 0.0461595 -0.122188 0.0083664
v23752 0.0460303 -0.122187 0.00840373
v23753 0.0459009 -0.122186 0.00844048
v23754 0.0446467 -0.122153 0.00895144
v23755 0.0438806 -0.122141 0.0092138
v23756 0.0432498 -0.122126 0.00946132
v23757 0.0640418 -0.110586 0.000193908
v23758 0.0385192 -0.122047 0.0111213
v23759 0.0637795 -0.110587 0.000250766
v23760 0.0382619 -0.122043 0.0112076
v23761 0.0683702 -0.131173 0.00506253
v23762 0.0380095 -0.122036 0.0113128
v23763 0.0378821 -0.122034 0.0113613
v23764 0.0377548 -0.122031 0.0114099
v23765 0.0375 -0.122025 0.0115071
v23766 0.0372441 -0.12202 0.0115998
v23767 0.0680971 -0.131179 0.00509075
v23768 0.0694404 -0.125732 0.00322382
v23769 0.037117 -0.122017 0.01165
v23770 0.0369883 -0.122015 0.0116935
v23771 0.0367305 -0.122012 0.0117798
v23772 0.0678262 -0.131184 0.00512497
v23773 0.0676913 -0.131186 0.00514337
v23774 0.0364758 -0.122006 0.0118785
v23775 0.0363493 -0.122002 0.0119312
v23776 0.0360987 -0.121994 0.0120468
v23777 0.0358461 -0.121986 0.0121551
v23778 0.0636505 -0.110587 0.00028499
v23779 0.0635184 -0.110588 0.000310862
v23780 0.0357194 -0.121983 0.0122076
v23781 0.0355919 -0.12198 0.0122571
v23782 0.035333 -0.121977 0.0123404
v23783 0.0350751 -0.121973 0.0124282
v23784 0.0349466 -0.12197 0.0124738
v23785 0.0348185 -0.121968 0.0125215
v23786 0.0345627 -0.121962 0.0126183
v23787 0.0343063 -0.121957 0.0127129
v23788 0.0656599 -0.131224 0.00539527
v23789 0.0340505 -0.121952 0.0128105
v23790 0.0336609 -0.121947 0.0129332
v23791 0.0335334 -0.121944 0.012984
v23792 0.0334061 -0.121941 0.0130358
v23793 0.0620204 -0.112651 0.000648541
v23794 0.0625511 -0.112644 0.000554343
v23795 0.073035 -0.125687 0.00259396
v23796 0.062681 -0.112643 0.000523117
v23797 0.0733092 -0.125681 0.00256681
v23798 0.0628162 -0.11264 0.000506394
v23799 0.073585 -0.125673 0.00254341
v23800 0.0630847 -0.112634 0.000468008
v23801 0.0738615 -0.125666 0.00252176
v23802 0.0633507 -0.112631 0.000422407
v23803 0.0741337 -0.12566 0.00248911
v23804 0.0636145 -0.112628 0.000370705
v23805 0.0744123 -0.125651 0.00247214
v23806 0.0769616 -0.122201 0.00133581
v23807 0.0746896 -0.125644 0.0024517
v23808 0.0766804 -0.122211 0.0013482
v23809 0.0749681 -0.125635 0.00243431
v23810 0.0751068 -0.125631 0.00242407
v23811 0.0752457 -0.125627 0.00241431
v23812 0.0765425 -0.122215 0.00136094
v23813 0.0755291 -0.125617 0.00240825
v23814 0.0764048 -0.122219 0.00137407
v23815 0.0758123 -0.125607 0.00240134
v23816 0.0761315 -0.122225 0.00140538
v23817 0.0758635 -0.122229 0.00144918
v23818 0.0755929 -0.122234 0.00148693
v23819 0.0753221 -0.122239 0.00152375
v23820 0.0765181 -0.125582 0.00237806
v23821 0.0750504 -0.122245 0.00155852
v23822 0.0767946 -0.125575 0.00235422
v23823 0.0747741 -0.122253 0.00158195
v23824 0.0744989 -0.12226 0.00160778
v23825 0.074364 -0.122263 0.00162723
v23826 0.074228 -0.122266 0.00164404
v23827 0.0632541 -0.110591 0.000362383
v23828 0.0739561 -0.122271 0.0016776
v23829 0.0736839 -0.122277 0.00171057
v23830 0.0628648 -0.11059 0.000459312
v23831 0.0734097 -0.122284 0.00173838
v23832 0.0625988 -0.110594 0.000505878
v23833 0.0731405 -0.122289 0.00177833
v23834 0.0728689 -0.122295 0.00181244
v23835 0.0725921 -0.122303 0.00183339
v23836 0.0723179 -0.12231 0.00186046
v23837 0.0719059 -0.122321 0.00189918
v23838 0.0717628 -0.122328 0.00189747
v23839 0.0637755 -0.134375 0.00752672
v23840 0.0623375 -0.110595 0.000565759
v23841 0.0684568 -0.122423 0.0021666
v23842 0.0620721 -0.110598 0.000614205
v23843 0.0683209 -0.122426 0.00218215
v23844 0.0618096 -0.1106 0.000670681
v23845 0.0668251 -0.122461 0.00234769
v23846 0.0615402 -0.110606 0.000707625
v23847 0.0666875 -0.122465 0.0023583
v23848 0.0612799 -0.110606 0.000770388
v23849 0.0664177 -0.122471 0.0023938
v23850 0.0610215 -0.110605 0.000838062
v23851 0.0661423 -0.122479 0.0024139
v23852 0.0607614 -0.110605 0.000901304
v23853 0.0660082 -0.122482 0.00243355
v23854 0.0605034 -0.110603 0.000970707
v23855 0.065873 -0.122485 0.00245031
v23856 0.0602464 -0.110601 0.00104275
v23857 0.0656054 -0.122489 0.00249116
v23858 0.0599929 -0.110597 0.00112495
v23859 0.0653411 -0.122492 0.00254084
v23860 0.0597377 -0.110594 0.00120229
v23861 0.0650738 -0.122496 0.00258257
v23862 0.064812 -0.122498 0.00263899
v23863 0.0593605 -0.110585 0.00133501
v23864 0.0592348 -0.110582 0.00137919
v23865 0.0591087 -0.110579 0.00142267
v23866 0.0645491 -0.1225 0.0026923
v23867 0.0588562 -0.110574 0.00150851
v23868 0.064416 -0.122502 0.00271439
v23869 0.0586057 -0.110567 0.00160033
v23870 0.0584773 -0.110566 0.00163731
v23871 0.0583543 -0.110561 0.00168979
v23872 0.0642826 -0.122504 0.00273589
v23873 0.0640201 -0.122506 0.00279032
v23874 0.0637575 -0.122508 0.0028445
v23875 0.0634949 -0.12251 0.00289887
v23876 0.0632365 -0.12251 0.00296447
v23877 0.0336018 -0.125363 0.013866
v23878 0.0631076 -0.12251 0.00299827
v23879 0.0338556 -0.125369 0.0137594
v23880 0.0629742 -0.122512 0.00301971
v23881 0.0341114 -0.125374 0.0136615
v23882 0.0627049 -0.122517 0.00305534
v23883 0.034366 -0.12538 0.0135593
v23884 0.0344945 -0.125382 0.0135133
v23885 0.0346229 -0.125384 0.013467
v23886 0.0624327 -0.122524 0.00308257
v23887 0.0348809 -0.125388 0.0133792
v23888 0.0686543 -0.112563 -0.000540922
v23889 0.0612457 -0.122536 0.00331088
v23890 0.0352704 -0.125391 0.0132585
v23891 0.0353997 -0.125393 0.0132161
v23892 0.0355283 -0.125395 0.0131711
v23893 0.06098 -0.12254 0.00335637
v23894 0.0357857 -0.125398 0.0130822
v23895 0.0607143 -0.122543 0.00340155
v23896 0.0360425 -0.125402 0.0129906
v23897 0.0361704 -0.125405 0.012943
v23898 0.0362988 -0.125407 0.0128977
v23899 0.0599588 -0.122532 0.00365615
v23900 0.0365515 -0.125413 0.0127908
v23901 0.0597125 -0.122526 0.00375714
v23902 0.0368043 -0.12542 0.0126843
v23903 0.0595903 -0.122522 0.0038106
v23904 0.0370588 -0.125425 0.0125852
v23905 0.0594694 -0.122517 0.00386789
v23906 0.0588219 -0.122518 0.00403067
v23907 0.0583059 -0.122516 0.00416672
v23908 0.0570349 -0.122503 0.00456537
v23909 0.0569108 -0.1225 0.00461449
v23910 0.0566559 -0.122498 0.00469267
v23911 0.0564003 -0.122496 0.00476894
v23912 0.0561424 -0.122495 0.00483838
v23913 0.0560146 -0.122494 0.00487665
v23914 0.0558872 -0.122493 0.00491616
v23915 0.0556302 -0.122492 0.00498848
v23916 0.0553741 -0.12249 0.00506397
v23917 0.055121 -0.122486 0.00514833
v23918 0.0548714 -0.122481 0.00524383
v23919 0.0544911 -0.122476 0.00536933
v23920 0.0543652 -0.122473 0.00541415
v23921 0.054238 -0.122472 0.00545475
v23922 0.0539818 -0.12247 0.0055306
v23923 0.0395337 -0.125437 0.0118791
v23924 0.0537268 -0.122467 0.00561051
v23925 0.0532263 -0.122457 0.00580023
v23926 0.0528536 -0.122447 0.00595145
v23927 0.0520981 -0.122433 0.00622419
v23928 0.0513413 -0.12242 0.00649531
v23929 0.05059 -0.122402 0.00678598
v23930 0.0498293 -0.12239 0.00704869
v23931 0.0484488 -0.122359 0.00758294
v23932 0.047689 -0.122345 0.0078551
v23933 0.0456644 -0.122306 0.00859799
v23934 0.0454136 -0.1223 0.0087001
v23935 0.0450385 -0.122289 0.00885771
v23936 0.044788 -0.122282 0.00896151
v23937 0.0445312 -0.122279 0.00904378
v23938 0.0442754 -0.122275 0.00912979
v23939 0.0440215 -0.122271 0.00922252
v23940 0.0437699 -0.122264 0.00932361
v23941 0.0435149 -0.12226 0.0094131
v23942 0.0432595 -0.122256 0.00950141
v23943 0.0431305 -0.122255 0.0095413
v23944 0.0428725 -0.122252 0.00962052
v23945 0.0426162 -0.122249 0.00970618
v23946 0.0424879 -0.122247 0.00974856
v23947 0.0423595 -0.122245 0.00979052
v23948 0.0421088 -0.122238 0.00989701
v23949 0.0430433 -0.125375 0.0113799
v23950 0.0418516 -0.122235 0.00998004
v23951 0.0417273 -0.122231 0.0100375
v23952 0.0416011 -0.122227 0.010088
v23953 0.0413479 -0.122221 0.0101867
v23954 0.0410912 -0.122218 0.0102723
v23955 0.0438101 -0.125387 0.0111072
v23956 0.0439342 -0.125391 0.0110487
v23957 0.0409621 -0.122217 0.0103125
v23958 0.0441822 -0.125399 0.0109313
v23959 0.040707 -0.122212 0.0104046
v23960 0.0444371 -0.125404 0.0108387
v23961 0.0445643 -0.125406 0.010792
v23962 0.0446913 -0.125408 0.0107444
v23963 0.0404478 -0.12221 0.0104816
v23964 0.0449441 -0.125414 0.0106452
v23965 0.0401878 -0.122208 0.0105559
v23966 0.0451984 -0.125418 0.0105514
v23967 0.0453287 -0.125419 0.0105157
v23968 0.0454568 -0.12542 0.0104726
v23969 0.0399324 -0.122204 0.0106477
v23970 0.0457123 -0.125424 0.0103834
v23971 0.0396795 -0.122198 0.010749
v23972 0.0459708 -0.125426 0.0103052
v23973 0.0461 -0.125427 0.0102659
v23974 0.0462298 -0.125428 0.0102288
v23975 0.0394223 -0.122194 0.0108346
v23976 0.0391652 -0.12219 0.0109206
v23977 0.0714463 -0.11245 -0.000676271
v23978 0.0717256 -0.112439 -0.000690929
v23979 0.0411964 -0.111888 0.00876483
v23980 0.0469988 -0.125437 0.00997318
v23981 0.041449 -0.111897 0.00865921
v23982 0.0415738 -0.111902 0.00860113
v23983 0.0416984 -0.111908 0.00854272
v23984 0.0431908 -0.111978 0.00783778
v23985 0.0449431 -0.112048 0.00707522
v23986 0.0477647 -0.125448 0.00970923
v23987 0.0450674 -0.112053 0.00701864
v23988 0.0451925 -0.112058 0.00696459
v23989 0.0793654 -0.122247 0.0012676
v23990 0.0790841 -0.122257 0.00128158
v23991 0.0788033 -0.122266 0.00129684
v23992 0.0485339 -0.125456 0.00945823
v23993 0.0785253 -0.122274 0.00131848
v23994 0.0783852 -0.122279 0.00132654
v23995 0.078105 -0.122288 0.00134251
v23996 0.0779654 -0.122292 0.00135169
v23997 0.0454422 -0.112068 0.00685547
v23998 0.0456895 -0.112079 0.00673847
v23999 0.0494364 -0.125463 0.00918455
v24000 0.046065 -0.112093 0.00657944
v24001 0.0746462 -0.122386 0.00163311
v24002 0.0723284 -0.122439 0.00190087
v24003 0.0716396 -0.122458 0.0019599
v24004 0.0715017 -0.122462 0.00197117
v24005 0.0713627 -0.122466 0.0019798
v24006 0.0710896 -0.122473 0.00200891
v24007 0.0708099 -0.122483 0.00202129
v24008 0.0705339 -0.122491 0.00204294
v24009 0.070263 -0.122497 0.00207739
v24010 0.0463164 -0.112102 0.0064774
v24011 0.0465666 -0.112111 0.00637176
v24012 0.0691422 -0.122537 0.00211754
v24013 0.0688754 -0.122541 0.00216172
v24014 0.0687425 -0.122543 0.00218512
v24015 0.0686104 -0.122544 0.00221069
v24016 0.0683363 -0.122552 0.00223571
v24017 0.0680664 -0.122557 0.00227142
v24018 0.0677949 -0.122563 0.00230309
v24019 0.0675282 -0.122567 0.00234704
v24020 0.0672499 -0.122577 0.0023606
v24021 0.0664308 -0.122598 0.00244131
v24022 0.0646993 -0.122623 0.0027288
v24023 0.0633824 -0.122635 0.00298958
v24024 0.0617821 -0.12266 0.00324588
v24025 0.052667 -0.125551 0.00779937
v24026 0.060471 -0.122669 0.00352157
v24027 0.0468191 -0.112118 0.00627442
v24028 0.0470669 -0.112129 0.00616115
v24029 0.0473116 -0.112142 0.00603809
v24030 0.0475591 -0.112153 0.00592495
v24031 0.0534323 -0.125559 0.00755006
v24032 0.0476803 -0.11216 0.00585993
v24033 0.0479219 -0.112176 0.00572759
v24034 0.0481744 -0.112183 0.00563226
v24035 0.0562912 -0.122619 0.0048732
v24036 0.0552668 -0.122611 0.00517432
v24037 0.0529948 -0.122575 0.00596314
v24038 0.0528704 -0.122572 0.00601312
v24039 0.0544438 -0.125575 0.00719255
v24040 0.0526188 -0.122567 0.00610459
v24041 0.0546932 -0.12558 0.00709282
v24042 0.0523683 -0.122562 0.00620001
v24043 0.0549433 -0.125586 0.00699585
v24044 0.0522424 -0.122559 0.00624569
v24045 0.0551928 -0.125591 0.00689714
v24046 0.052115 -0.122558 0.00628654
v24047 0.0554474 -0.125594 0.00681424
v24048 0.0518674 -0.122551 0.00639152
v24049 0.0557022 -0.125597 0.0067324
v24050 0.0516107 -0.122549 0.0064679
v24051 0.0514833 -0.122547 0.00650916
v24052 0.056079 -0.125603 0.00659332
v24053 0.0513584 -0.122544 0.00655829
v24054 0.0563313 -0.125607 0.00650444
v24055 0.0564634 -0.125606 0.00647767
v24056 0.0565894 -0.125608 0.00643282
v24057 0.0509815 -0.122536 0.00669953
v24058 0.0568427 -0.125611 0.00634738
v24059 0.0507318 -0.12253 0.00679908
v24060 0.0570945 -0.125615 0.00625719
v24061 0.0504812 -0.122525 0.00689612
v24062 0.0573523 -0.125616 0.00618542
v24063 0.0502293 -0.12252 0.00698913
v24064 0.0576074 -0.125619 0.0061057
v24065 0.0501026 -0.122518 0.00703334
v24066 0.0578618 -0.125621 0.00602404
v24067 0.0490956 -0.122497 0.0074105
v24068 0.0581126 -0.125626 0.00593172
v24069 0.0582393 -0.125627 0.00588968
v24070 0.0488425 -0.122492 0.00750099
v24071 0.0584919 -0.125631 0.00580302
v24072 0.0485907 -0.122487 0.00759597
v24073 0.0587444 -0.125634 0.00571647
v24074 0.0588708 -0.125636 0.0056739
v24075 0.0589982 -0.125637 0.00563385
v24076 0.0483376 -0.122482 0.00768714
v24077 0.0592505 -0.12564 0.00554704
v24078 0.0480861 -0.122477 0.00778366
v24079 0.0595024 -0.125644 0.00545931
v24080 0.0463129 -0.122444 0.00842486
v24081 0.0597561 -0.125647 0.0053769
v24082 0.04568 -0.122432 0.0086584
v24083 0.0449259 -0.122413 0.0089601
v24084 0.0601342 -0.125652 0.0052466
v24085 0.0441617 -0.1224 0.00922873
v24086 0.0603867 -0.125655 0.00516129
v24087 0.0605119 -0.125658 0.00511586
v24088 0.060637 -0.12566 0.00506976
v24089 0.0403249 -0.122341 0.0105493
v24090 0.0608888 -0.125663 0.00498281
v24091 0.039556 -0.122329 0.0108148
v24092 0.0611451 -0.125665 0.00490885
v24093 0.0389158 -0.122318 0.0110396
v24094 0.0614021 -0.125666 0.00483719
v24095 0.0387884 -0.122315 0.0110872
v24096 0.0616592 -0.125667 0.00476573
v24097 0.0385348 -0.122309 0.0111876
v24098 0.061919 -0.125666 0.00470182
v24099 0.0382792 -0.122304 0.0112803
v24100 0.0621748 -0.125668 0.00462685
v24101 0.062304 -0.125668 0.00459325
v24102 0.0380236 -0.122299 0.0113735
v24103 0.0625651 -0.125667 0.00453318
v24104 0.0377668 -0.122295 0.0114622
v24105 0.0628279 -0.125665 0.00447811
v24106 0.0375109 -0.122291 0.0115547
v24107 0.0630896 -0.125664 0.00441987
v24108 0.0372549 -0.122286 0.0116475
v24109 0.0369994 -0.122281 0.0117422
v24110 0.0367448 -0.122275 0.0118406
v24111 0.036619 -0.122271 0.0118963
v24112 0.036492 -0.122268 0.011947
v24113 0.0361123 -0.122257 0.0121049
v24114 0.0358582 -0.122251 0.0122069
v24115 0.0356051 -0.122244 0.0123137
v24116 0.0353476 -0.12224 0.0124027
v24117 0.035219 -0.122238 0.0124475
v24118 0.0350913 -0.122235 0.0124967
v24119 0.0646896 -0.125641 0.00415247
v24120 0.0348346 -0.12223 0.0125895
v24121 0.0649502 -0.125641 0.00409136
v24122 0.0345794 -0.122224 0.0126888
v24123 0.0652133 -0.125639 0.00403678
v24124 0.0344511 -0.122222 0.0127358
v24125 0.0654799 -0.125635 0.00399181
v24126 0.0343228 -0.122219 0.0127831
v24127 0.065748 -0.125631 0.00395076
v24128 0.0339368 -0.122213 0.0129199
v24129 0.0660115 -0.125629 0.00389734
v24130 0.0336774 -0.12221 0.0130028
v24131 0.0662776 -0.125625 0.00385092
v24132 0.0334212 -0.122204 0.0130997
v24133 0.0665377 -0.125625 0.00378813
v24134 0.0666683 -0.125624 0.0037583
v24135 0.0667958 -0.125625 0.00372043
v24136 0.0516407 -0.112323 0.00410646
v24137 0.0670569 -0.125624 0.00366056
v24138 0.0517617 -0.11233 0.00404448
v24139 0.0673238 -0.12562 0.00361597
v24140 0.0520072 -0.11234 0.00393171
v24141 0.0675855 -0.125619 0.00355792
v24142 0.0522586 -0.112347 0.00383782
v24143 0.0525089 -0.112355 0.0037411
v24144 0.0527672 -0.112356 0.00366946
v24145 0.0530245 -0.112359 0.00359479
v24146 0.0532773 -0.112364 0.00350624
v24147 0.053528 -0.112371 0.00341128
v24148 0.0539032 -0.112382 0.00326724
v24149 0.0540298 -0.112385 0.00322383
v24150 0.0541571 -0.112387 0.00318299
v24151 0.0544111 -0.112391 0.00309902
v24152 0.0690339 -0.125607 0.0032615
v24153 0.0546608 -0.112399 0.00300254
v24154 0.0547865 -0.112402 0.00295669
v24155 0.0549106 -0.112406 0.00290627
v24156 0.0551578 -0.112415 0.00280254
v24157 0.0785372 -0.122403 0.00136188
v24158 0.0782579 -0.122411 0.00138005
v24159 0.0554044 -0.112424 0.0026976
v24160 0.055524 -0.112431 0.00263384
v24161 0.0557715 -0.11244 0.00253206
v24162 0.0769868 -0.122457 0.00142607
v24163 0.0767032 -0.122468 0.0014329
v24164 0.0764268 -0.122476 0.00145686
v24165 0.0761512 -0.122483 0.0014825
v24166 0.0758812 -0.122488 0.00152156
v24167 0.0756062 -0.122495 0.00154862
v24168 0.0753341 -0.122501 0.00158241
v24169 0.0750621 -0.122507 0.00161614
v24170 0.0749248 -0.12251 0.00162993
v24171 0.07479 -0.122513 0.00164992
v24172 0.0745098 -0.122522 0.00166332
v24173 0.0742353 -0.122529 0.00169083
v24174 0.0739674 -0.122533 0.00173438
v24175 0.0736986 -0.122538 0.00177557
v24176 0.0728896 -0.122552 0.00189247
v24177 0.072613 -0.12256 0.00191383
v24178 0.0723376 -0.122568 0.00193809
v24179 0.072066 -0.122574 0.00197152
v24180 0.0560269 -0.112443 0.0024538
v24181 0.0561512 -0.112447 0.00240471
v24182 0.056274 -0.112452 0.00235136
v24183 0.0691565 -0.122664 0.00216782
v24184 0.0668524 -0.122715 0.00244601
v24185 0.066714 -0.122719 0.00245424
v24186 0.0663014 -0.122731 0.00248636
v24187 0.0661653 -0.122735 0.00250064
v24188 0.0658946 -0.122741 0.00253333
v24189 0.0656298 -0.122744 0.00258201
v24190 0.0653681 -0.122745 0.00263874
v24191 0.0651065 -0.122747 0.00269578
v24192 0.0649783 -0.122746 0.00273126
v24193 0.0745429 -0.125518 0.00242784
v24194 0.0746812 -0.125514 0.00241669
v24195 0.0648485 -0.122746 0.0027627
v24196 0.0645832 -0.12275 0.00280975
v24197 0.0643175 -0.122753 0.00285543
v24198 0.064057 -0.122754 0.00291575
v24199 0.0637925 -0.122757 0.00296487
v24200 0.0636558 -0.122761 0.00297716
v24201 0.0634 -0.122759 0.0030502
v24202 0.0631358 -0.122762 0.00310026
v24203 0.0628653 -0.122768 0.00313261
v24204 0.0625925 -0.122775 0.00315839
v24205 0.0623207 -0.122782 0.00318685
v24206 0.0620543 -0.122786 0.00323053
v24207 0.0619234 -0.122787 0.00325844
v24208 0.0617928 -0.122788 0.00328745
v24209 0.061273 -0.122789 0.00341088
v24210 0.0610111 -0.12279 0.00346724
v24211 0.0607456 -0.122794 0.00351299
v24212 0.0606145 -0.122795 0.00354051
v24213 0.0604862 -0.122794 0.00357614
v24214 0.0602355 -0.12279 0.00366444
v24215 0.0599861 -0.122785 0.00375649
v24216 0.0598665 -0.12278 0.00381726
v24217 0.0596265 -0.12277 0.00393696
v24218 0.0526794 -0.110425 0.00370705
v24219 0.0782065 -0.125393 0.0022878
v24220 0.0593803 -0.122764 0.00403895
v24221 0.0784875 -0.125384 0.00227358
v24222 0.0592493 -0.122764 0.0040673
v24223 0.0787728 -0.125373 0.00226918
v24224 0.0591191 -0.122765 0.00409777
v24225 0.0790512 -0.125366 0.00224834
v24226 0.058864 -0.122763 0.00417457
v24227 0.0618394 -0.134373 0.00805709
v24228 0.0524269 -0.110419 0.00379872
v24229 0.0569507 -0.122746 0.00475376
v24230 0.0566943 -0.122745 0.00482771
v24231 0.0520537 -0.110405 0.00395371
v24232 0.0565673 -0.122743 0.00486815
v24233 0.0518025 -0.110397 0.00405003
v24234 0.0516794 -0.110392 0.00410624
v24235 0.0515557 -0.110386 0.00416083
v24236 0.0564389 -0.122743 0.00490476
v24237 0.051306 -0.110378 0.00426241
v24238 0.056182 -0.122741 0.00497751
v24239 0.0510574 -0.110368 0.00436798
v24240 0.0559222 -0.122742 0.00504139
v24241 0.0508073 -0.11036 0.00446887
v24242 0.0556667 -0.122739 0.00511861
v24243 0.0555399 -0.122738 0.00516037
v24244 0.0504364 -0.110343 0.004635
v24245 0.0554118 -0.122737 0.00519793
v24246 0.050186 -0.110335 0.00473583
v24247 0.0550322 -0.122732 0.00532517
v24248 0.0499358 -0.110326 0.00483788
v24249 0.0498119 -0.110321 0.00489281
v24250 0.0496892 -0.110314 0.00495188
v24251 0.0547782 -0.122729 0.00540756
v24252 0.0494442 -0.110302 0.00507124
v24253 0.0608109 -0.13437 0.0083541
v24254 0.0491959 -0.110291 0.00518047
v24255 0.0525133 -0.122687 0.00622344
v24256 0.0517563 -0.122674 0.00649326
v24257 0.0509978 -0.122662 0.00676022
v24258 0.0487321 -0.122615 0.00760724
v24259 0.0481014 -0.122603 0.00784208
v24260 0.0467119 -0.122575 0.00835801
v24261 0.0465838 -0.122573 0.00839929
v24262 0.0464554 -0.122572 0.00843967
v24263 0.0461994 -0.122569 0.00852286
v24264 0.045945 -0.122565 0.00861225
v24265 0.0458225 -0.12256 0.00867311
v24266 0.0455717 -0.122553 0.00877523
v24267 0.0453168 -0.122549 0.00886332
v24268 0.0450651 -0.122543 0.00896275
v24269 0.0448156 -0.122536 0.00907028
v24270 0.0445585 -0.122533 0.00915165
v24271 0.0444312 -0.122531 0.00919661
v24272 0.0443048 -0.122528 0.00924521
v24273 0.044051 -0.122523 0.00933854
v24274 0.043666 -0.122518 0.00946381
v24275 0.0434083 -0.122516 0.00954362
v24276 0.0431547 -0.12251 0.00963861
v24277 0.0429007 -0.122505 0.00973251
v24278 0.0426425 -0.122503 0.00981158
v24279 0.0423839 -0.122501 0.00988892
v24280 0.0421309 -0.122495 0.00998734
v24281 0.042002 -0.122494 0.0100278
v24282 0.0418731 -0.122493 0.0100682
v24283 0.0416202 -0.122487 0.0101675
v24284 0.0412377 -0.12248 0.0103055
v24285 0.0409769 -0.122479 0.010376
v24286 0.0407185 -0.122476 0.0104557
v24287 0.0404606 -0.122474 0.0105377
v24288 0.0403319 -0.122472 0.0105795
v24289 0.0402005 -0.122472 0.0106113
v24290 0.0399433 -0.122469 0.0106961
v24291 0.0396902 -0.122463 0.0107967
v24292 0.0395608 -0.122462 0.0108363
v24293 0.0373058 -0.125299 0.0124546
v24294 0.0374295 -0.125304 0.0123913
v24295 0.0394312 -0.12246 0.0108755
v24296 0.0376836 -0.12531 0.0122917
v24297 0.039172 -0.122458 0.0109534
v24298 0.0379414 -0.125313 0.0122067
v24299 0.0380685 -0.125315 0.0121573
v24300 0.0381947 -0.125319 0.0121045
v24301 0.0381586 -0.122433 0.0113576
v24302 0.0384473 -0.125325 0.0120002
v24303 0.0373891 -0.122421 0.0116281
v24304 0.038713 -0.125323 0.0119464
v24305 0.0359915 -0.122387 0.0121828
v24306 0.0389792 -0.12532 0.0118949
v24307 0.0391142 -0.125318 0.0118762
v24308 0.0392496 -0.125315 0.0118592
v24309 0.0338146 -0.122343 0.0129933
v24310 0.0395195 -0.12531 0.0118216
v24311 0.0679632 -0.112453 -0.000505926
v24312 0.0682368 -0.112445 -0.000532501
v24313 0.0683743 -0.11244 -0.000544013
v24314 0.0685148 -0.112434 -0.000547689
v24315 0.0687908 -0.112424 -0.000568605
v24316 0.0690683 -0.112414 -0.000585563
v24317 0.0692064 -0.112409 -0.000595662
v24318 0.0694829 -0.112399 -0.000615623
v24319 0.0697641 -0.112387 -0.00062363
v24320 0.0700448 -0.112375 -0.000633339
v24321 0.0703266 -0.112362 -0.000640586
v24322 0.0706089 -0.112349 -0.000646669
v24323 0.0708895 -0.112337 -0.000657208
v24324 0.0711672 -0.112327 -0.000675479
v24325 0.0791089 -0.122513 0.00137064
v24326 0.0463497 -0.110158 0.00649665
v24327 0.0788278 -0.122523 0.0013851
v24328 0.0460997 -0.110148 0.00660519
v24329 0.0785493 -0.122531 0.00140557
v24330 0.0458542 -0.110134 0.00672962
v24331 0.0457313 -0.110127 0.00679136
v24332 0.0782657 -0.122541 0.00141381
v24333 0.0779876 -0.12255 0.0014347
v24334 0.0778473 -0.122554 0.00144229
v24335 0.0752028 -0.122635 0.00162526
v24336 0.0679772 -0.131308 0.00516189
v24337 0.0730307 -0.12268 0.00190261
v24338 0.0711122 -0.122729 0.00209406
v24339 0.070683 -0.122749 0.00208782
v24340 0.0705492 -0.122751 0.00210932
v24341 0.0702817 -0.122755 0.00215246
v24342 0.0419502 -0.11178 0.00843021
v24343 0.042075 -0.111786 0.00837275
v24344 0.0691812 -0.122786 0.00224513
v24345 0.06891 -0.122792 0.0022781
v24346 0.0686436 -0.122795 0.00232348
v24347 0.0683722 -0.122801 0.00235568
v24348 0.0680988 -0.122808 0.00238267
v24349 0.0678215 -0.122817 0.00239899
v24350 0.0675486 -0.122824 0.00242694
v24351 0.0674099 -0.122829 0.00243482
v24352 0.0672757 -0.122831 0.00245443
v24353 0.0670056 -0.122836 0.00248952
v24354 0.0667302 -0.122845 0.00251017
v24355 0.0652477 -0.122874 0.00270783
v24356 0.0639421 -0.12288 0.00299989
v24357 0.0624782 -0.122901 0.00324456
v24358 0.0623475 -0.122902 0.00327343
v24359 0.0610292 -0.122915 0.00352965
v24360 0.059532 -0.122885 0.00408163
v24361 0.042199 -0.111792 0.00831224
v24362 0.0424479 -0.111804 0.00819478
v24363 0.0576048 -0.122877 0.00461854
v24364 0.0466002 -0.125305 0.0100458
v24365 0.0568445 -0.122868 0.00486642
v24366 0.0558182 -0.122861 0.00516186
v24367 0.0549281 -0.122852 0.00544584
v24368 0.0545478 -0.122847 0.00557193
v24369 0.054295 -0.122843 0.0056585
v24370 0.0473661 -0.125316 0.00978087
v24371 0.0426965 -0.111815 0.00807707
v24372 0.0428217 -0.111821 0.0080215
v24373 0.0430693 -0.111833 0.00790078
v24374 0.0433216 -0.111842 0.00779722
v24375 0.0435734 -0.111851 0.00769229
v24376 0.0481316 -0.125327 0.00951681
v24377 0.0438264 -0.111859 0.00759201
v24378 0.0517746 -0.122798 0.00656006
v24379 0.0515196 -0.122795 0.00664206
v24380 0.05127 -0.122789 0.00674154
v24381 0.0511431 -0.122787 0.00678463
v24382 0.0510173 -0.122785 0.00683129
v24383 0.0490298 -0.125336 0.00922815
v24384 0.0507648 -0.12278 0.00692225
v24385 0.0505119 -0.122776 0.00701176
v24386 0.0714516 -0.110565 -0.000859623
v24387 0.0713124 -0.11057 -0.000850939
v24388 0.0503901 -0.122771 0.00707189
v24389 0.0710317 -0.110582 -0.000839386
v24390 0.0502648 -0.122768 0.00712068
v24391 0.0498859 -0.122761 0.00725736
v24392 0.0497616 -0.122758 0.00730976
v24393 0.0502812 -0.125367 0.00871594
v24394 0.0496362 -0.122755 0.0073586
v24395 0.0505316 -0.125372 0.00861502
v24396 0.0506566 -0.125375 0.00856385
v24397 0.0493869 -0.122748 0.00746141
v24398 0.0509018 -0.125384 0.00844638
v24399 0.0491276 -0.122747 0.00753118
v24400 0.0511498 -0.125391 0.00833855
v24401 0.0489994 -0.122746 0.00757105
v24402 0.0514008 -0.125396 0.00824045
v24403 0.0488725 -0.122744 0.00761554
v24404 0.0516482 -0.125404 0.00813139
v24405 0.0517714 -0.125407 0.00807531
v24406 0.0486238 -0.122737 0.00772106
v24407 0.0520233 -0.125412 0.00798097
v24408 0.0483764 -0.122729 0.0078312
v24409 0.0522769 -0.125416 0.00789235
v24410 0.0524002 -0.12542 0.00783692
v24411 0.0525257 -0.125422 0.00778864
v24412 0.048249 -0.122727 0.00787424
v24413 0.0527763 -0.125428 0.00769109
v24414 0.0481214 -0.122726 0.00791634
v24415 0.0439528 -0.111863 0.00754171
v24416 0.0531593 -0.125432 0.00756775
v24417 0.044075 -0.11187 0.00747685
v24418 0.0459648 -0.122688 0.00868693
v24419 0.0453388 -0.122671 0.0089462
v24420 0.0438097 -0.122646 0.00948196
v24421 0.0430393 -0.122636 0.00973257
v24422 0.0413749 -0.122612 0.0102998
v24423 0.0540516 -0.125442 0.0072767
v24424 0.0389263 -0.122583 0.0110867
v24425 0.0388008 -0.122579 0.0111413
v24426 0.0385509 -0.122571 0.011256
v24427 0.0382963 -0.122565 0.0113527
v24428 0.0381687 -0.122563 0.0113998
v24429 0.0548021 -0.125457 0.00698521
v24430 0.0380398 -0.122561 0.0114421
v24431 0.0377812 -0.122558 0.0115239
v24432 0.0375255 -0.122554 0.0116172
v24433 0.0373969 -0.122552 0.0116613
v24434 0.0554308 -0.125468 0.00675409
v24435 0.0372682 -0.12255 0.0117048
v24436 0.0370148 -0.122543 0.0118078
v24437 0.0367624 -0.122536 0.0119151
v24438 0.0363828 -0.122526 0.0120728
v24439 0.0361286 -0.122519 0.0121742
v24440 0.0358726 -0.122514 0.0122685
v24441 0.0356178 -0.122508 0.0123681
v24442 0.0353629 -0.122503 0.0124678
v24443 0.0351072 -0.122497 0.0125643
v24444 0.0348506 -0.122492 0.0126574
v24445 0.0345949 -0.122487 0.0127549
v24446 0.0342096 -0.12248 0.012894
v24447 0.057078 -0.12549 0.00619785
v24448 0.033951 -0.122476 0.0129804
v24449 0.0336916 -0.122473 0.0130634
v24450 0.0334361 -0.122468 0.0131629
v24451 0.0444523 -0.111883 0.00731979
v24452 0.0445734 -0.111891 0.00725127
v24453 0.0446976 -0.111897 0.00719371
v24454 0.0449476 -0.111907 0.00708477
v24455 0.0450715 -0.111913 0.00702672
v24456 0.0469436 -0.111987 0.00621276
v24457 0.0484251 -0.112054 0.00552348
v24458 0.0486717 -0.112066 0.00540897
v24459 0.0487959 -0.112071 0.00535478
v24460 0.0490464 -0.112079 0.00525365
v24461 0.0492949 -0.112089 0.00514637
v24462 0.0494197 -0.112093 0.00509456
v24463 0.0495392 -0.112101 0.00502585
v24464 0.0765882 -0.122729 0.00153053
v24465 0.076449 -0.122733 0.00153994
v24466 0.059486 -0.125518 0.00540091
v24467 0.0761711 -0.122741 0.00156016
v24468 0.075894 -0.122749 0.00158211
v24469 0.0756175 -0.122757 0.00160536
v24470 0.0753448 -0.122763 0.00163765
v24471 0.0750721 -0.122769 0.00166981
v24472 0.0748018 -0.122774 0.00170778
v24473 0.0745279 -0.122781 0.00173687
v24474 0.0742527 -0.122788 0.00176245
v24475 0.0739777 -0.122796 0.00178832
v24476 0.0737056 -0.122801 0.00182152
v24477 0.0729028 -0.122813 0.00195345
v24478 0.0726288 -0.12282 0.00198139
v24479 0.0611249 -0.125541 0.00484029
v24480 0.0723576 -0.122826 0.0020163
v24481 0.0720903 -0.12283 0.00206056
v24482 0.0718191 -0.122835 0.00209521
v24483 0.0715423 -0.122843 0.00211548
v24484 0.0497882 -0.11211 0.00492108
v24485 0.0705698 -0.122874 0.00217558
v24486 0.0704347 -0.122877 0.00219371
v24487 0.0621575 -0.125542 0.00456673
v24488 0.0500357 -0.11212 0.00481163
v24489 0.0502803 -0.112133 0.00469312
v24490 0.0505254 -0.112144 0.00457668
v24491 0.0506494 -0.112149 0.00452364
v24492 0.0681135 -0.122935 0.00243422
v24493 0.0678354 -0.122944 0.00244855
v24494 0.0655308 -0.122995 0.00272102
v24495 0.0653984 -0.122997 0.00274545
v24496 0.0633316 -0.125538 0.00429533
v24497 0.065138 -0.122998 0.00280566
v24498 0.0647456 -0.123 0.00289153
v24499 0.0707523 -0.110594 -0.000824715
v24500 0.064481 -0.123003 0.00294055
v24501 0.0704721 -0.110605 -0.000812372
v24502 0.0703348 -0.11061 -0.000799314
v24503 0.064224 -0.123002 0.0030104
v24504 0.0701967 -0.110614 -0.000788021
v24505 0.0639587 -0.123005 0.00305757
v24506 0.0636903 -0.12301 0.00309604
v24507 0.0634268 -0.123013 0.00314802
v24508 0.0649322 -0.125516 0.00402983
v24509 0.063161 -0.123016 0.00319375
v24510 0.0628897 -0.123023 0.0032238
v24511 0.062623 -0.123027 0.00326682
v24512 0.0623583 -0.12303 0.00331517
v24513 0.0620913 -0.123034 0.00335721
v24514 0.0618221 -0.123039 0.00339298
v24515 0.0508996 -0.112157 0.00442413
v24516 0.0602689 -0.12304 0.00378217
v24517 0.0601435 -0.123038 0.00382644
v24518 0.0598971 -0.123031 0.00392726
v24519 0.0596576 -0.123021 0.0040485
v24520 0.0595427 -0.123014 0.00412342
v24521 0.059413 -0.123014 0.00415532
v24522 0.0591574 -0.123012 0.00423081
v24523 0.0589026 -0.12301 0.00430847
v24524 0.058774 -0.123009 0.00434387
v24525 0.0511499 -0.112165 0.00432514
v24526 0.0580074 -0.123003 0.00457143
v24527 0.0578801 -0.123002 0.00461106
v24528 0.0675698 -0.125493 0.00350337
v24529 0.0577525 -0.123001 0.00464949
v24530 0.0574989 -0.122998 0.00473151
v24531 0.0560909 -0.122988 0.00514624
v24532 0.0551975 -0.12298 0.00542026
v24533 0.0544393 -0.122969 0.00567984
v24534 0.0604836 -0.131228 0.00672634
v24535 0.0513987 -0.112174 0.00422193
v24536 0.0514129 -0.122916 0.00675811
v24537 0.0506563 -0.122902 0.00703313
v24538 0.048392 -0.122855 0.00789062
v24539 0.0480088 -0.12285 0.00801621
v24540 0.0477589 -0.122843 0.008119
v24541 0.0475081 -0.122837 0.00821892
v24542 0.0458567 -0.122809 0.00880399
v24543 0.0456032 -0.122804 0.00889718
v24544 0.0454771 -0.122801 0.00894576
v24545 0.0453511 -0.122798 0.00899514
v24546 0.0450972 -0.122794 0.00908708
v24547 0.0594553 -0.131225 0.00701639
v24548 0.0448463 -0.122787 0.00918996
v24549 0.044717 -0.122786 0.00922818
v24550 0.0445879 -0.122785 0.00926686
v24551 0.0442071 -0.122778 0.00940652
v24552 0.0439521 -0.122774 0.00949603
v24553 0.0699148 -0.110627 -0.000780556
v24554 0.0585633 -0.131219 0.00729459
v24555 0.0436943 -0.122771 0.00957549
v24556 0.0434365 -0.122769 0.00965554
v24557 0.0431822 -0.122764 0.00974813
v24558 0.0429282 -0.122759 0.00984199
v24559 0.0426711 -0.122756 0.00992515
v24560 0.0424133 -0.122754 0.0100058
v24561 0.0421577 -0.122749 0.0100948
v24562 0.0417715 -0.122745 0.0102185
v24563 0.041514 -0.122742 0.0103008
v24564 0.0412574 -0.122739 0.0103871
v24565 0.0571844 -0.131199 0.0078043
v24566 0.0409936 -0.12274 0.0104466
v24567 0.040734 -0.122738 0.0105219
v24568 0.0406052 -0.122737 0.0105632
v24569 0.0404759 -0.122735 0.0106029
v24570 0.0402171 -0.122733 0.0106818
v24571 0.0732997 -0.125418 0.00251491
v24572 0.039957 -0.122732 0.0107554
v24573 0.0735743 -0.125411 0.00248858
v24574 0.0397019 -0.122727 0.0108486
v24575 0.0738493 -0.125404 0.0024629
v24576 0.0368969 -0.12267 0.0118966
v24577 0.0741217 -0.125399 0.00243068
v24578 0.0354989 -0.122636 0.0124538
v24579 0.074397 -0.125392 0.00240556
v24580 0.0347308 -0.122621 0.0127402
v24581 0.0746718 -0.125385 0.00237921
v24582 0.058172 -0.112351 0.00171069
v24583 0.0749487 -0.125377 0.00235755
v24584 0.058426 -0.112355 0.00162987
v24585 0.0752267 -0.125369 0.00233866
v24586 0.0613715 -0.112382 0.000783134
v24587 0.0755071 -0.12536 0.00232535
v24588 0.061636 -0.112379 0.000733541
v24589 0.0757888 -0.12535 0.002315
v24590 0.0620256 -0.112379 0.000639201
v24591 0.0622896 -0.112376 0.000588221
v24592 0.0625544 -0.112373 0.000539595
v24593 0.0696367 -0.110638 -0.000763421
v24594 0.0628204 -0.112369 0.000493796
v24595 0.0630884 -0.112363 0.00045373
v24596 0.0767743 -0.125317 0.00227567
v24597 0.0633541 -0.11236 0.000407201
v24598 0.0770574 -0.125307 0.00226763
v24599 0.0636199 -0.112356 0.000361139
v24600 0.0638818 -0.112354 0.000304105
v24601 0.0641439 -0.112353 0.000247874
v24602 0.0693625 -0.110647 -0.000736746
v24603 0.079131 -0.122771 0.00145341
v24604 0.0690904 -0.110654 -0.000704878
v24605 0.0788506 -0.12278 0.00146938
v24606 0.0785704 -0.122789 0.00148599
v24607 0.0782882 -0.122799 0.00149741
v24608 0.0780095 -0.122807 0.0015171
v24609 0.0659696 -0.112347 -0.000170388
v24610 0.0773023 -0.122833 0.00154029
v24611 0.0770202 -0.122843 0.00155099
v24612 0.0757637 -0.122883 0.00162775
v24613 0.075625 -0.122887 0.00163827
v24614 0.0688136 -0.110664 -0.000684947
v24615 0.0714165 -0.122975 0.00217134
v24616 0.06854 -0.110672 -0.000657289
v24617 0.0712837 -0.122977 0.0021957
v24618 0.0682709 -0.110678 -0.000617957
v24619 0.0676998 -0.112321 -0.00046631
v24620 0.0680037 -0.110682 -0.000573697
v24621 0.0690719 -0.123043 0.00235664
v24622 0.0677356 -0.110687 -0.000532034
v24623 0.0688019 -0.123048 0.00239267
v24624 0.0674698 -0.110691 -0.000484308
v24625 0.0685324 -0.123053 0.00242998
v24626 0.0672059 -0.110693 -0.000431538
v24627 0.0683966 -0.123056 0.00244582
v24628 0.0682615 -0.123059 0.0024636
v24629 0.0679844 -0.123068 0.00248059
v24630 0.0678488 -0.123071 0.00249675
v24631 0.0675785 -0.123076 0.00253157
v24632 0.067303 -0.123084 0.00255258
v24633 0.0670233 -0.123095 0.00256206
v24634 0.0662143 -0.123111 0.00266965
v24635 0.0659533 -0.123112 0.00272861
v24636 0.0656829 -0.123118 0.00276242
v24637 0.0646308 -0.123126 0.00297595
v24638 0.0644994 -0.123127 0.00300301
v24639 0.063175 -0.123143 0.00324421
v24640 0.0629048 -0.123149 0.00327763
v24641 0.0705734 -0.131252 0.00489158
v24642 0.0590465 -0.123136 0.00432834
v24643 0.0581586 -0.123126 0.00461295
v24644 0.0572641 -0.123119 0.00488002
v24645 0.0570047 -0.123119 0.00494522
v24646 0.0567495 -0.123117 0.005023
v24647 0.0564948 -0.123114 0.00510239
v24648 0.0563658 -0.123114 0.00513744
v24649 0.0561072 -0.123113 0.00520543
v24650 0.055852 -0.123111 0.00528354
v24651 0.0335874 -0.125099 0.0138047
v24652 0.0337163 -0.125101 0.0137597
v24653 0.0338433 -0.125104 0.0137071
v24654 0.055598 -0.123108 0.0053659
v24655 0.0340989 -0.12511 0.0136082
v24656 0.0553438 -0.123105 0.00544734
v24657 0.0343506 -0.125117 0.0134941
v24658 0.05509 -0.123102 0.00553046
v24659 0.0346091 -0.125121 0.013408
v24660 0.0548385 -0.123098 0.00562092
v24661 0.054585 -0.123094 0.00570525
v24662 0.0349965 -0.125125 0.0132782
v24663 0.0351259 -0.125127 0.0132364
v24664 0.0352543 -0.125129 0.0131903
v24665 0.0518115 -0.123046 0.00669482
v24666 0.0355135 -0.125132 0.0131081
v24667 0.0515526 -0.123045 0.00676444
v24668 0.0357719 -0.125135 0.0130232
v24669 0.0358987 -0.125138 0.0129708
v24670 0.036028 -0.125139 0.012929
v24671 0.0513032 -0.123039 0.00686468
v24672 0.0362852 -0.125143 0.0128393
v24673 0.0510538 -0.123033 0.00696535
v24674 0.0365421 -0.125147 0.012749
v24675 0.0366689 -0.12515 0.0126976
v24676 0.0367953 -0.125153 0.0126443
v24677 0.0508015 -0.123028 0.00705719
v24678 0.0505478 -0.123024 0.00714425
v24679 0.0501752 -0.123014 0.00730157
v24680 0.0372988 -0.125168 0.0124246
v24681 0.049921 -0.12301 0.00738799
v24682 0.0496697 -0.123005 0.00748423
v24683 0.0494198 -0.122998 0.00758519
v24684 0.0486587 -0.122986 0.00785194
v24685 0.0479008 -0.122971 0.00813156
v24686 0.0715825 -0.112178 -0.000720251
v24687 0.0717223 -0.112172 -0.000727261
v24688 0.0412001 -0.111609 0.0087693
v24689 0.0449857 -0.122917 0.00919344
v24690 0.0442218 -0.122904 0.00946421
v24691 0.0433268 -0.122891 0.00976968
v24692 0.038837 -0.125191 0.0118826
v24693 0.0425581 -0.12288 0.0100281
v24694 0.0416547 -0.122872 0.0103083
v24695 0.0398332 -0.122863 0.0108198
v24696 0.0394495 -0.122857 0.0109558
v24697 0.0391909 -0.122854 0.0110357
v24698 0.0390641 -0.122851 0.0110855
v24699 0.0388099 -0.122846 0.0111827
v24700 0.0385597 -0.122837 0.0112959
v24701 0.0383057 -0.122832 0.0113949
v24702 0.0380524 -0.122825 0.011497
v24703 0.0377971 -0.12282 0.0115915
v24704 0.0376714 -0.122816 0.0116467
v24705 0.0375438 -0.122814 0.0116941
v24706 0.0372864 -0.12281 0.0117811
v24707 0.0370315 -0.122805 0.0118783
v24708 0.0369056 -0.122801 0.0119332
v24709 0.0366505 -0.122796 0.0120299
v24710 0.0363975 -0.122789 0.0121356
v24711 0.0624656 -0.110731 0.000540692
v24712 0.0362712 -0.122785 0.0121894
v24713 0.0361442 -0.122782 0.0122406
v24714 0.0358894 -0.122776 0.0123397
v24715 0.0356346 -0.12277 0.0124393
v24716 0.0353793 -0.122765 0.012537
v24717 0.0351239 -0.122759 0.012635
v24718 0.0348676 -0.122754 0.0127294
v24719 0.0344828 -0.122747 0.0128704
v24720 0.0342256 -0.122742 0.012962
v24721 0.0340952 -0.122741 0.0130004
v24722 0.0339657 -0.12274 0.0130426
v24723 0.0337077 -0.122736 0.0131317
v24724 0.0334512 -0.122731 0.0132268
v24725 0.033322 -0.122729 0.0132708
v24726 0.0414522 -0.111618 0.00866176
v24727 0.0415767 -0.111624 0.00860235
v24728 0.0417016 -0.11163 0.00854481
v24729 0.0419498 -0.111643 0.00842395
v24730 0.0451992 -0.111779 0.00697552
v24731 0.0454506 -0.111787 0.00687185
v24732 0.0441562 -0.125144 0.0108274
v24733 0.0456985 -0.111799 0.0067566
v24734 0.0444116 -0.125148 0.0107369
v24735 0.0460725 -0.111814 0.00659199
v24736 0.044668 -0.125151 0.0106503
v24737 0.0463215 -0.111824 0.00648138
v24738 0.0449206 -0.125157 0.0105507
v24739 0.0450475 -0.125159 0.010503
v24740 0.0465714 -0.111834 0.00637435
v24741 0.0763298 -0.122995 0.00162734
v24742 0.0761899 -0.123 0.0016351
v24743 0.0759115 -0.123008 0.00165394
v24744 0.0756323 -0.123017 0.00167065
v24745 0.0458127 -0.125171 0.0102315
v24746 0.0753584 -0.123024 0.00169993
v24747 0.0750838 -0.123031 0.00172759
v24748 0.0748145 -0.123035 0.0017678
v24749 0.0745411 -0.123042 0.00179813
v24750 0.0742675 -0.123048 0.00182765
v24751 0.073989 -0.123057 0.00184509
v24752 0.0737122 -0.123065 0.00186629
v24753 0.072649 -0.123078 0.00206008
v24754 0.0723785 -0.123083 0.00209661
v24755 0.0721104 -0.123087 0.00213906
v24756 0.0718414 -0.123092 0.00217935
v24757 0.0715679 -0.123098 0.00220806
v24758 0.0712982 -0.123103 0.00224617
v24759 0.0468208 -0.111844 0.00626606
v24760 0.0469451 -0.111849 0.00621082
v24761 0.0470714 -0.111853 0.00616214
v24762 0.0473167 -0.111865 0.00604086
v24763 0.0475606 -0.111879 0.00591528
v24764 0.0476824 -0.111886 0.00585239
v24765 0.0479267 -0.111899 0.00572885
v24766 0.048179 -0.111906 0.00563242
v24767 0.0580966 -0.110695 0.00177203
v24768 0.0688151 -0.123175 0.00244032
v24769 0.0662314 -0.123236 0.00272822
v24770 0.0577298 -0.110679 0.00193685
v24771 0.066104 -0.123235 0.00276606
v24772 0.0574792 -0.110672 0.00202917
v24773 0.064917 -0.123246 0.00299776
v24774 0.0572253 -0.110667 0.00211229
v24775 0.0634542 -0.123266 0.00324763
v24776 0.0569753 -0.11066 0.00220725
v24777 0.0633219 -0.123267 0.00327219
v24778 0.0567199 -0.110657 0.00228617
v24779 0.0631889 -0.123269 0.00329471
v24780 0.0564645 -0.110653 0.00236529
v24781 0.0629208 -0.123274 0.00333393
v24782 0.0626503 -0.12328 0.00336638
v24783 0.0623835 -0.123284 0.00340893
v24784 0.0621179 -0.123288 0.00345498
v24785 0.0618455 -0.123294 0.00348188
v24786 0.051014 -0.125259 0.00834606
v24787 0.0610658 -0.123296 0.0036677
v24788 0.0608062 -0.123297 0.00373028
v24789 0.0605548 -0.123293 0.00381661
v24790 0.0604257 -0.123293 0.00385027
v24791 0.0601772 -0.123288 0.00394516
v24792 0.0599248 -0.123284 0.00402916
v24793 0.0598027 -0.12328 0.0040829
v24794 0.0596812 -0.123276 0.00413839
v24795 0.0594373 -0.123268 0.00424756
v24796 0.0584365 -0.12325 0.00461298
v24797 0.0575387 -0.123245 0.00487031
v24798 0.0565116 -0.123239 0.00516298
v24799 0.0556193 -0.123231 0.00544023
v24800 0.0548579 -0.123221 0.00568967
v24801 0.0518291 -0.123171 0.00675923
v24802 0.0530157 -0.125304 0.00754962
v24803 0.0510741 -0.123156 0.00703904
v24804 0.0503168 -0.123142 0.00731368
v24805 0.0495603 -0.123127 0.00759346
v24806 0.0491821 -0.12312 0.00773423
v24807 0.0489256 -0.123117 0.00781405
v24808 0.0562113 -0.110648 0.00245128
v24809 0.0488015 -0.123114 0.00786781
v24810 0.0485518 -0.123107 0.00797041
v24811 0.0482989 -0.123102 0.00806283
v24812 0.0480452 -0.123098 0.00815266
v24813 0.0544084 -0.125325 0.00706418
v24814 0.0545335 -0.125328 0.00701585
v24815 0.0546599 -0.125329 0.00697132
v24816 0.0477917 -0.123094 0.00824356
v24817 0.0549078 -0.125336 0.00686781
v24818 0.0475411 -0.123087 0.00834469
v24819 0.0551594 -0.12534 0.00677575
v24820 0.0552848 -0.125343 0.0067286
v24821 0.0499134 -0.111978 0.00486263
v24822 0.0555407 -0.125345 0.00665008
v24823 0.0451298 -0.123044 0.0092132
v24824 0.0557971 -0.125347 0.00657302
v24825 0.044749 -0.123037 0.00935254
v24826 0.0560471 -0.125352 0.00647719
v24827 0.0444895 -0.123036 0.00942552
v24828 0.0563005 -0.125355 0.00639141
v24829 0.044362 -0.123034 0.00947025
v24830 0.0565539 -0.125358 0.0063061
v24831 0.0442357 -0.123031 0.00951933
v24832 0.0568072 -0.125361 0.0062206
v24833 0.056931 -0.125365 0.00616949
v24834 0.057061 -0.125365 0.00613669
v24835 0.0439814 -0.123026 0.00961136
v24836 0.0573216 -0.125364 0.00607353
v24837 0.0437266 -0.123022 0.0097017
v24838 0.0435996 -0.12302 0.00974881
v24839 0.0577026 -0.125368 0.00594918
v24840 0.0578295 -0.12537 0.00590744
v24841 0.0579514 -0.125374 0.00585125
v24842 0.0434722 -0.123017 0.00979401
v24843 0.0582044 -0.125377 0.00576596
v24844 0.0432155 -0.123014 0.00987819
v24845 0.0584558 -0.125381 0.00567589
v24846 0.0429585 -0.123011 0.0099617
v24847 0.0587084 -0.125384 0.00558994
v24848 0.0427016 -0.123008 0.0100456
v24849 0.0589614 -0.125388 0.00550517
v24850 0.0423187 -0.123002 0.0101811
v24851 0.0592147 -0.125391 0.00542123
v24852 0.0593419 -0.125392 0.00538119
v24853 0.0420589 -0.123 0.010255
v24854 0.0595974 -0.125394 0.00530409
v24855 0.0419295 -0.122999 0.0102939
v24856 0.0598542 -0.125395 0.00523091
v24857 0.041799 -0.122999 0.0103286
v24858 0.0601029 -0.1254 0.00513458
v24859 0.0415377 -0.122998 0.0103973
v24860 0.0603544 -0.125404 0.0050463
v24861 0.0412743 -0.122999 0.0104584
v24862 0.0606013 -0.12541 0.00494524
v24863 0.0410104 -0.123001 0.0105177
v24864 0.060851 -0.125415 0.00485248
v24865 0.0408781 -0.123001 0.0105458
v24866 0.0611045 -0.125417 0.00477098
v24867 0.0407521 -0.122998 0.0105977
v24868 0.0613637 -0.125417 0.00470544
v24869 0.0404931 -0.122996 0.0106753
v24870 0.0384373 -0.122968 0.0113661
v24871 0.0617559 -0.125415 0.004617
v24872 0.0618863 -0.125415 0.00458664
v24873 0.0620137 -0.125416 0.00454795
v24874 0.037041 -0.122935 0.0119183
v24875 0.0622703 -0.125417 0.00447543
v24876 0.035004 -0.122888 0.0127169
v24877 0.062527 -0.125418 0.00440321
v24878 0.0516463 -0.112047 0.00410664
v24879 0.0627896 -0.125416 0.00434774
v24880 0.062922 -0.125415 0.00432304
v24881 0.0630527 -0.125414 0.00429364
v24882 0.0517677 -0.112054 0.00404581
v24883 0.0633137 -0.125413 0.00423364
v24884 0.0520146 -0.112064 0.00393718
v24885 0.0635793 -0.12541 0.00418646
v24886 0.0522622 -0.112073 0.00383151
v24887 0.0638439 -0.125407 0.0041366
v24888 0.052387 -0.112077 0.00378157
v24889 0.0641093 -0.125404 0.00408857
v24890 0.0525146 -0.112079 0.00374082
v24891 0.0643785 -0.125399 0.00405129
v24892 0.0527719 -0.112082 0.00366586
v24893 0.0646542 -0.125391 0.00403135
v24894 0.0530277 -0.112085 0.0035862
v24895 0.0649151 -0.12539 0.00397112
v24896 0.0532824 -0.11209 0.00350354
v24897 0.0651749 -0.12539 0.00390781
v24898 0.0535353 -0.112095 0.00341536
v24899 0.0654415 -0.125386 0.00386298
v24900 0.0539106 -0.112106 0.00327099
v24901 0.0657086 -0.125382 0.00381934
v24902 0.0540355 -0.11211 0.00322238
v24903 0.0659711 -0.125381 0.0037636
v24904 0.0541631 -0.112112 0.00318226
v24905 0.0544171 -0.112116 0.00309815
v24906 0.0546694 -0.112122 0.00300897
v24907 0.0547953 -0.112125 0.0029641
v24908 0.0558321 -0.110639 0.00258218
v24909 0.0549205 -0.112129 0.0029166
v24910 0.0555767 -0.110636 0.00266202
v24911 0.0551721 -0.112135 0.00282598
v24912 0.0671552 -0.125371 0.00351923
v24913 0.0554205 -0.112143 0.00272614
v24914 0.0674196 -0.125369 0.00346842
v24915 0.0555471 -0.112145 0.00268335
v24916 0.0676854 -0.125366 0.00342111
v24917 0.0557901 -0.112157 0.00256745
v24918 0.0560379 -0.112165 0.00246634
v24919 0.0561587 -0.112172 0.00240666
v24920 0.0562824 -0.112176 0.0023559
v24921 0.0791524 -0.123029 0.00153424
v24922 0.0788708 -0.123038 0.00154776
v24923 0.0561449 -0.1312 0.00806799
v24924 0.068751 -0.125352 0.00323799
v24925 0.0785928 -0.123046 0.00156933
v24926 0.0690279 -0.125343 0.00321949
v24927 0.0783108 -0.123056 0.00158146
v24928 0.0780321 -0.123064 0.00160112
v24929 0.0771795 -0.123097 0.00161934
v24930 0.0770391 -0.123102 0.00162624
v24931 0.0767575 -0.123112 0.00163785
v24932 0.0698361 -0.125329 0.0031044
v24933 0.0764768 -0.123121 0.00165147
v24934 0.0740029 -0.123184 0.00189357
v24935 0.0737234 -0.123194 0.00190835
v24936 0.0721205 -0.123216 0.00217864
v24937 0.0691027 -0.123295 0.00246304
v24938 0.0706448 -0.125315 0.00298989
v24939 0.0707803 -0.125312 0.00297249
v24940 0.0553947 -0.131188 0.00835709
v24941 0.0688347 -0.123299 0.00250446
v24942 0.0685606 -0.123307 0.00252991
v24943 0.0682868 -0.123314 0.00255588
v24944 0.068015 -0.12332 0.00258717
v24945 0.0547765 -0.131174 0.00862133
v24946 0.06774 -0.123328 0.00260953
v24947 0.067463 -0.123336 0.0026268
v24948 0.0671825 -0.123347 0.00263444
v24949 0.0668983 -0.123359 0.00263173
v24950 0.0731636 -0.131201 0.00459291
v24951 0.055453 -0.110631 0.00271407
v24952 0.0553243 -0.11063 0.00275105
v24953 0.0732999 -0.131198 0.00457684
v24954 0.0550668 -0.110627 0.00282503
v24955 0.0658563 -0.123363 0.00287312
v24956 0.0655881 -0.123367 0.00291284
v24957 0.0653286 -0.123368 0.0029761
v24958 0.0650677 -0.123369 0.00303538
v24959 0.0648001 -0.123373 0.00307677
v24960 0.0645364 -0.123376 0.00312829
v24961 0.0642759 -0.123377 0.00318898
v24962 0.0640029 -0.123384 0.00321506
v24963 0.0739799 -0.125271 0.00241872
v24964 0.0637292 -0.123391 0.00323916
v24965 0.0635991 -0.123392 0.00326978
v24966 0.061857 -0.123422 0.00352576
v24967 0.0594688 -0.123386 0.00434944
v24968 0.059088 -0.123382 0.00447052
v24969 0.0588304 -0.123381 0.00454036
v24970 0.0585788 -0.123377 0.004628
v24971 0.0583267 -0.123373 0.0047143
v24972 0.0580708 -0.123371 0.00478946
v24973 0.0578119 -0.123371 0.0048561
v24974 0.0576835 -0.12337 0.00489271
v24975 0.0575553 -0.12337 0.00492967
v24976 0.0572982 -0.123369 0.0050017
v24977 0.0569125 -0.123367 0.00511019
v24978 0.0567835 -0.123366 0.00514485
v24979 0.0566549 -0.123366 0.00518111
v24980 0.0563962 -0.123365 0.00524863
v24981 0.0561389 -0.123364 0.00532074
v24982 0.0558874 -0.12336 0.0054105
v24983 0.0556345 -0.123356 0.00549615
v24984 0.0553832 -0.123352 0.00558675
v24985 0.0551287 -0.123349 0.00566794
v24986 0.0550037 -0.123346 0.00571533
v24987 0.0548124 -0.110623 0.00290824
v24988 0.0547482 -0.123344 0.00579388
v24989 0.054561 -0.110616 0.00300105
v24990 0.0544947 -0.123341 0.00587852
v24991 0.0542463 -0.123334 0.00597927
v24992 0.0540544 -0.110605 0.00317548
v24993 0.0781889 -0.125134 0.0022157
v24994 0.0539972 -0.123329 0.00607814
v24995 0.0784729 -0.125123 0.00220853
v24996 0.0537452 -0.123324 0.00616791
v24997 0.0787591 -0.125112 0.00220625
v24998 0.053496 -0.123318 0.00626704
v24999 0.0790351 -0.125105 0.00217968
v25000 0.053238 -0.123317 0.00633874
v25001 0.0528591 -0.123311 0.0064721
v25002 0.0538048 -0.110597 0.00327445
v25003 0.0536799 -0.110593 0.00332357
v25004 0.0527344 -0.123308 0.00652168
v25005 0.0534301 -0.110585 0.0034222
v25006 0.0526106 -0.123304 0.00657449
v25007 0.0531827 -0.110575 0.0035288
v25008 0.0523565 -0.123301 0.00665893
v25009 0.0529301 -0.110569 0.00361937
v25010 0.0521006 -0.123299 0.00673826
v25011 0.0519744 -0.123296 0.00678365
v25012 0.0513382 -0.123288 0.00699393
v25013 0.0510879 -0.123282 0.007092
v25014 0.0507113 -0.123275 0.00723556
v25015 0.0504582 -0.12327 0.00732523
v25016 0.0490716 -0.123243 0.00784025
v25017 0.0483114 -0.12323 0.00811209
v25018 0.0429724 -0.123138 0.0100169
v25019 0.0422064 -0.123125 0.010287
v25020 0.040242 -0.123125 0.0107868
v25021 0.0401113 -0.123125 0.0108213
v25022 0.03998 -0.123125 0.0108536
v25023 0.0397218 -0.123122 0.0109349
v25024 0.0394627 -0.12312 0.0110129
v25025 0.0392061 -0.123116 0.0111007
v25026 0.0390779 -0.123114 0.0111448
v25027 0.0388205 -0.123111 0.0112301
v25028 0.0385707 -0.123103 0.0113447
v25029 0.0384443 -0.123099 0.0113964
v25030 0.0383183 -0.123096 0.0114498
v25031 0.0380669 -0.123088 0.0115591
v25032 0.0378098 -0.123084 0.0116466
v25033 0.0375586 -0.123077 0.0117574
v25034 0.0373035 -0.123071 0.0118536
v25035 0.0371743 -0.12307 0.0118953
v25036 0.036921 -0.123063 0.0119988
v25037 0.0366672 -0.123057 0.0121007
v25038 0.0364123 -0.123051 0.0121989
v25039 0.0361594 -0.123044 0.0123053
v25040 0.0359065 -0.123037 0.012412
v25041 0.035779 -0.123035 0.0124614
v25042 0.0488213 -0.110414 0.00534561
v25043 0.0356538 -0.12303 0.0125198
v25044 0.0485738 -0.110403 0.00545859
v25045 0.0353969 -0.123026 0.0126115
v25046 0.0351406 -0.123021 0.0127057
v25047 0.0347564 -0.123013 0.0128486
v25048 0.034501 -0.123008 0.0129474
v25049 0.0343717 -0.123006 0.0129903
v25050 0.0342425 -0.123004 0.0130335
v25051 0.0339846 -0.123 0.0131224
v25052 0.0337248 -0.122998 0.0132041
v25053 0.0335954 -0.122996 0.0132468
v25054 0.0679687 -0.112181 -0.000518399
v25055 0.068238 -0.112176 -0.000556062
v25056 0.0685104 -0.112168 -0.000586005
v25057 0.0687886 -0.112157 -0.000601088
v25058 0.0690682 -0.112145 -0.000612878
v25059 0.0692076 -0.11214 -0.000619897
v25060 0.0694858 -0.112129 -0.000635492
v25061 0.0697684 -0.112116 -0.000640048
v25062 0.0700484 -0.112104 -0.00065182
v25063 0.0703281 -0.112092 -0.000664188
v25064 0.0706091 -0.11208 -0.000673682
v25065 0.0708865 -0.11207 -0.000692671
v25066 0.0711616 -0.112061 -0.00071743
v25067 0.0781796 -0.12319 0.00162571
v25068 0.0780394 -0.123195 0.00163338
v25069 0.0771895 -0.123226 0.00165811
v25070 0.0759289 -0.123268 0.00172546
v25071 0.0756514 -0.123276 0.00174625
v25072 0.0753706 -0.123285 0.00175896
v25073 0.0370355 -0.125032 0.0124863
v25074 0.0371614 -0.125035 0.0124316
v25075 0.0750954 -0.123293 0.001785
v25076 0.0374156 -0.125041 0.0123319
v25077 0.0748275 -0.123297 0.00182876
v25078 0.0376662 -0.125049 0.0122181
v25079 0.0377919 -0.125052 0.0121631
v25080 0.0379214 -0.125053 0.0121234
v25081 0.0745521 -0.123304 0.00185408
v25082 0.0381761 -0.125058 0.0120266
v25083 0.0742796 -0.12331 0.00188628
v25084 0.0384296 -0.125064 0.0119254
v25085 0.0385595 -0.125065 0.0118874
v25086 0.0386898 -0.125066 0.0118507
v25087 0.0741424 -0.123313 0.00189988
v25088 0.0389544 -0.125064 0.0117931
v25089 0.0740119 -0.123314 0.00193027
v25090 0.0392238 -0.125059 0.0117537
v25091 0.073734 -0.123322 0.00194886
v25092 0.039494 -0.125054 0.0117174
v25093 0.0726692 -0.123335 0.00213889
v25094 0.0397662 -0.125048 0.0116885
v25095 0.0723996 -0.12334 0.0021777
v25096 0.0721323 -0.123344 0.00222218
v25097 0.0718666 -0.123347 0.00227061
v25098 0.0483298 -0.110389 0.00558311
v25099 0.0715953 -0.123353 0.00230503
v25100 0.0480835 -0.110376 0.00570057
v25101 0.0713249 -0.123358 0.00234141
v25102 0.0478351 -0.110366 0.00581178
v25103 0.0710542 -0.123363 0.00237715
v25104 0.0707848 -0.123368 0.00241605
v25105 0.047467 -0.110346 0.00599409
v25106 0.0705086 -0.123376 0.00243722
v25107 0.047217 -0.110336 0.00610084
v25108 0.0702335 -0.123384 0.00246118
v25109 0.0469715 -0.110323 0.00622296
v25110 0.0420764 -0.111509 0.00836786
v25111 0.0467199 -0.110314 0.00632516
v25112 0.0426972 -0.11154 0.00806925
v25113 0.0464735 -0.110301 0.00644523
v25114 0.0463469 -0.110297 0.00649381
v25115 0.0462219 -0.110292 0.00654807
v25116 0.0428231 -0.111544 0.00801606
v25117 0.0654712 -0.123495 0.00299151
v25118 0.0641511 -0.123508 0.00324625
v25119 0.0640153 -0.123511 0.0032611
v25120 0.0624078 -0.123539 0.00350023
v25121 0.0726999 -0.110655 -0.00093742
v25122 0.0622725 -0.123542 0.0035162
v25123 0.0724246 -0.110663 -0.000911479
v25124 0.062142 -0.123542 0.00354583
v25125 0.0721482 -0.110673 -0.000888463
v25126 0.0618742 -0.123547 0.00358568
v25127 0.0616105 -0.123549 0.00363686
v25128 0.0613532 -0.123549 0.00370607
v25129 0.0609655 -0.123548 0.00380532
v25130 0.0607061 -0.123549 0.00386881
v25131 0.060454 -0.123545 0.00395356
v25132 0.060206 -0.12354 0.00404973
v25133 0.0600848 -0.123536 0.00410629
v25134 0.0596077 -0.123515 0.00435479
v25135 0.058717 -0.123506 0.0046311
v25136 0.0579571 -0.123497 0.00487987
v25137 0.0454163 -0.125038 0.0103124
v25138 0.0560336 -0.123485 0.00543719
v25139 0.0552736 -0.123475 0.00569069
v25140 0.0543884 -0.123462 0.00599347
v25141 0.0537604 -0.12345 0.00622441
v25142 0.0522474 -0.123424 0.0067672
v25143 0.0718704 -0.110683 -0.000868924
v25144 0.0507285 -0.123399 0.00729937
v25145 0.0502245 -0.123389 0.00748625
v25146 0.0499741 -0.123384 0.00758515
v25147 0.0497199 -0.12338 0.00767212
v25148 0.0494683 -0.123375 0.00776799
v25149 0.049214 -0.123371 0.00785476
v25150 0.0490876 -0.123369 0.00790089
v25151 0.048836 -0.123363 0.00799719
v25152 0.0485836 -0.123358 0.00809119
v25153 0.047825 -0.123344 0.00836999
v25154 0.0475725 -0.123339 0.00846465
v25155 0.0471978 -0.123329 0.0086213
v25156 0.047072 -0.123326 0.00867043
v25157 0.0469461 -0.123323 0.00871927
v25158 0.0438296 -0.111581 0.00759186
v25159 0.0439558 -0.111586 0.00754094
v25160 0.0447011 -0.11162 0.00719388
v25161 0.0449509 -0.11163 0.00708373
v25162 0.0450372 -0.123292 0.009392
v25163 0.0447807 -0.123288 0.00947567
v25164 0.0440102 -0.12328 0.00972492
v25165 0.0432479 -0.123265 0.0100055
v25166 0.0412978 -0.123256 0.0105543
v25167 0.0379467 -0.123217 0.011638
v25168 0.0365473 -0.123186 0.012182
v25169 0.0351476 -0.123153 0.0127354
v25170 0.0336031 -0.123127 0.0132794
v25171 0.0334739 -0.123126 0.0133231
v25172 0.0452011 -0.11164 0.00697579
v25173 0.0457025 -0.111659 0.00676387
v25174 0.0484278 -0.11178 0.00551706
v25175 0.0486764 -0.11179 0.00540894
v25176 0.0488004 -0.111795 0.00535399
v25177 0.0671968 -0.110833 -0.000442229
v25178 0.0490466 -0.111806 0.0052387
v25179 0.0669323 -0.110836 -0.000391484
v25180 0.0492959 -0.111815 0.00513383
v25181 0.0666619 -0.110842 -0.00035614
v25182 0.0495405 -0.111828 0.00501413
v25183 0.0664002 -0.110844 -0.000297838
v25184 0.0497898 -0.111837 0.00491004
v25185 0.0499144 -0.111841 0.00485789
v25186 0.0500362 -0.111848 0.00479675
v25187 0.0502808 -0.11186 0.00467817
v25188 0.050527 -0.111871 0.00456532
v25189 0.0506508 -0.111876 0.0045111
v25190 0.0521191 -0.125162 0.00782058
v25191 0.0508973 -0.111887 0.00439977
v25192 0.0780478 -0.123325 0.00166847
v25193 0.0777675 -0.123334 0.00168428
v25194 0.077485 -0.123344 0.00169437
v25195 0.0772008 -0.123355 0.00170026
v25196 0.0528758 -0.125175 0.00754339
v25197 0.0769207 -0.123364 0.00171559
v25198 0.0766401 -0.123373 0.00172971
v25199 0.0764993 -0.123378 0.00173542
v25200 0.0762151 -0.123389 0.00174035
v25201 0.0661339 -0.110847 -0.000251655
v25202 0.0744263 -0.123436 0.00191022
v25203 0.0658654 -0.110853 -0.00021158
v25204 0.0511468 -0.111895 0.00429835
v25205 0.0513957 -0.111904 0.00419526
v25206 0.0709317 -0.123494 0.00244145
v25207 0.0707993 -0.123495 0.00246674
v25208 0.0516467 -0.111911 0.00409911
v25209 0.0691326 -0.123548 0.00256739
v25210 0.0688652 -0.123552 0.00261052
v25211 0.0685843 -0.123562 0.00261829
v25212 0.0683087 -0.12357 0.00263959
v25213 0.0680394 -0.123575 0.00267725
v25214 0.0671959 -0.123607 0.00269544
v25215 0.0669198 -0.123616 0.0027144
v25216 0.0661441 -0.123615 0.00291116
v25217 0.0658888 -0.123614 0.00298579
v25218 0.0656225 -0.123618 0.00303058
v25219 0.0653603 -0.123619 0.00308673
v25220 0.0559066 -0.125223 0.00646828
v25221 0.065097 -0.123621 0.00313947
v25222 0.0648285 -0.123626 0.0031784
v25223 0.0645626 -0.12363 0.00322427
v25224 0.0644286 -0.123632 0.00324442
v25225 0.0642995 -0.123632 0.00327773
v25226 0.0566656 -0.125233 0.0062085
v25227 0.0640278 -0.123638 0.00330754
v25228 0.063755 -0.123645 0.00333427
v25229 0.0634929 -0.123647 0.00339039
v25230 0.0632308 -0.123649 0.00344622
v25231 0.0629644 -0.123652 0.00349052
v25232 0.0628322 -0.123654 0.00351534
v25233 0.0575585 -0.125242 0.00592938
v25234 0.0626958 -0.123657 0.0035284
v25235 0.0612415 -0.123673 0.00380036
v25236 0.0603459 -0.123668 0.00405812
v25237 0.0602238 -0.123664 0.00411192
v25238 0.0599779 -0.123658 0.0042147
v25239 0.0583096 -0.125256 0.00564992
v25240 0.0597411 -0.123646 0.00434412
v25241 0.0596224 -0.123641 0.00440802
v25242 0.0591127 -0.123636 0.00456374
v25243 0.0589866 -0.123634 0.0046065
v25244 0.05886 -0.123633 0.00464817
v25245 0.0590657 -0.125267 0.00538733
v25246 0.0586055 -0.12363 0.00472729
v25247 0.0583522 -0.123627 0.00481029
v25248 0.0581011 -0.123623 0.00489963
v25249 0.0578446 -0.123622 0.00497346
v25250 0.0574594 -0.12362 0.00508311
v25251 0.0572003 -0.123619 0.00514975
v25252 0.0599558 -0.125275 0.00510598
v25253 0.0569463 -0.123617 0.00523119
v25254 0.0566887 -0.123616 0.00530232
v25255 0.0564315 -0.123614 0.00537473
v25256 0.0563048 -0.123613 0.00541671
v25257 0.0561778 -0.123611 0.00545792
v25258 0.0607099 -0.125287 0.00484132
v25259 0.0559257 -0.123607 0.0055459
v25260 0.0556718 -0.123604 0.0056286
v25261 0.0554184 -0.123601 0.00571313
v25262 0.0552916 -0.123599 0.00575536
v25263 0.0550391 -0.123595 0.00584295
v25264 0.0547841 -0.123593 0.00592299
v25265 0.0616046 -0.125292 0.00457694
v25266 0.0546579 -0.123591 0.00596721
v25267 0.0545321 -0.123589 0.0060124
v25268 0.0542812 -0.123584 0.0061056
v25269 0.0540286 -0.12358 0.00619373
v25270 0.0539029 -0.123577 0.00623972
v25271 0.053777 -0.123575 0.00628532
v25272 0.0533956 -0.12357 0.00641052
v25273 0.0626414 -0.125292 0.00431663
v25274 0.0531386 -0.123569 0.00648544
v25275 0.0530144 -0.123566 0.00653654
v25276 0.0528888 -0.123563 0.00658339
v25277 0.0526408 -0.123556 0.00668724
v25278 0.0523929 -0.12355 0.00679162
v25279 0.0521383 -0.123546 0.0068753
v25280 0.0508726 -0.123526 0.00731947
v25281 0.0501155 -0.123512 0.00759662
v25282 0.0449259 -0.123415 0.00949937
v25283 0.0565335 -0.112047 0.00225496
v25284 0.0640975 -0.125276 0.00404404
v25285 0.0567857 -0.112052 0.00216756
v25286 0.0428761 -0.123387 0.0101857
v25287 0.042621 -0.123383 0.0102764
v25288 0.0423612 -0.123382 0.0103503
v25289 0.0421009 -0.123381 0.0104229
v25290 0.0418429 -0.123378 0.0105039
v25291 0.0415778 -0.12338 0.0105586
v25292 0.0413118 -0.123383 0.0106103
v25293 0.0410493 -0.123383 0.0106749
v25294 0.0407885 -0.123382 0.0107459
v25295 0.0655571 -0.125259 0.00378028
v25296 0.0656937 -0.125256 0.00376679
v25297 0.0405246 -0.123383 0.0108055
v25298 0.0403929 -0.123384 0.0108364
v25299 0.0402625 -0.123383 0.0108718
v25300 0.0400006 -0.123383 0.0109392
v25301 0.0396112 -0.123381 0.0110529
v25302 0.0394816 -0.12338 0.0110917
v25303 0.0393515 -0.123379 0.0111288
v25304 0.0390948 -0.123375 0.0112162
v25305 0.0388371 -0.123372 0.0113004
v25306 0.0387126 -0.123368 0.0113591
v25307 0.038587 -0.123364 0.0114136
v25308 0.0383345 -0.123357 0.0115186
v25309 0.0380828 -0.12335 0.0116265
v25310 0.037825 -0.123347 0.0117114
v25311 0.0375721 -0.12334 0.0118157
v25312 0.0373178 -0.123334 0.0119146
v25313 0.0371885 -0.123333 0.0119559
v25314 0.036935 -0.123327 0.0120588
v25315 0.0534083 -0.131146 0.0091846
v25316 0.0366825 -0.12332 0.0121657
v25317 0.0364285 -0.123313 0.0122675
v25318 0.036174 -0.123308 0.0123672
v25319 0.0359205 -0.123301 0.0124718
v25320 0.035668 -0.123294 0.0125805
v25321 0.0354112 -0.123289 0.0126726
v25322 0.0352831 -0.123287 0.0127195
v25323 0.0350267 -0.123282 0.0128137
v25324 0.034771 -0.123277 0.0129105
v25325 0.0345143 -0.123272 0.0130041
v25326 0.0342558 -0.123269 0.0130903
v25327 0.0569107 -0.112056 0.00212081
v25328 0.0570409 -0.112056 0.00208943
v25329 0.0574186 -0.112064 0.00195752
v25330 0.0576714 -0.112069 0.00187264
v25331 0.057921 -0.112076 0.00177855
v25332 0.0581808 -0.112076 0.00171451
v25333 0.0584338 -0.11208 0.00163082
v25334 0.05856 -0.112083 0.00158809
v25335 0.06111 -0.112114 0.000817901
v25336 0.0612427 -0.112112 0.000794182
v25337 0.0613744 -0.112111 0.000767909
v25338 0.0616405 -0.112107 0.00072266
v25339 0.0620325 -0.112105 0.000634656
v25340 0.051886 -0.131128 0.0097144
v25341 0.0622973 -0.112102 0.000585741
v25342 0.0625622 -0.112099 0.000537128
v25343 0.0637732 -0.110861 0.000258157
v25344 0.0636413 -0.110862 0.000284602
v25345 0.0635083 -0.110864 0.000307782
v25346 0.0628267 -0.112096 0.000487182
v25347 0.0630902 -0.112093 0.000434407
v25348 0.0633565 -0.112089 0.0003895
v25349 0.0636236 -0.112085 0.000346694
v25350 0.0638877 -0.112082 0.000295465
v25351 0.0632421 -0.110868 0.000354001
v25352 0.0640191 -0.112081 0.000268132
v25353 0.0641504 -0.11208 0.000240745
v25354 0.0659748 -0.112075 -0.000182216
v25355 0.073568 -0.125148 0.00244443
v25356 0.0737051 -0.125144 0.00243074
v25357 0.0674281 -0.11206 -0.000461312
v25358 0.0676984 -0.112053 -0.000496288
v25359 0.0741103 -0.125137 0.00237406
v25360 0.0755276 -0.12354 0.00182238
v25361 0.0743843 -0.12513 0.00234556
v25362 0.0753862 -0.123545 0.00182608
v25363 0.0746565 -0.125125 0.00231276
v25364 0.0751081 -0.123554 0.0018451
v25365 0.0749313 -0.125118 0.00228608
v25366 0.0748397 -0.123558 0.00188766
v25367 0.0752097 -0.12511 0.00226799
v25368 0.0747062 -0.12356 0.0019106
v25369 0.0754884 -0.125101 0.00225044
v25370 0.0745682 -0.123563 0.00192234
v25371 0.075766 -0.125093 0.00223018
v25372 0.0743004 -0.123567 0.00196633
v25373 0.0760456 -0.125084 0.00221465
v25374 0.0740328 -0.123571 0.00201046
v25375 0.0763272 -0.125075 0.00220351
v25376 0.0737559 -0.123579 0.00203162
v25377 0.0734816 -0.123586 0.00205912
v25378 0.073215 -0.12359 0.00210562
v25379 0.0769013 -0.125051 0.00220686
v25380 0.0681041 -0.112044 -0.000548505
v25381 0.077182 -0.125042 0.00219301
v25382 0.0629819 -0.110868 0.000416272
v25383 0.0718923 -0.123602 0.00236328
v25384 0.0716206 -0.123608 0.0023968
v25385 0.0625884 -0.11087 0.000501417
v25386 0.0713494 -0.123614 0.00243132
v25387 0.0623265 -0.110872 0.000559263
v25388 0.0712161 -0.123615 0.00245443
v25389 0.0710819 -0.123618 0.00247503
v25390 0.0708141 -0.123622 0.00251809
v25391 0.0705401 -0.123629 0.00254505
v25392 0.0702644 -0.123636 0.00256757
v25393 0.0788893 -0.124978 0.00215928
v25394 0.0790267 -0.124975 0.00214453
v25395 0.0699907 -0.123643 0.00259529
v25396 0.0697096 -0.123653 0.00260343
v25397 0.0620628 -0.110874 0.000612012
v25398 0.0680532 -0.123702 0.00272652
v25399 0.0617992 -0.110876 0.000665287
v25400 0.067202 -0.123738 0.00272444
v25401 0.0615306 -0.110882 0.000704289
v25402 0.0660327 -0.12374 0.00300461
v25403 0.0612722 -0.110881 0.00077214
v25404 0.0647108 -0.123754 0.00325505
v25405 0.0610103 -0.110882 0.000830044
v25406 0.0615167 -0.123798 0.00379287
v25407 0.0607492 -0.110883 0.000890222
v25408 0.0582372 -0.123754 0.00489656
v25409 0.0604884 -0.110883 0.000951013
v25410 0.0574753 -0.123745 0.00514066
v25411 0.0602325 -0.11088 0.00102601
v25412 0.0556891 -0.123729 0.00569098
v25413 0.0599744 -0.110879 0.00109508
v25414 0.0549296 -0.123718 0.00594765
v25415 0.0597195 -0.110876 0.00117301
v25416 0.0532793 -0.123697 0.00649522
v25417 0.0594698 -0.110869 0.00126602
v25418 0.0525277 -0.123681 0.00678247
v25419 0.0592187 -0.110863 0.00135546
v25420 0.0590923 -0.11086 0.00139753
v25421 0.0519048 -0.123666 0.00703477
v25422 0.0588429 -0.110853 0.00149208
v25423 0.0512688 -0.123657 0.00724711
v25424 0.0585933 -0.110846 0.00158628
v25425 0.0584726 -0.11084 0.00164537
v25426 0.0583477 -0.110836 0.00169231
v25427 0.0510177 -0.123652 0.00734295
v25428 0.0507657 -0.123647 0.00743604
v25429 0.0505098 -0.123645 0.00751707
v25430 0.0578419 -0.110826 0.00186266
v25431 0.0500078 -0.123634 0.0077114
v25432 0.0496283 -0.123627 0.00784778
v25433 0.0488701 -0.123613 0.00812553
v25434 0.0474831 -0.123584 0.00865079
v25435 0.0472303 -0.123579 0.00874527
v25436 0.046977 -0.123575 0.00883834
v25437 0.0715795 -0.111911 -0.000755847
v25438 0.0717197 -0.111905 -0.00076204
v25439 0.0720032 -0.111892 -0.000766405
v25440 0.0334429 -0.124834 0.0137834
v25441 0.0335722 -0.124836 0.0137402
v25442 0.0728572 -0.11185 -0.000772806
v25443 0.033829 -0.124841 0.0136462
v25444 0.0730002 -0.111843 -0.000772637
v25445 0.0340852 -0.124846 0.0135501
v25446 0.0342131 -0.124848 0.0135014
v25447 0.034339 -0.124852 0.0134442
v25448 0.0427642 -0.123511 0.0102928
v25449 0.0418555 -0.123506 0.0105547
v25450 0.0347259 -0.124857 0.0133118
v25451 0.04067 -0.12351 0.01083
v25452 0.0349829 -0.124862 0.0132203
v25453 0.0360542 -0.123436 0.0124493
v25454 0.0352416 -0.124864 0.013136
v25455 0.0346519 -0.123405 0.0129964
v25456 0.0355002 -0.124867 0.0130512
v25457 0.0340053 -0.123396 0.0132107
v25458 0.0357577 -0.124871 0.0129623
v25459 0.0338751 -0.123395 0.0132498
v25460 0.0360115 -0.124877 0.0128591
v25461 0.0337461 -0.123393 0.0132946
v25462 0.0362669 -0.124882 0.0127624
v25463 0.0334896 -0.123388 0.01339
v25464 0.036522 -0.124887 0.0126649
v25465 0.0450772 -0.111497 0.00702777
v25466 0.0454548 -0.11151 0.00687357
v25467 0.0457054 -0.111519 0.00676745
v25468 0.04583 -0.111525 0.00671191
v25469 0.0460768 -0.111537 0.00659326
v25470 0.0463248 -0.111548 0.00647922
v25471 0.0465727 -0.111559 0.00636534
v25472 0.0468227 -0.111569 0.00625864
v25473 0.0469476 -0.111573 0.00620521
v25474 0.0470714 -0.111579 0.00614835
v25475 0.0473203 -0.111589 0.00603867
v25476 0.0475672 -0.111601 0.00592317
v25477 0.0476899 -0.111607 0.00586295
v25478 0.0479343 -0.11162 0.00573924
v25479 0.0481828 -0.111631 0.00563007
v25480 0.0484289 -0.111642 0.00551315
v25481 0.0775029 -0.123603 0.0017672
v25482 0.0772217 -0.123613 0.0017803
v25483 0.0769418 -0.123622 0.00179623
v25484 0.0766609 -0.123631 0.00180957
v25485 0.0763798 -0.123641 0.00182222
v25486 0.0760947 -0.123652 0.00182482
v25487 0.0759537 -0.123657 0.00182992
v25488 0.0749808 -0.123686 0.0018978
v25489 0.0716304 -0.123737 0.00243541
v25490 0.0687523 -0.123811 0.00271247
v25491 0.0400291 -0.124911 0.0116204
v25492 0.0686064 -0.123818 0.00270215
v25493 0.0684722 -0.123821 0.00272237
v25494 0.0683383 -0.123823 0.00274318
v25495 0.0680729 -0.123826 0.00279124
v25496 0.0517701 -0.111781 0.00403578
v25497 0.0520194 -0.111789 0.0039347
v25498 0.06722 -0.123862 0.00278515
v25499 0.0522674 -0.111798 0.00382965
v25500 0.05239 -0.111804 0.00377324
v25501 0.0525174 -0.111806 0.00373143
v25502 0.0656592 -0.123867 0.00315456
v25503 0.0653911 -0.123871 0.00319484
v25504 0.0651232 -0.123876 0.00323524
v25505 0.06499 -0.123877 0.00325774
v25506 0.0648552 -0.12388 0.00327573
v25507 0.0645881 -0.123884 0.00331825
v25508 0.0643255 -0.123886 0.0033732
v25509 0.0640581 -0.12389 0.00341483
v25510 0.0637864 -0.123897 0.00344482
v25511 0.0635194 -0.123901 0.00348745
v25512 0.0632529 -0.123905 0.00353134
v25513 0.0628623 -0.123906 0.0036226
v25514 0.0625997 -0.123908 0.00367738
v25515 0.0623373 -0.12391 0.00373252
v25516 0.062069 -0.123914 0.0037714
v25517 0.0619332 -0.123918 0.00378593
v25518 0.061798 -0.12392 0.00380229
v25519 0.0615303 -0.123925 0.00384273
v25520 0.0612715 -0.123925 0.00390809
v25521 0.0610154 -0.123924 0.00398106
v25522 0.0607589 -0.123923 0.00405304
v25523 0.0606337 -0.12392 0.00409787
v25524 0.0605089 -0.123918 0.00414372
v25525 0.0602605 -0.123913 0.00423945
v25526 0.0600155 -0.123906 0.00434493
v25527 0.0598909 -0.123903 0.00439184
v25528 0.0596465 -0.123896 0.00449954
v25529 0.059392 -0.123893 0.00457853
v25530 0.0531744 -0.110717 0.00351222
v25531 0.0592653 -0.123892 0.00461955
v25532 0.0591414 -0.123889 0.00466877
v25533 0.05889 -0.123885 0.00475707
v25534 0.052675 -0.1107 0.00371168
v25535 0.0586386 -0.123881 0.00484534
v25536 0.0524228 -0.110694 0.00380384
v25537 0.0585114 -0.12388 0.00488533
v25538 0.0521706 -0.110687 0.00389647
v25539 0.0583834 -0.123879 0.00492299
v25540 0.0580039 -0.123874 0.00504923
v25541 0.0517894 -0.110679 0.00402632
v25542 0.0516657 -0.110674 0.00408043
v25543 0.0515417 -0.110669 0.00413365
v25544 0.0577505 -0.123871 0.00513233
v25545 0.0512952 -0.110658 0.0042454
v25546 0.057623 -0.12387 0.00517161
v25547 0.0510459 -0.110649 0.00434844
v25548 0.0574938 -0.123869 0.00520596
v25549 0.0507963 -0.11064 0.00445078
v25550 0.0572338 -0.12387 0.00526971
v25551 0.0505483 -0.11063 0.00455863
v25552 0.0504261 -0.110624 0.00461847
v25553 0.0569806 -0.123866 0.00535396
v25554 0.0501779 -0.110614 0.00472629
v25555 0.0567239 -0.123865 0.00542799
v25556 0.0499299 -0.110603 0.00483494
v25557 0.049807 -0.110597 0.00489308
v25558 0.0496841 -0.110591 0.00495115
v25559 0.0564726 -0.123861 0.00551816
v25560 0.0494365 -0.110581 0.005062
v25561 0.0562179 -0.123858 0.00559866
v25562 0.0491885 -0.11057 0.00517199
v25563 0.0559653 -0.123854 0.00568542
v25564 0.0558366 -0.123854 0.00572157
v25565 0.0555797 -0.123852 0.00579545
v25566 0.0553268 -0.123848 0.00588186
v25567 0.0550748 -0.123844 0.00597129
v25568 0.0548203 -0.123841 0.00605298
v25569 0.05457 -0.123836 0.00614809
v25570 0.0543181 -0.123832 0.00623843
v25571 0.0539387 -0.123826 0.00636933
v25572 0.0536829 -0.123824 0.0064482
v25573 0.0535579 -0.123821 0.00649642
v25574 0.0534298 -0.12382 0.00653526
v25575 0.0531756 -0.123817 0.00661958
v25576 0.0529228 -0.123813 0.00670816
v25577 0.0526715 -0.123808 0.00680182
v25578 0.0512882 -0.123781 0.0073176
v25579 0.0505272 -0.123769 0.0075817
v25580 0.046964 -0.110466 0.00620475
v25581 0.0527746 -0.111809 0.00365607
v25582 0.0497714 -0.123754 0.00786439
v25583 0.0530299 -0.111813 0.0035747
v25584 0.0532874 -0.111815 0.00350045
v25585 0.0535426 -0.111819 0.0034191
v25586 0.0539184 -0.11183 0.00327578
v25587 0.0476249 -0.123713 0.00866303
v25588 0.0524745 -0.125046 0.00760039
v25589 0.0526026 -0.125048 0.00756054
v25590 0.0468642 -0.123699 0.00893894
v25591 0.0540421 -0.111834 0.00322362
v25592 0.0541681 -0.111837 0.00317839
v25593 0.0544185 -0.111845 0.0030832
v25594 0.0546762 -0.111847 0.00301034
v25595 0.0548043 -0.111848 0.00297166
v25596 0.0549317 -0.11185 0.00293116
v25597 0.0458482 -0.110413 0.00672191
v25598 0.0457239 -0.110408 0.00677891
v25599 0.0455997 -0.110402 0.0068362
v25600 0.0551845 -0.111856 0.00284374
v25601 0.0554342 -0.111863 0.00274737
v25602 0.055686 -0.111869 0.00265738
v25603 0.0558097 -0.111873 0.00260618
v25604 0.056054 -0.111884 0.00249417
v25605 0.054624 -0.12508 0.00684193
v25606 0.0562973 -0.111896 0.00237979
v25607 0.0565406 -0.111907 0.00226549
v25608 0.0421294 -0.123634 0.0105367
v25609 0.0416061 -0.123634 0.0106723
v25610 0.0552517 -0.125092 0.00660815
v25611 0.0413428 -0.123634 0.0107338
v25612 0.0555053 -0.125095 0.00652283
v25613 0.0556331 -0.125096 0.00648306
v25614 0.0557601 -0.125098 0.00644118
v25615 0.0410814 -0.123634 0.0108029
v25616 0.0560127 -0.125101 0.00635311
v25617 0.0409498 -0.123634 0.0108341
v25618 0.0562669 -0.125104 0.00627027
v25619 0.0406862 -0.123635 0.0108948
v25620 0.0565202 -0.125108 0.00618477
v25621 0.0404184 -0.123639 0.0109399
v25622 0.0567753 -0.12511 0.00610474
v25623 0.0401545 -0.12364 0.0109995
v25624 0.039893 -0.12364 0.0110683
v25625 0.0571564 -0.125114 0.00598047
v25626 0.0572842 -0.125115 0.0059415
v25627 0.0574116 -0.125116 0.00590143
v25628 0.0397649 -0.123638 0.0111128
v25629 0.0576647 -0.12512 0.00581596
v25630 0.0396336 -0.123638 0.0111452
v25631 0.0579149 -0.125125 0.00572232
v25632 0.0580399 -0.125127 0.00567524
v25633 0.0581664 -0.125129 0.00563282
v25634 0.0393697 -0.123639 0.0112051
v25635 0.0584204 -0.125131 0.00555078
v25636 0.0391122 -0.123636 0.0112898
v25637 0.0586725 -0.125135 0.00546339
v25638 0.0388534 -0.123634 0.0113695
v25639 0.058924 -0.125139 0.00537441
v25640 0.0590507 -0.12514 0.00533283
v25641 0.0386026 -0.123626 0.0114804
v25642 0.0593042 -0.125143 0.0052501
v25643 0.0383496 -0.12362 0.011583
v25644 0.0595587 -0.125146 0.00517022
v25645 0.059685 -0.125147 0.0051275
v25646 0.0598117 -0.125149 0.00508627
v25647 0.0382294 -0.123612 0.0116587
v25648 0.0600627 -0.125153 0.0049967
v25649 0.0381007 -0.12361 0.011702
v25650 0.060314 -0.125157 0.00490836
v25651 0.0604391 -0.125159 0.0048625
v25652 0.0378443 -0.123606 0.0117922
v25653 0.0375911 -0.1236 0.0118951
v25654 0.0374632 -0.123598 0.0119419
v25655 0.0372049 -0.123595 0.0120253
v25656 0.0369502 -0.123589 0.0121233
v25657 0.0368229 -0.123586 0.0121726
v25658 0.0613249 -0.125169 0.00457259
v25659 0.0366975 -0.123582 0.0122298
v25660 0.0364442 -0.123576 0.0123341
v25661 0.0361901 -0.12357 0.0124359
v25662 0.0359359 -0.123564 0.0125374
v25663 0.0355547 -0.123554 0.0126906
v25664 0.0354264 -0.123552 0.0127372
v25665 0.0352979 -0.12355 0.0127828
v25666 0.0623629 -0.125168 0.0043158
v25667 0.0350421 -0.123545 0.012879
v25668 0.0347857 -0.12354 0.0129732
v25669 0.0346568 -0.123538 0.0130176
v25670 0.0663713 -0.111937 -0.000270659
v25671 0.0754033 -0.123805 0.00189697
v25672 0.0752636 -0.123809 0.00190488
v25673 0.075125 -0.123813 0.00191557
v25674 0.0748542 -0.123818 0.00195217
v25675 0.0745845 -0.123823 0.00199135
v25676 0.0636767 -0.125158 0.00404121
v25677 0.0638116 -0.125156 0.00402344
v25678 0.0737815 -0.123835 0.00212367
v25679 0.0640778 -0.125152 0.00397795
v25680 0.0735106 -0.12384 0.00215962
v25681 0.0643457 -0.125148 0.00393711
v25682 0.073375 -0.123843 0.00217726
v25683 0.0646165 -0.125142 0.00390392
v25684 0.073239 -0.123846 0.00219368
v25685 0.0648783 -0.125141 0.00384626
v25686 0.0729699 -0.12385 0.00223394
v25687 0.072047 -0.123858 0.00242213
v25688 0.0652738 -0.125137 0.00376742
v25689 0.0717795 -0.123861 0.00246602
v25690 0.0655402 -0.125134 0.00372207
v25691 0.0715082 -0.123867 0.00250057
v25692 0.065805 -0.125131 0.0036724
v25693 0.0712361 -0.123873 0.00253255
v25694 0.0660666 -0.12513 0.00361415
v25695 0.0709666 -0.123878 0.00257145
v25696 0.0663238 -0.12513 0.00354435
v25697 0.0664515 -0.125131 0.00350692
v25698 0.0706917 -0.123885 0.00259613
v25699 0.0704165 -0.123893 0.0026202
v25700 0.0702797 -0.123896 0.00263406
v25701 0.0700064 -0.123903 0.00266264
v25702 0.0697318 -0.12391 0.00268758
v25703 0.0694588 -0.123916 0.00271647
v25704 0.069182 -0.123925 0.00273558
v25705 0.0679717 -0.111911 -0.000537029
v25706 0.0681051 -0.111909 -0.000559206
v25707 0.0682381 -0.111907 -0.000582516
v25708 0.067939 -0.125101 0.00331582
v25709 0.068508 -0.111901 -0.000619068
v25710 0.0687866 -0.11189 -0.000633038
v25711 0.0690692 -0.111876 -0.000637209
v25712 0.0692086 -0.111871 -0.000644321
v25713 0.0694862 -0.11186 -0.000661727
v25714 0.0687341 -0.125093 0.00316745
v25715 0.0654063 -0.123997 0.00324823
v25716 0.0690123 -0.125084 0.00315245
v25717 0.0636676 -0.124025 0.00351848
v25718 0.063401 -0.124029 0.00356217
v25719 0.0622196 -0.124037 0.00380975
v25720 0.0609024 -0.124049 0.00407158
v25721 0.0595354 -0.12402 0.00459667
v25722 0.069819 -0.12507 0.00303335
v25723 0.0578907 -0.123999 0.0051409
v25724 0.0700908 -0.125064 0.00300109
v25725 0.0569983 -0.123991 0.00541709
v25726 0.0703596 -0.12506 0.00296108
v25727 0.0552182 -0.123971 0.00598919
v25728 0.0706307 -0.125054 0.00292677
v25729 0.0544596 -0.12396 0.00625058
v25730 0.0529388 -0.123939 0.00676734
v25731 0.0524398 -0.123927 0.00696625
v25732 0.0521882 -0.123922 0.00705981
v25733 0.0714475 -0.110836 -0.000841667
v25734 0.0713083 -0.110842 -0.000833131
v25735 0.0520656 -0.123918 0.00711672
v25736 0.0710266 -0.110854 -0.000824296
v25737 0.0518119 -0.123914 0.00720363
v25738 0.0707498 -0.110864 -0.000803208
v25739 0.0515611 -0.123909 0.00730017
v25740 0.0704697 -0.110876 -0.000790694
v25741 0.0513051 -0.123906 0.00738039
v25742 0.0701898 -0.110888 -0.000777978
v25743 0.0507996 -0.123897 0.00756203
v25744 0.0697687 -0.111847 -0.000666802
v25745 0.0700473 -0.111836 -0.000682066
v25746 0.0699093 -0.1109 -0.000767014
v25747 0.0703274 -0.111824 -0.000693655
v25748 0.0706071 -0.111813 -0.000706447
v25749 0.070883 -0.111804 -0.000729418
v25750 0.0711566 -0.111796 -0.000757991
v25751 0.0482758 -0.123849 0.00849876
v25752 0.0480241 -0.123843 0.00859619
v25753 0.0696312 -0.11091 -0.000750203
v25754 0.0447098 -0.111339 0.0072122
v25755 0.0449606 -0.111348 0.00710531
v25756 0.0452086 -0.11136 0.00698925
v25757 0.0454604 -0.111369 0.00688656
v25758 0.0486779 -0.111516 0.00539861
v25759 0.0490502 -0.111531 0.00523505
v25760 0.0412257 -0.123761 0.0108231
v25761 0.0400368 -0.123767 0.0110871
v25762 0.0389916 -0.123765 0.0113667
v25763 0.0345369 -0.123667 0.0130999
v25764 0.03428 -0.123662 0.0131929
v25765 0.0340224 -0.123658 0.0132831
v25766 0.0337624 -0.123656 0.0133636
v25767 0.033505 -0.123651 0.0134553
v25768 0.0492975 -0.111541 0.00512346
v25769 0.0495459 -0.111551 0.00501584
v25770 0.0497948 -0.111561 0.00490998
v25771 0.0499201 -0.111565 0.00485995
v25772 0.0500399 -0.111573 0.00479254
v25773 0.0502853 -0.111585 0.0046762
v25774 0.050533 -0.111595 0.00456781
v25775 0.077029 -0.124918 0.00215462
v25776 0.0693531 -0.110921 -0.000733711
v25777 0.0506556 -0.111601 0.00450981
v25778 0.0690797 -0.110929 -0.000705114
v25779 0.0509046 -0.11161 0.00440607
v25780 0.0688055 -0.110938 -0.000678842
v25781 0.0511506 -0.111621 0.00429325
v25782 0.0685326 -0.110946 -0.000649441
v25783 0.078173 -0.124873 0.00214775
v25784 0.0514015 -0.111628 0.00419629
v25785 0.0784572 -0.124863 0.00214103
v25786 0.0516509 -0.111637 0.00409501
v25787 0.0517751 -0.111641 0.0040428
v25788 0.0772375 -0.123873 0.00184798
v25789 0.0769557 -0.123882 0.00185941
v25790 0.0766744 -0.123892 0.00187176
v25791 0.0682637 -0.110951 -0.00060985
v25792 0.0763945 -0.123901 0.0018872
v25793 0.0679982 -0.110954 -0.000561304
v25794 0.0762538 -0.123906 0.00189309
v25795 0.0677273 -0.110961 -0.000526992
v25796 0.0761137 -0.12391 0.00190044
v25797 0.0674582 -0.110967 -0.000488054
v25798 0.0758334 -0.12392 0.00191432
v25799 0.0755546 -0.123928 0.00193191
v25800 0.0737948 -0.123962 0.00217094
v25801 0.0700181 -0.124031 0.00270605
v25802 0.0698828 -0.124033 0.00272378
v25803 0.069608 -0.124041 0.00274838
v25804 0.068234 -0.124078 0.00286784
v25805 0.0680952 -0.124082 0.00287592
v25806 0.0662647 -0.110981 -0.000268131
v25807 0.0567967 -0.111775 0.00217925
v25808 0.0569233 -0.111777 0.00213703
v25809 0.057045 -0.111783 0.00208064
v25810 0.0672383 -0.12412 0.0028593
v25811 0.0669623 -0.124128 0.00287864
v25812 0.0574267 -0.111789 0.00195988
v25813 0.0576799 -0.111793 0.00187609
v25814 0.0579294 -0.1118 0.00178176
v25815 0.065685 -0.124121 0.00324901
v25816 0.0652882 -0.124125 0.00332383
v25817 0.0650225 -0.124128 0.00337045
v25818 0.0647529 -0.124134 0.00340652
v25819 0.0644835 -0.124139 0.00344312
v25820 0.0642199 -0.124141 0.00349519
v25821 0.0640869 -0.124143 0.00351822
v25822 0.0639541 -0.124145 0.00354142
v25823 0.0636833 -0.124151 0.00357374
v25824 0.0634166 -0.124154 0.00361727
v25825 0.0631519 -0.124157 0.00366635
v25826 0.0628907 -0.124159 0.00372501
v25827 0.0626263 -0.124161 0.00377493
v25828 0.0624943 -0.124163 0.00380045
v25829 0.0623631 -0.124164 0.00382808
v25830 0.0620967 -0.124167 0.00387227
v25831 0.0618295 -0.124172 0.00391421
v25832 0.0615639 -0.124175 0.00396036
v25833 0.0611408 -0.111017 0.000811281
v25834 0.0613044 -0.124175 0.0040239
v25835 0.0611753 -0.124175 0.00405737
v25836 0.0610467 -0.124175 0.00409267
v25837 0.0607917 -0.124173 0.00416896
v25838 0.0605402 -0.124169 0.00425556
v25839 0.060291 -0.124164 0.004349
v25840 0.0601704 -0.12416 0.00440719
v25841 0.0599242 -0.124153 0.00450972
v25842 0.0596766 -0.124148 0.00460839
v25843 0.059426 -0.124143 0.0046988
v25844 0.0591739 -0.12414 0.00478477
v25845 0.0589152 -0.124139 0.004852
v25846 0.0348471 -0.124728 0.013235
v25847 0.0587884 -0.124138 0.00489298
v25848 0.0585349 -0.124135 0.00497543
v25849 0.0582828 -0.124131 0.00506195
v25850 0.0580319 -0.124127 0.00515252
v25851 0.0577778 -0.124124 0.00523374
v25852 0.0575258 -0.12412 0.00532157
v25853 0.0572704 -0.124118 0.00539912
v25854 0.0571453 -0.124116 0.00544586
v25855 0.0570166 -0.124115 0.00548195
v25856 0.0567586 -0.124114 0.00555202
v25857 0.0563765 -0.124111 0.00567235
v25858 0.0363855 -0.124755 0.0126756
v25859 0.0562483 -0.12411 0.00570995
v25860 0.0561242 -0.124107 0.00576005
v25861 0.0367684 -0.124762 0.0125308
v25862 0.0558692 -0.124104 0.00583991
v25863 0.037018 -0.124771 0.0124125
v25864 0.0371441 -0.124774 0.0123586
v25865 0.0556137 -0.124102 0.00591823
v25866 0.0374002 -0.124779 0.0122662
v25867 0.0554881 -0.1241 0.00596417
v25868 0.0376532 -0.124785 0.0121621
v25869 0.0553616 -0.124098 0.00600727
v25870 0.0379036 -0.124793 0.0120481
v25871 0.0551109 -0.124093 0.00610086
v25872 0.03816 -0.124797 0.0119581
v25873 0.0548561 -0.12409 0.00618185
v25874 0.038417 -0.1248 0.0118707
v25875 0.0547296 -0.124089 0.00622529
v25876 0.0386714 -0.124806 0.0117735
v25877 0.0546018 -0.124087 0.00626473
v25878 0.038931 -0.124807 0.0116967
v25879 0.0542224 -0.124082 0.0063957
v25880 0.0392024 -0.124801 0.0116651
v25881 0.0539676 -0.124079 0.0064774
v25882 0.0394759 -0.124794 0.0116416
v25883 0.039611 -0.124791 0.0116232
v25884 0.039746 -0.124789 0.0116045
v25885 0.0538394 -0.124078 0.00651584
v25886 0.0400166 -0.124784 0.0115693
v25887 0.0530792 -0.124067 0.00677571
v25888 0.0517009 -0.124038 0.00730654
v25889 0.0595766 -0.111828 0.00124639
v25890 0.0598351 -0.111829 0.00117912
v25891 0.0611183 -0.111839 0.000817867
v25892 0.0612493 -0.111839 0.000789562
v25893 0.0613803 -0.111838 0.000760924
v25894 0.0410961 -0.124764 0.0114167
v25895 0.0616453 -0.111835 0.000712442
v25896 0.0619094 -0.111832 0.000661488
v25897 0.0486684 -0.123983 0.00841073
v25898 0.0480394 -0.12397 0.00865507
v25899 0.0623047 -0.111828 0.000582284
v25900 0.0625696 -0.111825 0.0005336
v25901 0.0628318 -0.111823 0.000477072
v25902 0.0630946 -0.111822 0.000422262
v25903 0.0633609 -0.111817 0.000377313
v25904 0.0636278 -0.111813 0.000333689
v25905 0.0638909 -0.111811 0.000279567
v25906 0.0458891 -0.123927 0.00945913
v25907 0.064023 -0.111809 0.000254084
v25908 0.0641554 -0.111808 0.000229569
v25909 0.0651942 -0.111808 -2.2962e-05
v25910 0.0654545 -0.111807 -8.4406e-05
v25911 0.0657151 -0.111807 -0.000144797
v25912 0.0659826 -0.111802 -0.000187081
v25913 0.0662489 -0.111798 -0.000232632
v25914 0.0665066 -0.111799 -0.000300675
v25915 0.0669031 -0.111795 -0.000376601
v25916 0.0671674 -0.111792 -0.000427516
v25917 0.0580899 -0.11097 0.00177403
v25918 0.067429 -0.111791 -0.000485279
v25919 0.0578377 -0.110964 0.00186117
v25920 0.0577139 -0.11096 0.00191155
v25921 0.0676979 -0.111785 -0.000524023
v25922 0.057468 -0.11095 0.00201751
v25923 0.0678327 -0.111782 -0.000542804
v25924 0.0572166 -0.110944 0.00210786
v25925 0.0407117 -0.123891 0.0109984
v25926 0.0569618 -0.11094 0.0021882
v25927 0.0404461 -0.123893 0.0110516
v25928 0.0567128 -0.110932 0.00228595
v25929 0.0401823 -0.123894 0.0111122
v25930 0.0564609 -0.110926 0.0023752
v25931 0.0399197 -0.123894 0.0111768
v25932 0.0562105 -0.110919 0.00246925
v25933 0.0396555 -0.123896 0.0112355
v25934 0.0393883 -0.123899 0.0112832
v25935 0.0558291 -0.110912 0.00259356
v25936 0.0391306 -0.123896 0.011367
v25937 0.055572 -0.11091 0.00266798
v25938 0.0554442 -0.110908 0.00270772
v25939 0.0553178 -0.110905 0.00275141
v25940 0.0388713 -0.123894 0.0114447
v25941 0.0550619 -0.110902 0.00282973
v25942 0.0386182 -0.123888 0.0115467
v25943 0.0548129 -0.110894 0.00292929
v25944 0.0546875 -0.11089 0.00297638
v25945 0.0545616 -0.110887 0.00302222
v25946 0.0383653 -0.123882 0.0116496
v25947 0.0543089 -0.110881 0.003111
v25948 0.0381098 -0.123877 0.0117431
v25949 0.054055 -0.110876 0.00319634
v25950 0.0377269 -0.12387 0.011885
v25951 0.0375992 -0.123867 0.0119324
v25952 0.0374704 -0.123866 0.0119752
v25953 0.0372149 -0.123861 0.0120696
v25954 0.0534239 -0.110861 0.00342185
v25955 0.0369619 -0.123854 0.0121745
v25956 0.0531741 -0.110853 0.00352046
v25957 0.0367093 -0.123847 0.012281
v25958 0.0529227 -0.110846 0.00361485
v25959 0.0364552 -0.123841 0.012382
v25960 0.0526719 -0.110838 0.00371096
v25961 0.0362027 -0.123834 0.0124901
v25962 0.0524187 -0.110833 0.00379994
v25963 0.0359505 -0.123827 0.0125993
v25964 0.0356986 -0.123819 0.0127108
v25965 0.0355709 -0.123816 0.0127592
v25966 0.0353144 -0.123812 0.0128527
v25967 0.0349301 -0.123805 0.0129948
v25968 0.034161 -0.12379 0.0132793
v25969 0.0715823 -0.111641 -0.000776986
v25970 0.0717207 -0.111636 -0.000787565
v25971 0.0720027 -0.111623 -0.000795969
v25972 0.0725679 -0.111598 -0.000810607
v25973 0.0727095 -0.111591 -0.000813599
v25974 0.0728503 -0.111585 -0.00081874
v25975 0.0729946 -0.111577 -0.000815145
v25976 0.0422061 -0.111097 0.00831274
v25977 0.0457108 -0.111241 0.00677281
v25978 0.0458351 -0.111247 0.00671626
v25979 0.0459603 -0.111251 0.00666289
v25980 0.0769632 -0.124013 0.00189234
v25981 0.0766806 -0.124023 0.00190152
v25982 0.0747346 -0.124081 0.00203812
v25983 0.0463286 -0.111271 0.00647873
v25984 0.0465779 -0.111281 0.00636907
v25985 0.0736756 -0.124091 0.00224361
v25986 0.0734053 -0.124096 0.00228088
v25987 0.073131 -0.124103 0.00230844
v25988 0.072863 -0.124107 0.00235134
v25989 0.0468281 -0.111291 0.00626299
v25990 0.0469537 -0.111295 0.00621174
v25991 0.0470769 -0.111301 0.00615275
v25992 0.071804 -0.124117 0.00255573
v25993 0.0488132 -0.110693 0.00533452
v25994 0.0715329 -0.124123 0.00259061
v25995 0.0485643 -0.110683 0.00544238
v25996 0.0712603 -0.124129 0.00262169
v25997 0.0483224 -0.110668 0.00557363
v25998 0.0709871 -0.124135 0.00265108
v25999 0.0480758 -0.110656 0.00569013
v26000 0.0707141 -0.124142 0.0026808
v26001 0.0478311 -0.110642 0.005813
v26002 0.0704387 -0.124149 0.0027042
v26003 0.0701638 -0.124157 0.00272871
v26004 0.0474603 -0.110625 0.00598598
v26005 0.0698927 -0.124162 0.00276272
v26006 0.0696212 -0.124168 0.0027958
v26007 0.0693478 -0.124175 0.00282385
v26008 0.0690664 -0.124185 0.0028307
v26009 0.0686503 -0.124198 0.00285634
v26010 0.0473256 -0.111312 0.00604231
v26011 0.0475752 -0.111321 0.00593535
v26012 0.0476975 -0.111328 0.00587353
v26013 0.0562494 -0.124979 0.0062074
v26014 0.0479414 -0.111342 0.00574833
v26015 0.048187 -0.111354 0.00562906
v26016 0.0484315 -0.111367 0.00550651
v26017 0.0643682 -0.124265 0.00352652
v26018 0.0627691 -0.124288 0.00379124
v26019 0.0598169 -0.124276 0.00461766
v26020 0.0590596 -0.124265 0.00487279
v26021 0.0581714 -0.124256 0.00515903
v26022 0.0574161 -0.124244 0.00542394
v26023 0.0565224 -0.124236 0.00569784
v26024 0.0557613 -0.124227 0.00594915
v26025 0.0541112 -0.124206 0.00649612
v26026 0.0537278 -0.124202 0.0066152
v26027 0.0534742 -0.124199 0.00670132
v26028 0.0532219 -0.124195 0.00679155
v26029 0.0529701 -0.12419 0.00688341
v26030 0.0526005 -0.124179 0.00704771
v26031 0.0523482 -0.124174 0.00713885
v26032 0.0586561 -0.12501 0.0054046
v26033 0.052098 -0.124169 0.00723706
v26034 0.051843 -0.124166 0.00732002
v26035 0.0515926 -0.12416 0.00741814
v26036 0.0483101 -0.124099 0.00862824
v26037 0.0519031 -0.111507 0.00399381
v26038 0.0522736 -0.111522 0.00383132
v26039 0.052397 -0.111527 0.0037769
v26040 0.0525271 -0.111528 0.00374378
v26041 0.0527795 -0.111534 0.00365298
v26042 0.0530318 -0.11154 0.00356225
v26043 0.0532908 -0.111541 0.00349234
v26044 0.0535497 -0.111543 0.00342228
v26045 0.0602963 -0.125032 0.00484647
v26046 0.0538009 -0.11155 0.00332854
v26047 0.0540498 -0.111558 0.00322821
v26048 0.0606699 -0.125039 0.00470459
v26049 0.054175 -0.111562 0.00318038
v26050 0.0609205 -0.125043 0.00461477
v26051 0.0610473 -0.125045 0.00457434
v26052 0.0611762 -0.125045 0.00453954
v26053 0.0544216 -0.111571 0.0030731
v26054 0.0614331 -0.125046 0.00446807
v26055 0.0546789 -0.111574 0.00299918
v26056 0.0616929 -0.125046 0.00440475
v26057 0.0548067 -0.111576 0.00295943
v26058 0.0619551 -0.125044 0.00434831
v26059 0.0620844 -0.125044 0.00431495
v26060 0.0622152 -0.125043 0.00428587
v26061 0.0556928 -0.111594 0.00265783
v26062 0.0624769 -0.125042 0.00422805
v26063 0.0560681 -0.111604 0.00251599
v26064 0.0627374 -0.125041 0.0041668
v26065 0.0563112 -0.111616 0.00240063
v26066 0.0629975 -0.12504 0.00410477
v26067 0.0565609 -0.111623 0.00230532
v26068 0.0632599 -0.125039 0.00404892
v26069 0.0568047 -0.111634 0.00219268
v26070 0.0569304 -0.111637 0.00214764
v26071 0.0404606 -0.124019 0.0111102
v26072 0.0392717 -0.124025 0.0113753
v26073 0.0384982 -0.124017 0.0116261
v26074 0.0363324 -0.123972 0.0124515
v26075 0.0350669 -0.123938 0.0129842
v26076 0.03481 -0.123933 0.0130762
v26077 0.0345538 -0.123928 0.0131715
v26078 0.0342989 -0.123922 0.0132727
v26079 0.0340411 -0.123919 0.0133622
v26080 0.0337797 -0.123917 0.0134368
v26081 0.0649926 -0.125015 0.00375992
v26082 0.066379 -0.111663 -0.000276168
v26083 0.0785328 -0.124085 0.00188869
v26084 0.0783966 -0.124087 0.00190626
v26085 0.0782593 -0.124091 0.00192095
v26086 0.0679751 -0.11164 -0.000554886
v26087 0.0682438 -0.111635 -0.00059451
v26088 0.0769703 -0.124143 0.00192433
v26089 0.076689 -0.124153 0.00193661
v26090 0.0764096 -0.124161 0.00195324
v26091 0.0761319 -0.124169 0.00197389
v26092 0.0758551 -0.124177 0.0019964
v26093 0.0755738 -0.124187 0.00200795
v26094 0.0752928 -0.124196 0.0020199
v26095 0.0472116 -0.110614 0.00609683
v26096 0.0750152 -0.124204 0.00204004
v26097 0.0469622 -0.110604 0.00620565
v26098 0.0468379 -0.110599 0.00626158
v26099 0.0467129 -0.110594 0.00631528
v26100 0.0685157 -0.111628 -0.000626004
v26101 0.0464645 -0.110583 0.00642808
v26102 0.0687928 -0.111617 -0.000644079
v26103 0.0690701 -0.111607 -0.00066217
v26104 0.0692085 -0.111602 -0.000671773
v26105 0.0681963 -0.124969 0.00323303
v26106 0.0694845 -0.111592 -0.000693166
v26107 0.0708674 -0.124264 0.00272255
v26108 0.0707294 -0.124268 0.0027334
v26109 0.0697649 -0.11158 -0.000703746
v26110 0.0681226 -0.124336 0.00297417
v26111 0.070041 -0.111571 -0.000725363
v26112 0.0703251 -0.111557 -0.000727136
v26113 0.0706083 -0.111543 -0.000731273
v26114 0.0479531 -0.131077 0.0111216
v26115 0.0667238 -0.124386 0.00302317
v26116 0.070886 -0.111533 -0.000749637
v26117 0.071163 -0.111523 -0.00076986
v26118 0.0655816 -0.124375 0.00337679
v26119 0.0653203 -0.124376 0.00343571
v26120 0.0650557 -0.124379 0.00348539
v26121 0.0647846 -0.124385 0.00351746
v26122 0.0645147 -0.124391 0.0035526
v26123 0.0642437 -0.124396 0.00358474
v26124 0.0639756 -0.124401 0.00362452
v26125 0.0637102 -0.124404 0.00367182
v26126 0.0634475 -0.124406 0.00372658
v26127 0.063184 -0.124408 0.00377921
v26128 0.0463412 -0.110576 0.0064878
v26129 0.046217 -0.110571 0.00654472
v26130 0.0630522 -0.12441 0.0038051
v26131 0.0629196 -0.124411 0.00382891
v26132 0.0626523 -0.124415 0.00387084
v26133 0.0623879 -0.124418 0.00392074
v26134 0.0621275 -0.124419 0.0039817
v26135 0.0618682 -0.124419 0.00404619
v26136 0.0617368 -0.12442 0.00407334
v26137 0.0616047 -0.124422 0.00409836
v26138 0.0613407 -0.124424 0.00414932
v26139 0.0610813 -0.124425 0.00421356
v26140 0.0606967 -0.124423 0.00432259
v26141 0.0605734 -0.12442 0.00437274
v26142 0.0604489 -0.124417 0.00441993
v26143 0.0602062 -0.124409 0.00453226
v26144 0.0599616 -0.124402 0.00463954
v26145 0.0735624 -0.124884 0.00240215
v26146 0.0597179 -0.124394 0.00474955
v26147 0.0594637 -0.124391 0.00482959
v26148 0.0593356 -0.124391 0.00486699
v26149 0.0590803 -0.124389 0.00494401
v26150 0.0588215 -0.124388 0.00501083
v26151 0.0743694 -0.12487 0.00228021
v26152 0.0585641 -0.124387 0.00508223
v26153 0.0746437 -0.124864 0.00225239
v26154 0.0583126 -0.124383 0.00517065
v26155 0.0749198 -0.124856 0.00222876
v26156 0.0580639 -0.124378 0.00526789
v26157 0.0751971 -0.124848 0.00220821
v26158 0.0578109 -0.124375 0.00535254
v26159 0.0754727 -0.124841 0.00218299
v26160 0.0575601 -0.12437 0.00544377
v26161 0.0757492 -0.124834 0.00215994
v26162 0.0571852 -0.124363 0.00558522
v26163 0.0760296 -0.124824 0.00214624
v26164 0.0569236 -0.124364 0.00564489
v26165 0.0763117 -0.124815 0.00213656
v26166 0.0566624 -0.124365 0.0057056
v26167 0.0765946 -0.124804 0.00212828
v26168 0.0561532 -0.124359 0.00586735
v26169 0.0559006 -0.124356 0.00595466
v26170 0.0556493 -0.124351 0.00604604
v26171 0.0551456 -0.124343 0.00622598
v26172 0.0550185 -0.124341 0.00626771
v26173 0.0534913 -0.124324 0.00676379
v26174 0.0527398 -0.124308 0.0070526
v26175 0.052118 -0.124292 0.00730911
v26176 0.0721436 -0.111483 -0.000814835
v26177 0.0428347 -0.110984 0.00803664
v26178 0.0430857 -0.110995 0.00792716
v26179 0.0433391 -0.111003 0.00782674
v26180 0.0435897 -0.111013 0.00771666
v26181 0.0438437 -0.11102 0.00761889
v26182 0.0439694 -0.111025 0.00756591
v26183 0.0452117 -0.111083 0.00698739
v26184 0.0454625 -0.111093 0.00688091
v26185 0.0486793 -0.111242 0.00538803
v26186 0.0490514 -0.111257 0.00522338
v26187 0.0493008 -0.111266 0.0051184
v26188 0.0731283 -0.110902 -0.000909867
v26189 0.0495477 -0.111277 0.00500543
v26190 0.0728464 -0.110914 -0.000899905
v26191 0.0727073 -0.11092 -0.000890507
v26192 0.0497949 -0.111288 0.00489434
v26193 0.0724287 -0.11093 -0.000872768
v26194 0.0499178 -0.111294 0.00483636
v26195 0.0721473 -0.110942 -0.000862275
v26196 0.0500406 -0.1113 0.00477822
v26197 0.0718664 -0.110954 -0.000850673
v26198 0.0502885 -0.11131 0.00467
v26199 0.0505357 -0.11132 0.0045597
v26200 0.0506594 -0.111326 0.00450515
v26201 0.0509069 -0.111336 0.00439651
v26202 0.0511524 -0.111347 0.00428174
v26203 0.0513996 -0.111357 0.00417309
v26204 0.0708886 -0.110994 -0.000798792
v26205 0.040213 -0.124146 0.0112352
v26206 0.0399471 -0.124148 0.011288
v26207 0.0396773 -0.124153 0.0113258
v26208 0.0394083 -0.124158 0.0113663
v26209 0.0391512 -0.124154 0.0114526
v26210 0.0388903 -0.124154 0.0115242
v26211 0.0386354 -0.124149 0.0116192
v26212 0.038509 -0.124146 0.0116708
v26213 0.0383818 -0.124143 0.0117195
v26214 0.0379909 -0.124141 0.0118298
v26215 0.0377333 -0.124138 0.0119152
v26216 0.0374811 -0.124131 0.0120224
v26217 0.0372281 -0.124124 0.0121265
v26218 0.0371036 -0.12412 0.0121867
v26219 0.0369777 -0.124116 0.0122413
v26220 0.0367263 -0.124109 0.0123528
v26221 0.0364695 -0.124104 0.012443
v26222 0.0362185 -0.124096 0.0125569
v26223 0.0358415 -0.124084 0.0127269
v26224 0.0355863 -0.124079 0.0128249
v26225 0.0344364 -0.124055 0.0132645
v26226 0.0336594 -0.124046 0.013518
v26227 0.0516539 -0.111363 0.00408708
v26228 0.0517797 -0.111366 0.00403968
v26229 0.0674544 -0.111103 -0.000484741
v26230 0.0519059 -0.111369 0.00399376
v26231 0.033558 -0.124572 0.01368
v26232 0.0555696 -0.111453 0.0027009
v26233 0.0338137 -0.124578 0.0135814
v26234 0.0570539 -0.111507 0.00208582
v26235 0.0340722 -0.124581 0.0134949
v26236 0.0574325 -0.111515 0.00195598
v26237 0.0576879 -0.111518 0.00187833
v26238 0.0344561 -0.124589 0.0133494
v26239 0.0579359 -0.111526 0.00177927
v26240 0.0347128 -0.124593 0.0132561
v26241 0.0348413 -0.124595 0.0132101
v26242 0.0349713 -0.124596 0.0131707
v26243 0.0581935 -0.111528 0.00170832
v26244 0.0352324 -0.124598 0.0130957
v26245 0.0608651 -0.111566 0.000876558
v26246 0.0354885 -0.124602 0.013001
v26247 0.0356165 -0.124605 0.0129533
v26248 0.0357434 -0.124608 0.0129015
v26249 0.0611249 -0.111566 0.000813358
v26250 0.0359954 -0.124615 0.0127906
v26251 0.0612571 -0.111564 0.000787987
v26252 0.0613884 -0.111563 0.000760424
v26253 0.0616534 -0.11156 0.000711454
v26254 0.0619153 -0.111559 0.000654137
v26255 0.0621791 -0.111556 0.000602115
v26256 0.0625747 -0.111553 0.000523692
v26257 0.0728798 -0.124366 0.00242165
v26258 0.072744 -0.124369 0.00243869
v26259 0.0726096 -0.124371 0.00245894
v26260 0.0628395 -0.111549 0.00047405
v26261 0.0631021 -0.111548 0.000418562
v26262 0.0715529 -0.12438 0.00266891
v26263 0.0712792 -0.124387 0.00269717
v26264 0.071143 -0.12439 0.00271308
v26265 0.0710061 -0.124393 0.00272681
v26266 0.0707363 -0.124398 0.00276473
v26267 0.0704596 -0.124406 0.00278486
v26268 0.0382812 -0.124667 0.0118833
v26269 0.0699216 -0.124416 0.00286415
v26270 0.0696433 -0.124425 0.0028798
v26271 0.0693642 -0.124434 0.00289298
v26272 0.0633681 -0.111544 0.000372378
v26273 0.0688251 -0.124444 0.0029684
v26274 0.0685425 -0.124455 0.00297197
v26275 0.0684088 -0.124457 0.00299361
v26276 0.03933 -0.124668 0.0116149
v26277 0.068277 -0.124458 0.00302007
v26278 0.0636319 -0.111541 0.000320349
v26279 0.063895 -0.111539 0.000266132
v26280 0.0641606 -0.111536 0.000218861
v26281 0.0650684 -0.124507 0.0035323
v26282 0.0633299 -0.124534 0.00380397
v26283 0.0620141 -0.124545 0.00407121
v26284 0.0608431 -0.124548 0.00434933
v26285 0.0671888 -0.111107 -0.000436906
v26286 0.0601004 -0.124531 0.00464431
v26287 0.0669241 -0.11111 -0.000386672
v26288 0.0594775 -0.124518 0.00488046
v26289 0.066654 -0.111116 -0.000350878
v26290 0.0585817 -0.124512 0.00514431
v26291 0.0578264 -0.124501 0.00540884
v26292 0.0663916 -0.111118 -0.000294549
v26293 0.0662612 -0.111118 -0.000264465
v26294 0.0661282 -0.11112 -0.000241202
v26295 0.0569415 -0.124488 0.00570842
v26296 0.0560457 -0.124482 0.00597765
v26297 0.0640347 -0.111129 0.000224147
v26298 0.0554138 -0.124473 0.00619533
v26299 0.0637706 -0.111132 0.000275865
v26300 0.0552877 -0.12447 0.00624005
v26301 0.0635067 -0.111134 0.000328024
v26302 0.0550346 -0.124467 0.00632662
v26303 0.0632417 -0.111138 0.000377054
v26304 0.0547806 -0.124464 0.00641058
v26305 0.0629779 -0.11114 0.000429515
v26306 0.053762 -0.124452 0.00674004
v26307 0.052382 -0.124425 0.00726336
v26308 0.0625854 -0.111142 0.000517137
v26309 0.0624539 -0.111143 0.000544434
v26310 0.0623222 -0.111144 0.000571093
v26311 0.0522546 -0.124423 0.00730525
v26312 0.0620581 -0.111147 0.000622777
v26313 0.0521336 -0.124418 0.00736748
v26314 0.0617961 -0.111148 0.000680141
v26315 0.0518813 -0.124413 0.00745941
v26316 0.0615297 -0.111152 0.000725337
v26317 0.0516293 -0.124409 0.00755238
v26318 0.061269 -0.111152 0.000786444
v26319 0.0611387 -0.111153 0.000817207
v26320 0.0610042 -0.111156 0.000835934
v26321 0.0657251 -0.111532 -0.000143709
v26322 0.0607444 -0.111155 0.000899596
v26323 0.0659872 -0.11153 -0.000200408
v26324 0.060485 -0.111155 0.000964316
v26325 0.066251 -0.111528 -0.000252796
v26326 0.0663817 -0.111527 -0.000281932
v26327 0.0592119 -0.111137 0.00135813
v26328 0.0590857 -0.111135 0.00140067
v26329 0.0665144 -0.111526 -0.000306069
v26330 0.0588328 -0.11113 0.0014851
v26331 0.0667776 -0.111523 -0.000359978
v26332 0.0585841 -0.111122 0.00158144
v26333 0.0584574 -0.11112 0.00162318
v26334 0.0583322 -0.111117 0.00166921
v26335 0.0670448 -0.111519 -0.000403203
v26336 0.0580848 -0.111108 0.00176997
v26337 0.0674395 -0.111516 -0.000484153
v26338 0.0578312 -0.111104 0.00185302
v26339 0.0677068 -0.111511 -0.000527414
v26340 0.0678404 -0.111509 -0.000549129
v26341 0.071584 -0.111371 -0.00080093
v26342 0.0717223 -0.111366 -0.000811958
v26343 0.0725701 -0.111327 -0.000833636
v26344 0.0728511 -0.111315 -0.00084531
v26345 0.0729922 -0.111309 -0.000849889
v26346 0.0457113 -0.110966 0.00676178
v26347 0.045836 -0.110972 0.00670621
v26348 0.0459604 -0.110977 0.00665031
v26349 0.0463324 -0.110994 0.00647799
v26350 0.0465802 -0.111006 0.00636316
v26351 0.0468301 -0.111016 0.00625582
v26352 0.046955 -0.11102 0.00620235
v26353 0.0470793 -0.111026 0.00614659
v26354 0.0473285 -0.111036 0.00603787
v26355 0.0398259 -0.124278 0.0113624
v26356 0.0396919 -0.12428 0.0113848
v26357 0.0378693 -0.124271 0.0119032
v26358 0.0353368 -0.124206 0.0129481
v26359 0.0352109 -0.124202 0.013004
v26360 0.0350816 -0.124201 0.0130464
v26361 0.0348223 -0.124198 0.0131291
v26362 0.0345688 -0.124191 0.0132355
v26363 0.0344417 -0.124188 0.0132872
v26364 0.0343142 -0.124185 0.0133375
v26365 0.0340548 -0.124183 0.0134203
v26366 0.0336658 -0.124178 0.0135455
v26367 0.0475763 -0.111047 0.00592439
v26368 0.0476993 -0.111053 0.00586493
v26369 0.047944 -0.111067 0.00574224
v26370 0.0481894 -0.111079 0.00562204
v26371 0.0484322 -0.111094 0.00549392
v26372 0.0522811 -0.111245 0.00383687
v26373 0.0524036 -0.111251 0.00377968
v26374 0.0525329 -0.111252 0.00374382
v26375 0.0527839 -0.111259 0.00364857
v26376 0.0530343 -0.111267 0.0035515
v26377 0.0532936 -0.111268 0.00348223
v26378 0.0782779 -0.12435 0.00199535
v26379 0.0521657 -0.110962 0.00389885
v26380 0.0535528 -0.111269 0.00341302
v26381 0.0538052 -0.111275 0.00332285
v26382 0.0517873 -0.110953 0.00403749
v26383 0.0516618 -0.110949 0.00408559
v26384 0.051536 -0.110945 0.00413303
v26385 0.0540539 -0.111284 0.00322152
v26386 0.0512855 -0.110937 0.00423178
v26387 0.0541789 -0.111288 0.00317299
v26388 0.05104 -0.110926 0.00434667
v26389 0.0767054 -0.124412 0.00200572
v26390 0.0507913 -0.110916 0.00445158
v26391 0.0764257 -0.124421 0.00202181
v26392 0.0505445 -0.110905 0.00456317
v26393 0.0504212 -0.1109 0.00461941
v26394 0.0761478 -0.124429 0.00204178
v26395 0.0501716 -0.110891 0.00472236
v26396 0.0758681 -0.124438 0.00205753
v26397 0.0755888 -0.124447 0.00207377
v26398 0.05496 -0.12484 0.00655771
v26399 0.0753102 -0.124455 0.00209171
v26400 0.0552148 -0.124843 0.00647605
v26401 0.0750353 -0.124462 0.00211818
v26402 0.0554675 -0.124847 0.00638804
v26403 0.0747594 -0.12447 0.00214233
v26404 0.055722 -0.124849 0.006306
v26405 0.0744861 -0.124476 0.00217273
v26406 0.0559762 -0.124852 0.00622299
v26407 0.0561046 -0.124853 0.00618539
v26408 0.0562326 -0.124854 0.00614686
v26409 0.0544258 -0.111297 0.00306671
v26410 0.0546802 -0.111302 0.00298358
v26411 0.0566161 -0.124857 0.0060295
v26412 0.0548067 -0.111305 0.00293982
v26413 0.0568687 -0.124861 0.00594238
v26414 0.0549335 -0.111307 0.00289717
v26415 0.0571223 -0.124864 0.00585849
v26416 0.073025 -0.124492 0.00244211
v26417 0.0573738 -0.124868 0.00576837
v26418 0.0554392 -0.111318 0.00272257
v26419 0.0576278 -0.124871 0.00568603
v26420 0.0577548 -0.124872 0.00564493
v26421 0.0578781 -0.124876 0.00559278
v26422 0.0555704 -0.111317 0.0026934
v26423 0.0581294 -0.12488 0.0055029
v26424 0.0556979 -0.111319 0.00265295
v26425 0.0714219 -0.124514 0.00271168
v26426 0.0585106 -0.124884 0.00538074
v26427 0.0560739 -0.11133 0.00251293
v26428 0.0587685 -0.124884 0.00531057
v26429 0.0692508 -0.12456 0.00298071
v26430 0.0691096 -0.124565 0.00298289
v26431 0.0688375 -0.124571 0.00301404
v26432 0.0592721 -0.124892 0.00513498
v26433 0.056323 -0.111337 0.00241526
v26434 0.056575 -0.111343 0.00232651
v26435 0.0568256 -0.11135 0.00223352
v26436 0.0667571 -0.124636 0.00313729
v26437 0.0664989 -0.124636 0.00320399
v26438 0.0600229 -0.124905 0.00486015
v26439 0.066375 -0.124634 0.00325145
v26440 0.0661239 -0.12463 0.00333761
v26441 0.0658663 -0.12463 0.00340609
v26442 0.065607 -0.12463 0.00347046
v26443 0.0653461 -0.124631 0.00353021
v26444 0.0607765 -0.124917 0.00459494
v26445 0.0650815 -0.124634 0.00358
v26446 0.0648141 -0.124638 0.00362239
v26447 0.064548 -0.124641 0.00366797
v26448 0.0642783 -0.124647 0.00370367
v26449 0.0640085 -0.124652 0.0037392
v26450 0.0637401 -0.124657 0.00377822
v26451 0.063609 -0.124657 0.00380631
v26452 0.0618042 -0.124921 0.00430912
v26453 0.0634767 -0.124659 0.00383111
v26454 0.0632127 -0.124661 0.00388251
v26455 0.0629503 -0.124663 0.00393815
v26456 0.0626853 -0.124666 0.00398651
v26457 0.0624227 -0.124668 0.00404151
v26458 0.0622922 -0.124669 0.00407125
v26459 0.0621621 -0.124669 0.00410203
v26460 0.0617713 -0.12467 0.00419361
v26461 0.0629811 -0.124915 0.00404729
v26462 0.0631108 -0.124915 0.00401535
v26463 0.0615073 -0.124673 0.00424475
v26464 0.0612463 -0.124674 0.00430419
v26465 0.0611167 -0.124674 0.00433667
v26466 0.0609882 -0.124673 0.00437232
v26467 0.0607323 -0.124672 0.00444654
v26468 0.0604874 -0.124665 0.0045524
v26469 0.0603649 -0.124661 0.00460538
v26470 0.0602419 -0.124658 0.00465704
v26471 0.0599927 -0.124653 0.004751
v26472 0.0596187 -0.124646 0.00489222
v26473 0.0593648 -0.124643 0.00497321
v26474 0.0647132 -0.124891 0.0037574
v26475 0.0591124 -0.12464 0.00505894
v26476 0.0583451 -0.124634 0.00528744
v26477 0.0580948 -0.12463 0.00537973
v26478 0.0574659 -0.12462 0.005603
v26479 0.0572179 -0.124614 0.00570322
v26480 0.0655079 -0.124882 0.00360997
v26481 0.0570634 -0.111365 0.00210345
v26482 0.0657696 -0.124881 0.0035522
v26483 0.0554316 -0.124597 0.00625924
v26484 0.054672 -0.124587 0.00651843
v26485 0.051773 -0.124536 0.00757091
v26486 0.0624457 -0.111417 0.000545656
v26487 0.0678446 -0.111372 -0.000551628
v26488 0.0665386 -0.124884 0.00333551
v26489 0.0679815 -0.111368 -0.000564687
v26490 0.049925 -0.11088 0.00483549
v26491 0.0498015 -0.110874 0.00489131
v26492 0.0496791 -0.110868 0.00495114
v26493 0.0682496 -0.111363 -0.00060612
v26494 0.049431 -0.110858 0.00505995
v26495 0.0685208 -0.111356 -0.00063948
v26496 0.0491827 -0.110847 0.00516884
v26497 0.0687949 -0.111347 -0.000665599
v26498 0.068933 -0.111343 -0.00067614
v26499 0.0692069 -0.111334 -0.000702884
v26500 0.0681854 -0.12484 0.00319121
v26501 0.0694824 -0.111325 -0.00072581
v26502 0.0684502 -0.124838 0.00314118
v26503 0.0697615 -0.111314 -0.000739825
v26504 0.0687116 -0.124836 0.00308244
v26505 0.0700365 -0.111305 -0.000764459
v26506 0.068995 -0.124825 0.00308089
v26507 0.0706061 -0.111276 -0.000764491
v26508 0.0692712 -0.124817 0.00306031
v26509 0.0708882 -0.111263 -0.000771918
v26510 0.0695347 -0.124815 0.00300659
v26511 0.0711654 -0.111253 -0.000791885
v26512 0.0698053 -0.12481 0.00297122
v26513 0.0715845 -0.111236 -0.000813845
v26514 0.0430931 -0.110713 0.0079427
v26515 0.040242 -0.124399 0.0113522
v26516 0.0703412 -0.124801 0.00288676
v26517 0.0401082 -0.124401 0.0113756
v26518 0.0706138 -0.124795 0.00285616
v26519 0.0399765 -0.124401 0.0114066
v26520 0.0708882 -0.124788 0.00283006
v26521 0.0397055 -0.124407 0.01144
v26522 0.0711607 -0.124782 0.00279907
v26523 0.0394376 -0.124411 0.0114851
v26524 0.0714304 -0.124777 0.00276101
v26525 0.0391722 -0.124413 0.0115396
v26526 0.0389048 -0.124416 0.0115864
v26527 0.0387761 -0.124415 0.011629
v26528 0.0488095 -0.110832 0.00533023
v26529 0.0386488 -0.124412 0.011677
v26530 0.0382688 -0.124403 0.0118291
v26531 0.0380094 -0.124401 0.0119076
v26532 0.0377532 -0.124397 0.0119985
v26533 0.0375002 -0.124391 0.0121022
v26534 0.0372427 -0.124387 0.0121891
v26535 0.036993 -0.124379 0.0123066
v26536 0.0367441 -0.124369 0.012428
v26537 0.036615 -0.124368 0.0124701
v26538 0.0364864 -0.124366 0.0125146
v26539 0.036108 -0.124355 0.0126779
v26540 0.0337996 -0.124314 0.0135215
v26541 0.0433459 -0.110722 0.00783999
v26542 0.0434725 -0.110726 0.00778935
v26543 0.043599 -0.11073 0.0077384
v26544 0.0452211 -0.110801 0.00700731
v26545 0.0457195 -0.110823 0.00678335
v26546 0.045844 -0.110828 0.00672722
v26547 0.0463376 -0.110853 0.00648896
v26548 0.0785611 -0.124473 0.0020015
v26549 0.0749069 -0.124595 0.00216829
v26550 0.0747688 -0.124599 0.00217993
v26551 0.0696646 -0.124682 0.00296149
v26552 0.0640232 -0.124778 0.0037917
v26553 0.062573 -0.124791 0.00407878
v26554 0.0754654 -0.124711 0.00215068
v26555 0.0613947 -0.124798 0.00433655
v26556 0.0597589 -0.124774 0.00490093
v26557 0.0590031 -0.124763 0.00516177
v26558 0.0567203 -0.124736 0.00590962
v26559 0.0559554 -0.124729 0.00615005
v26560 0.0550664 -0.124718 0.00644286
v26561 0.0521662 -0.124669 0.0074885
v26562 0.057322 -0.111231 0.0020241
v26563 0.0577 -0.11124 0.00189238
v26564 0.0675844 -0.111238 -0.00050302
v26565 0.0381473 -0.124533 0.011903
v26566 0.0373848 -0.124516 0.0122007
v26567 0.0339356 -0.124448 0.0135067
